timestamp,open,high,low,close,volume
2010-01-04 00:00:00+00:00,56.41999816894531,56.939998626708984,56.40999984741211,56.72999954223633,18556900
2010-01-05 00:00:00+00:00,56.869998931884766,57.099998474121094,56.5099983215332,56.779998779296875,14352800
2010-01-06 00:00:00+00:00,56.68000030517578,57.09000015258789,56.66999816894531,57.02000045776367,11888100
2010-01-07 00:00:00+00:00,56.63999938964844,56.84000015258789,56.369998931884766,56.79999923706055,10906600
2010-01-08 00:00:00+00:00,56.900001525878906,57.310001373291016,56.7400016784668,57.25,12826500
2010-01-11 00:00:00+00:00,57.83000183105469,57.86000061035156,57.470001220703125,57.720001220703125,12387500
2010-01-12 00:00:00+00:00,57.11000061035156,57.380001068115234,56.599998474121094,57.040000915527344,19029700
2010-01-13 00:00:00+00:00,57.279998779296875,57.70000076293945,56.939998626708984,57.52000045776367,15446600
2010-01-14 00:00:00+00:00,57.5,58.0,57.5,57.959999084472656,13362600
2010-01-15 00:00:00+00:00,57.5099983215332,57.61000061035156,56.779998779296875,57.04999923706055,19281700
2010-01-19 00:00:00+00:00,56.880001068115234,57.68000030517578,56.84000015258789,57.61000061035156,17507700
2010-01-20 00:00:00+00:00,56.369998931884766,56.400001525878906,55.619998931884766,56.13999938964844,24510100
2010-01-21 00:00:00+00:00,56.040000915527344,56.18000030517578,54.58000183105469,54.939998626708984,22979100
2010-01-22 00:00:00+00:00,54.70000076293945,55.04999923706055,53.790000915527344,53.869998931884766,27432500
2010-01-25 00:00:00+00:00,54.86000061035156,54.97999954223633,54.38999938964844,54.529998779296875,20242700
2010-01-26 00:00:00+00:00,54.04999923706055,54.68000030517578,53.90999984741211,54.220001220703125,22135300
2010-01-27 00:00:00+00:00,53.880001068115234,54.209999084472656,53.380001068115234,54.15999984741211,27156000
2010-01-28 00:00:00+00:00,54.189998626708984,54.20000076293945,52.849998474121094,53.25,26142600
2010-01-29 00:00:00+00:00,53.31999969482422,53.630001068115234,52.33000183105469,52.47999954223633,28917200
2010-02-01 00:00:00+00:00,53.20000076293945,53.52000045776367,52.47999954223633,53.439998626708984,23123800
2010-02-02 00:00:00+00:00,53.81999969482422,54.459999084472656,53.650001525878906,54.33000183105469,19720200
2010-02-03 00:00:00+00:00,53.97999954223633,54.20000076293945,53.47999954223633,53.7599983215332,20225900
2010-02-04 00:00:00+00:00,52.7400016784668,52.79999923706055,51.540000915527344,51.56999969482422,32202200
2010-02-05 00:00:00+00:00,51.290000915527344,51.47999954223633,49.939998626708984,51.47999954223633,43046100
2010-02-08 00:00:00+00:00,50.970001220703125,51.45000076293945,50.45000076293945,50.459999084472656,19238000
2010-02-09 00:00:00+00:00,51.59000015258789,52.52000045776367,51.09000015258789,52.04999923706055,30811800
2010-02-10 00:00:00+00:00,51.77000045776367,51.95000076293945,51.209999084472656,51.720001220703125,23502500
2010-02-11 00:00:00+00:00,51.540000915527344,52.290000915527344,51.150001525878906,52.20000076293945,19397300
2010-02-12 00:00:00+00:00,51.29999923706055,51.849998474121094,51.04999923706055,51.75,18994900
2010-02-16 00:00:00+00:00,51.9900016784668,53.0099983215332,51.810001373291016,52.900001525878906,19592800
2010-02-17 00:00:00+00:00,53.13999938964844,53.27000045776367,52.75,52.970001220703125,19682000
2010-02-18 00:00:00+00:00,52.810001373291016,53.349998474121094,52.810001373291016,53.27000045776367,13747600
2010-02-19 00:00:00+00:00,52.529998779296875,53.06999969482422,52.380001068115234,52.939998626708984,16069000
2010-02-22 00:00:00+00:00,53.22999954223633,53.310001373291016,52.90999984741211,53.040000915527344,14422100
2010-02-23 00:00:00+00:00,52.79999923706055,53.040000915527344,52.119998931884766,52.290000915527344,18038800
2010-02-24 00:00:00+00:00,52.369998931884766,52.93000030517578,52.22999954223633,52.619998931884766,15789800
2010-02-25 00:00:00+00:00,51.58000183105469,52.310001373291016,51.470001220703125,52.29999923706055,18544400
2010-02-26 00:00:00+00:00,52.189998626708984,52.849998474121094,51.90999984741211,52.619998931884766,19714200
2010-03-01 00:00:00+00:00,52.7400016784668,53.130001068115234,52.599998474121094,53.029998779296875,14774400
2010-03-02 00:00:00+00:00,53.38999938964844,53.790000915527344,53.16999816894531,53.43000030517578,14135700
2010-03-03 00:00:00+00:00,53.90999984741211,54.40999984741211,53.83000183105469,54.06999969482422,15292400
2010-03-04 00:00:00+00:00,54.130001068115234,54.22999954223633,53.619998931884766,53.93000030517578,12645600
2010-03-05 00:00:00+00:00,54.310001373291016,55.060001373291016,54.209999084472656,54.97999954223633,18656300
2010-03-08 00:00:00+00:00,55.060001373291016,55.209999084472656,54.810001373291016,54.97999954223633,11336100
2010-03-09 00:00:00+00:00,54.470001220703125,55.11000061035156,54.45000076293945,54.849998474121094,15356500
2010-03-10 00:00:00+00:00,54.849998474121094,55.34000015258789,54.779998779296875,55.08000183105469,13641100
2010-03-11 00:00:00+00:00,55.04999923706055,55.349998474121094,54.810001373291016,55.290000915527344,13015300
2010-03-12 00:00:00+00:00,55.72999954223633,55.75,55.369998931884766,55.65999984741211,11743300
2010-03-15 00:00:00+00:00,55.20000076293945,55.34000015258789,54.849998474121094,55.27000045776367,10182300
2010-03-16 00:00:00+00:00,55.459999084472656,56.029998779296875,55.31999969482422,55.970001220703125,15718300
2010-03-17 00:00:00+00:00,56.18000030517578,56.5099983215332,56.11000061035156,56.27000045776367,17400500
2010-03-18 00:00:00+00:00,56.08000183105469,56.189998626708984,55.58000183105469,55.939998626708984,15899600
2010-03-19 00:00:00+00:00,55.369998931884766,55.90999984741211,55.11000061035156,55.369998931884766,17819700
2010-03-22 00:00:00+00:00,54.63999938964844,55.599998474121094,54.599998474121094,55.529998779296875,17473800
2010-03-23 00:00:00+00:00,55.560001373291016,56.0099983215332,55.349998474121094,55.91999816894531,15533000
2010-03-24 00:00:00+00:00,55.0,55.209999084472656,54.7599983215332,55.0,18234000
2010-03-25 00:00:00+00:00,55.45000076293945,55.65999984741211,54.900001525878906,54.970001220703125,18633000
2010-03-26 00:00:00+00:00,55.33000183105469,55.720001220703125,55.15999984741211,55.5099983215332,23466200
2010-03-29 00:00:00+00:00,55.779998779296875,56.040000915527344,55.68000030517578,55.97999954223633,13605700
2010-03-30 00:00:00+00:00,56.15999984741211,56.310001373291016,55.720001220703125,55.97999954223633,16768000
2010-03-31 00:00:00+00:00,55.77000045776367,56.18000030517578,55.63999938964844,55.97999954223633,22702600
2010-04-01 00:00:00+00:00,56.54999923706055,56.9900016784668,56.52000045776367,56.970001220703125,20493900
2010-04-05 00:00:00+00:00,56.939998626708984,57.20000076293945,56.75,57.029998779296875,14434000
2010-04-06 00:00:00+00:00,56.439998626708984,56.95000076293945,56.380001068115234,56.869998931884766,15025700
2010-04-07 00:00:00+00:00,56.560001373291016,56.68000030517578,56.2599983215332,56.470001220703125,19574500
2010-04-08 00:00:00+00:00,55.86000061035156,56.459999084472656,55.7400016784668,56.40999984741211,13853000
2010-04-09 00:00:00+00:00,56.58000183105469,57.220001220703125,56.560001373291016,57.150001525878906,17131200
2010-04-12 00:00:00+00:00,57.34000015258789,57.5,57.209999084472656,57.33000183105469,11992200
2010-04-13 00:00:00+00:00,57.38999938964844,57.439998626708984,56.849998474121094,57.279998779296875,9094000
2010-04-14 00:00:00+00:00,57.689998626708984,58.08000183105469,57.52000045776367,58.040000915527344,20763800
2010-04-15 00:00:00+00:00,57.689998626708984,58.09000015258789,57.63999938964844,58.0,13534200
2010-04-16 00:00:00+00:00,57.47999954223633,57.709999084472656,56.43000030517578,56.720001220703125,30341100
2010-04-19 00:00:00+00:00,56.08000183105469,56.61000061035156,55.88999938964844,56.56999969482422,19657000
2010-04-20 00:00:00+00:00,57.0,57.08000183105469,56.779998779296875,56.91999816894531,14039800
2010-04-21 00:00:00+00:00,56.689998626708984,56.790000915527344,56.2599983215332,56.54999923706055,15597400
2010-04-22 00:00:00+00:00,55.68000030517578,56.13999938964844,55.31999969482422,56.040000915527344,22128200
2010-04-23 00:00:00+00:00,55.810001373291016,56.4900016784668,55.630001068115234,56.459999084472656,18250100
2010-04-26 00:00:00+00:00,56.619998931884766,56.75,56.400001525878906,56.52000045776367,19670500
2010-04-27 00:00:00+00:00,55.70000076293945,56.08000183105469,54.119998931884766,54.25,39699100
2010-04-28 00:00:00+00:00,54.689998626708984,54.790000915527344,53.68000030517578,54.2599983215332,32895300
2010-04-29 00:00:00+00:00,54.849998474121094,55.22999954223633,54.709999084472656,55.099998474121094,21405900
2010-04-30 00:00:00+00:00,55.119998931884766,55.18000030517578,54.27000045776367,54.40999984741211,24817100
2010-05-03 00:00:00+00:00,54.5099983215332,54.9900016784668,54.40999984741211,54.79999923706055,22046300
2010-05-04 00:00:00+00:00,53.38999938964844,53.41999816894531,52.40999984741211,52.630001068115234,42932500
2010-05-05 00:00:00+00:00,51.45000076293945,52.2400016784668,51.34000015258789,51.619998931884766,40791300
2010-05-06 00:00:00+00:00,51.279998779296875,51.599998474121094,47.2599983215332,49.31999969482422,64526400
2010-05-07 00:00:00+00:00,49.810001373291016,50.310001373291016,48.29999923706055,49.209999084472656,66179200
2010-05-10 00:00:00+00:00,52.45000076293945,52.849998474121094,51.95000076293945,52.400001525878906,63301700
2010-05-11 00:00:00+00:00,51.209999084472656,52.36000061035156,51.15999984741211,51.54999923706055,42343600
2010-05-12 00:00:00+00:00,51.9900016784668,52.439998626708984,51.900001525878906,52.130001068115234,27785600
2010-05-13 00:00:00+00:00,51.7599983215332,52.119998931884766,51.31999969482422,51.45000076293945,29675400
2010-05-14 00:00:00+00:00,50.81999969482422,50.91999816894531,49.54999923706055,49.9900016784668,40366200
2010-05-17 00:00:00+00:00,50.16999816894531,50.400001525878906,48.900001525878906,50.060001373291016,33131000
2010-05-18 00:00:00+00:00,50.540000915527344,50.630001068115234,48.72999954223633,48.97999954223633,39152500
2010-05-19 00:00:00+00:00,48.880001068115234,49.34000015258789,48.349998474121094,49.16999816894531,41441600
2010-05-20 00:00:00+00:00,47.709999084472656,48.27000045776367,46.970001220703125,47.459999084472656,50013100
2010-05-21 00:00:00+00:00,47.02000045776367,48.68000030517578,46.90999984741211,48.619998931884766,52184600
2010-05-24 00:00:00+00:00,47.939998626708984,48.31999969482422,47.470001220703125,47.5,26489400
2010-05-25 00:00:00+00:00,46.09000015258789,47.38999938964844,45.849998474121094,47.31999969482422,53441800
2010-05-26 00:00:00+00:00,47.369998931884766,47.779998779296875,46.5099983215332,46.619998931884766,42125600
2010-05-27 00:00:00+00:00,48.29999923706055,49.29999923706055,48.0099983215332,49.27000045776367,33506900
2010-05-28 00:00:00+00:00,49.029998779296875,49.150001525878906,48.11000061035156,48.31999969482422,39482100
2010-06-01 00:00:00+00:00,47.88999938964844,49.02000045776367,47.79999923706055,47.84000015258789,34753600
2010-06-02 00:00:00+00:00,48.060001373291016,49.150001525878906,47.790000915527344,49.119998931884766,25336300
2010-06-03 00:00:00+00:00,49.369998931884766,49.459999084472656,48.52000045776367,48.970001220703125,27019600
2010-06-04 00:00:00+00:00,47.7599983215332,48.02000045776367,46.650001525878906,46.880001068115234,36685200
2010-06-07 00:00:00+00:00,47.06999969482422,47.29999923706055,46.279998779296875,46.290000915527344,24384100
2010-06-08 00:00:00+00:00,46.54999923706055,47.09000015258789,46.130001068115234,47.029998779296875,33911600
2010-06-09 00:00:00+00:00,47.34000015258789,47.83000183105469,46.630001068115234,46.86000061035156,30395500
2010-06-10 00:00:00+00:00,48.2400016784668,48.880001068115234,48.08000183105469,48.84000015258789,30506000
2010-06-11 00:00:00+00:00,48.290000915527344,48.93000030517578,48.20000076293945,48.90999984741211,22459100
2010-06-14 00:00:00+00:00,49.630001068115234,49.93000030517578,49.130001068115234,49.220001220703125,29477200
2010-06-15 00:00:00+00:00,50.0,50.810001373291016,49.81999969482422,50.779998779296875,28365100
2010-06-16 00:00:00+00:00,50.150001525878906,50.7400016784668,50.040000915527344,50.540000915527344,21785900
2010-06-17 00:00:00+00:00,50.779998779296875,50.79999923706055,50.20000076293945,50.70000076293945,23402900
2010-06-18 00:00:00+00:00,50.630001068115234,50.849998474121094,50.45000076293945,50.61000061035156,20182700
2010-06-21 00:00:00+00:00,51.38999938964844,51.4900016784668,50.400001525878906,50.599998474121094,26081200
2010-06-22 00:00:00+00:00,50.720001220703125,50.93000030517578,49.869998931884766,49.959999084472656,29123900
2010-06-23 00:00:00+00:00,49.459999084472656,49.779998779296875,48.83000183105469,49.43000030517578,31159100
2010-06-24 00:00:00+00:00,49.099998474121094,49.16999816894531,48.43000030517578,48.56999969482422,24218700
2010-06-25 00:00:00+00:00,48.540000915527344,48.9900016784668,48.16999816894531,48.849998474121094,31883900
2010-06-28 00:00:00+00:00,48.75,49.11000061035156,48.380001068115234,48.4900016784668,23915000
2010-06-29 00:00:00+00:00,47.599998474121094,47.599998474121094,46.66999816894531,46.83000183105469,39759300
2010-06-30 00:00:00+00:00,46.900001525878906,47.380001068115234,46.47999954223633,46.5099983215332,40112000
2010-07-01 00:00:00+00:00,47.099998474121094,47.2599983215332,46.45000076293945,47.189998626708984,43453600
2010-07-02 00:00:00+00:00,47.470001220703125,47.65999984741211,46.77000045776367,47.09000015258789,24580500
2010-07-06 00:00:00+00:00,48.43000030517578,48.790000915527344,47.709999084472656,48.029998779296875,26225800
2010-07-07 00:00:00+00:00,48.31999969482422,49.59000015258789,48.27000045776367,49.529998779296875,31096500
2010-07-08 00:00:00+00:00,49.70000076293945,50.02000045776367,49.33000183105469,50.0099983215332,30704400
2010-07-09 00:00:00+00:00,49.560001373291016,50.08000183105469,49.47999954223633,50.060001373291016,19807000
2010-07-12 00:00:00+00:00,49.650001525878906,49.9900016784668,49.5099983215332,49.869998931884766,19512900
2010-07-13 00:00:00+00:00,50.5099983215332,50.90999984741211,50.40999984741211,50.790000915527344,21027200
2010-07-14 00:00:00+00:00,50.56999969482422,51.02000045776367,50.43000030517578,50.970001220703125,17036100
2010-07-15 00:00:00+00:00,51.08000183105469,51.310001373291016,50.41999816894531,51.220001220703125,21741000
2010-07-16 00:00:00+00:00,50.61000061035156,50.619998931884766,49.5099983215332,49.58000183105469,29092500
2010-07-19 00:00:00+00:00,49.9900016784668,50.15999984741211,49.47999954223633,49.900001525878906,15344100
2010-07-20 00:00:00+00:00,49.13999938964844,50.310001373291016,49.119998931884766,50.2400016784668,17648600
2010-07-21 00:00:00+00:00,50.220001220703125,50.25,49.16999816894531,49.33000183105469,18248500
2010-07-22 00:00:00+00:00,50.52000045776367,51.16999816894531,50.52000045776367,50.9900016784668,25412400
2010-07-23 00:00:00+00:00,50.90999984741211,51.599998474121094,50.7400016784668,51.59000015258789,26349100
2010-07-26 00:00:00+00:00,51.310001373291016,51.970001220703125,51.189998626708984,51.95000076293945,29416900
2010-07-27 00:00:00+00:00,52.25,52.29999923706055,51.709999084472656,52.099998474121094,31043800
2010-07-28 00:00:00+00:00,51.959999084472656,52.119998931884766,51.66999816894531,51.83000183105469,18472800
2010-07-29 00:00:00+00:00,52.58000183105469,52.810001373291016,51.61000061035156,52.06999969482422,20313700
2010-07-30 00:00:00+00:00,51.459999084472656,52.25,51.400001525878906,51.90999984741211,25265700
2010-08-02 00:00:00+00:00,53.09000015258789,53.75,52.959999084472656,53.65999984741211,20257000
2010-08-03 00:00:00+00:00,53.41999816894531,53.7599983215332,53.15999984741211,53.58000183105469,18383000
2010-08-04 00:00:00+00:00,53.5099983215332,53.77000045776367,53.220001220703125,53.630001068115234,15891400
2010-08-05 00:00:00+00:00,53.43000030517578,53.59000015258789,53.150001525878906,53.59000015258789,13158500
2010-08-06 00:00:00+00:00,53.27000045776367,53.79999923706055,53.09000015258789,53.75,18078700
2010-08-09 00:00:00+00:00,53.88999938964844,53.95000076293945,53.68000030517578,53.810001373291016,13579600
2010-08-10 00:00:00+00:00,52.880001068115234,53.630001068115234,52.58000183105469,53.380001068115234,20251800
2010-08-11 00:00:00+00:00,51.70000076293945,51.709999084472656,50.869998931884766,50.95000076293945,40518300
2010-08-12 00:00:00+00:00,50.5099983215332,51.04999923706055,50.5,50.88999938964844,22039000
2010-08-13 00:00:00+00:00,50.869998931884766,51.16999816894531,50.689998626708984,50.709999084472656,18869200
2010-08-16 00:00:00+00:00,50.720001220703125,51.310001373291016,50.58000183105469,51.119998931884766,16634800
2010-08-17 00:00:00+00:00,51.689998626708984,51.97999954223633,51.400001525878906,51.689998626708984,13630600
2010-08-18 00:00:00+00:00,51.83000183105469,52.02000045776367,51.459999084472656,51.66999816894531,14140600
2010-08-19 00:00:00+00:00,51.70000076293945,51.84000015258789,50.599998474121094,50.84000015258789,20836400
2010-08-20 00:00:00+00:00,50.29999923706055,50.41999816894531,50.0,50.310001373291016,16366900
2010-08-23 00:00:00+00:00,50.560001373291016,50.88999938964844,50.20000076293945,50.209999084472656,13331200
2010-08-24 00:00:00+00:00,49.529998779296875,49.86000061035156,49.15999984741211,49.52000045776367,21659600
2010-08-25 00:00:00+00:00,49.08000183105469,49.66999816894531,48.81999969482422,49.56999969482422,18816000
2010-08-26 00:00:00+00:00,49.849998474121094,50.13999938964844,49.400001525878906,49.54999923706055,16038800
2010-08-27 00:00:00+00:00,50.130001068115234,50.58000183105469,49.47999954223633,50.52000045776367,16814200
2010-08-30 00:00:00+00:00,50.189998626708984,50.400001525878906,49.779998779296875,49.790000915527344,17372300
2010-08-31 00:00:00+00:00,49.7400016784668,50.27000045776367,49.540000915527344,49.939998626708984,24164600
2010-09-01 00:00:00+00:00,51.15999984741211,51.900001525878906,51.060001373291016,51.720001220703125,25500500
2010-09-02 00:00:00+00:00,51.70000076293945,52.0099983215332,51.540000915527344,52.0099983215332,14665200
2010-09-03 00:00:00+00:00,52.43000030517578,52.650001525878906,52.150001525878906,52.4900016784668,16061700
2010-09-07 00:00:00+00:00,52.099998474121094,52.13999938964844,51.72999954223633,51.7599983215332,17975300
2010-09-08 00:00:00+00:00,52.11000061035156,52.540000915527344,52.08000183105469,52.15999984741211,13422600
2010-09-09 00:00:00+00:00,53.0,53.0,52.400001525878906,52.650001525878906,14184700
2010-09-10 00:00:00+00:00,52.66999816894531,52.86000061035156,52.599998474121094,52.810001373291016,10187700
2010-09-13 00:00:00+00:00,53.540000915527344,53.810001373291016,53.459999084472656,53.77000045776367,23197400
2010-09-14 00:00:00+00:00,53.58000183105469,54.34000015258789,53.41999816894531,54.130001068115234,20933000
2010-09-15 00:00:00+00:00,53.779998779296875,54.209999084472656,53.540000915527344,54.150001525878906,19914900
2010-09-16 00:00:00+00:00,53.7599983215332,54.029998779296875,53.61000061035156,53.88999938964844,18005000
2010-09-17 00:00:00+00:00,53.880001068115234,53.97999954223633,53.33000183105469,53.630001068115234,18965300
2010-09-20 00:00:00+00:00,53.90999984741211,54.65999984741211,53.77000045776367,54.560001373291016,17245100
2010-09-21 00:00:00+00:00,54.56999969482422,54.97999954223633,54.04999923706055,54.54999923706055,24148000
2010-09-22 00:00:00+00:00,54.720001220703125,55.0099983215332,54.31999969482422,54.470001220703125,21603200
2010-09-23 00:00:00+00:00,53.86000061035156,54.40999984741211,53.7599983215332,53.880001068115234,20424200
2010-09-24 00:00:00+00:00,54.93000030517578,55.47999954223633,54.88999938964844,55.380001068115234,21041700
2010-09-27 00:00:00+00:00,55.36000061035156,55.40999984741211,55.04999923706055,55.099998474121094,13161000
2010-09-28 00:00:00+00:00,55.220001220703125,55.54999923706055,54.63999938964844,55.41999816894531,30726600
2010-09-29 00:00:00+00:00,55.43000030517578,55.619998931884766,55.150001525878906,55.33000183105469,18717500
2010-09-30 00:00:00+00:00,55.61000061035156,55.810001373291016,54.630001068115234,54.91999816894531,30372500
2010-10-01 00:00:00+00:00,55.47999954223633,55.59000015258789,55.02000045776367,55.470001220703125,15814900
2010-10-04 00:00:00+00:00,54.9900016784668,55.209999084472656,54.459999084472656,54.66999816894531,14760400
2010-10-05 00:00:00+00:00,55.650001525878906,56.380001068115234,55.540000915527344,56.220001220703125,25199800
2010-10-06 00:00:00+00:00,56.470001220703125,56.709999084472656,56.349998474121094,56.689998626708984,24251900
2010-10-07 00:00:00+00:00,57.11000061035156,57.119998931884766,56.20000076293945,56.5,22281600
2010-10-08 00:00:00+00:00,56.619998931884766,56.970001220703125,56.43000030517578,56.869998931884766,16558500
2010-10-11 00:00:00+00:00,56.970001220703125,57.029998779296875,56.599998474121094,56.79999923706055,9960700
2010-10-12 00:00:00+00:00,56.36000061035156,56.83000183105469,55.95000076293945,56.68000030517578,13383900
2010-10-13 00:00:00+00:00,57.209999084472656,57.619998931884766,57.08000183105469,57.31999969482422,15517400
2010-10-14 00:00:00+00:00,57.72999954223633,57.93000030517578,57.380001068115234,57.720001220703125,16135400
2010-10-15 00:00:00+00:00,57.88999938964844,57.93000030517578,57.119998931884766,57.529998779296875,20830900
2010-10-18 00:00:00+00:00,57.41999816894531,57.90999984741211,57.25,57.65999984741211,12315200
2010-10-19 00:00:00+00:00,56.650001525878906,57.0099983215332,56.11000061035156,56.38999938964844,20471000
2010-10-20 00:00:00+00:00,56.72999954223633,57.66999816894531,56.689998626708984,57.45000076293945,15578900
2010-10-21 00:00:00+00:00,57.5,57.869998931884766,56.810001373291016,57.13999938964844,14836300
2010-10-22 00:00:00+00:00,57.40999984741211,57.5,57.119998931884766,57.290000915527344,12456000
2010-10-25 00:00:00+00:00,57.88999938964844,58.099998474121094,57.47999954223633,57.5099983215332,13979000
2010-10-26 00:00:00+00:00,56.88999938964844,57.20000076293945,56.75,57.13999938964844,14724600
2010-10-27 00:00:00+00:00,56.630001068115234,56.77000045776367,56.06999969482422,56.59000015258789,15964500
2010-10-28 00:00:00+00:00,57.18000030517578,57.20000076293945,56.720001220703125,57.029998779296875,15896800
2010-10-29 00:00:00+00:00,56.939998626708984,57.13999938964844,56.77000045776367,57.0099983215332,13268100
2010-11-01 00:00:00+00:00,57.099998474121094,57.29999923706055,56.5,56.79999923706055,14155000
2010-11-02 00:00:00+00:00,57.68000030517578,57.849998474121094,57.529998779296875,57.7400016784668,13020600
2010-11-03 00:00:00+00:00,57.81999969482422,58.13999938964844,57.16999816894531,58.13999938964844,24589500
2010-11-04 00:00:00+00:00,59.189998626708984,59.5099983215332,59.119998931884766,59.459999084472656,19768900
2010-11-05 00:00:00+00:00,59.150001525878906,59.43000030517578,58.900001525878906,59.20000076293945,14176200
2010-11-08 00:00:00+00:00,58.7400016784668,58.959999084472656,58.4900016784668,58.84000015258789,11752500
2010-11-09 00:00:00+00:00,59.20000076293945,59.349998474121094,58.04999923706055,58.25,17333500
2010-11-10 00:00:00+00:00,58.45000076293945,58.56999969482422,57.650001525878906,58.41999816894531,19340700
2010-11-11 00:00:00+00:00,57.84000015258789,58.0099983215332,57.59000015258789,57.91999816894531,21357400
2010-11-12 00:00:00+00:00,57.75,58.060001373291016,57.130001068115234,57.439998626708984,19040600
2010-11-15 00:00:00+00:00,57.83000183105469,57.93000030517578,57.38999938964844,57.400001525878906,15067500
2010-11-16 00:00:00+00:00,56.900001525878906,57.0,55.79999923706055,56.04999923706055,40455500
2010-11-17 00:00:00+00:00,56.349998474121094,56.66999816894531,56.220001220703125,56.36000061035156,22315000
2010-11-18 00:00:00+00:00,57.54999923706055,57.83000183105469,57.5,57.77000045776367,19343000
2010-11-19 00:00:00+00:00,57.310001373291016,57.79999923706055,57.029998779296875,57.77000045776367,14201100
2010-11-22 00:00:00+00:00,57.099998474121094,57.400001525878906,56.4900016784668,57.150001525878906,28197600
2010-11-23 00:00:00+00:00,55.869998931884766,56.06999969482422,55.290000915527344,55.43000030517578,22439100
2010-11-24 00:00:00+00:00,55.959999084472656,56.33000183105469,55.939998626708984,56.310001373291016,18834800
2010-11-26 00:00:00+00:00,55.369998931884766,55.68000030517578,55.27000045776367,55.369998931884766,8691400
2010-11-29 00:00:00+00:00,54.77000045776367,55.0099983215332,54.22999954223633,54.880001068115234,25857100
2010-11-30 00:00:00+00:00,53.880001068115234,54.540000915527344,53.849998474121094,54.2599983215332,26227300
2010-12-01 00:00:00+00:00,55.33000183105469,55.84000015258789,55.220001220703125,55.79999923706055,21834400
2010-12-02 00:00:00+00:00,55.689998626708984,56.900001525878906,55.63999938964844,56.86000061035156,22405800
2010-12-03 00:00:00+00:00,56.900001525878906,57.459999084472656,56.849998474121094,57.40999984741211,17799200
2010-12-06 00:00:00+00:00,56.900001525878906,57.2599983215332,56.810001373291016,57.150001525878906,15412000
2010-12-07 00:00:00+00:00,57.90999984741211,57.97999954223633,57.119998931884766,57.18000030517578,24787900
2010-12-08 00:00:00+00:00,57.2400016784668,57.560001373291016,56.900001525878906,57.349998474121094,13426500
2010-12-09 00:00:00+00:00,57.52000045776367,57.58000183105469,57.09000015258789,57.5,14969800
2010-12-10 00:00:00+00:00,57.459999084472656,57.689998626708984,57.220001220703125,57.630001068115234,13417000
2010-12-13 00:00:00+00:00,58.09000015258789,58.560001373291016,57.9900016784668,58.25,15149500
2010-12-14 00:00:00+00:00,58.36000061035156,58.709999084472656,58.220001220703125,58.34000015258789,16046600
2010-12-15 00:00:00+00:00,57.95000076293945,58.189998626708984,57.41999816894531,57.56999969482422,19335800
2010-12-16 00:00:00+00:00,57.599998474121094,57.97999954223633,57.40999984741211,57.88999938964844,15424700
2010-12-17 00:00:00+00:00,57.560001373291016,57.61000061035156,57.2599983215332,57.56999969482422,16830000
2010-12-20 00:00:00+00:00,57.849998474121094,57.86000061035156,57.45000076293945,57.70000076293945,12685600
2010-12-21 00:00:00+00:00,57.650001525878906,57.720001220703125,57.52000045776367,57.63999938964844,18172500
2010-12-22 00:00:00+00:00,57.650001525878906,57.7599983215332,57.54999923706055,57.75,9188800
2010-12-23 00:00:00+00:00,57.56999969482422,57.7599983215332,57.54999923706055,57.720001220703125,10404000
2010-12-27 00:00:00+00:00,57.380001068115234,57.619998931884766,57.279998779296875,57.599998474121094,6348600
2010-12-28 00:00:00+00:00,57.90999984741211,57.91999816894531,57.52000045776367,57.650001525878906,9601200
2010-12-29 00:00:00+00:00,58.0099983215332,58.290000915527344,57.939998626708984,58.150001525878906,9244900
2010-12-30 00:00:00+00:00,58.029998779296875,58.08000183105469,57.650001525878906,57.869998931884766,10546300
2010-12-31 00:00:00+00:00,57.869998931884766,58.619998931884766,57.849998474121094,58.220001220703125,28390800
2011-01-03 00:00:00+00:00,58.61000061035156,58.869998931884766,58.560001373291016,58.70000076293945,16245400
2011-01-04 00:00:00+00:00,58.95000076293945,58.97999954223633,58.22999954223633,58.52000045776367,14583100
2011-01-05 00:00:00+00:00,57.65999984741211,58.27000045776367,57.650001525878906,58.27000045776367,13008800
2011-01-06 00:00:00+00:00,58.310001373291016,58.349998474121094,57.470001220703125,57.599998474121094,23622100
2011-01-07 00:00:00+00:00,57.689998626708984,57.83000183105469,57.06999969482422,57.369998931884766,16347400
2011-01-10 00:00:00+00:00,56.970001220703125,57.34000015258789,56.720001220703125,57.27000045776367,12666500
2011-01-11 00:00:00+00:00,57.619998931884766,57.7599983215332,57.36000061035156,57.65999984741211,15014100
2011-01-12 00:00:00+00:00,58.349998474121094,58.93000030517578,58.25,58.93000030517578,20472100
2011-01-13 00:00:00+00:00,59.34000015258789,59.5099983215332,59.0,59.09000015258789,16441100
2011-01-14 00:00:00+00:00,58.91999816894531,59.5099983215332,58.880001068115234,59.45000076293945,21884200
2011-01-18 00:00:00+00:00,59.709999084472656,59.95000076293945,59.630001068115234,59.84000015258789,11977100
2011-01-19 00:00:00+00:00,60.029998779296875,60.06999969482422,59.2599983215332,59.43000030517578,19678600
2011-01-20 00:00:00+00:00,58.900001525878906,59.150001525878906,58.439998626708984,58.91999816894531,17207900
2011-01-21 00:00:00+00:00,59.41999816894531,59.540000915527344,59.08000183105469,59.2400016784668,13671500
2011-01-24 00:00:00+00:00,59.13999938964844,59.869998931884766,59.13999938964844,59.869998931884766,13494000
2011-01-25 00:00:00+00:00,59.38999938964844,59.7599983215332,59.20000076293945,59.75,13323300
2011-01-26 00:00:00+00:00,60.029998779296875,60.2400016784668,59.849998474121094,60.130001068115234,20444700
2011-01-27 00:00:00+00:00,60.189998626708984,60.40999984741211,59.939998626708984,60.27000045776367,11889000
2011-01-28 00:00:00+00:00,59.90999984741211,60.08000183105469,58.810001373291016,58.93000030517578,18244200
2011-01-31 00:00:00+00:00,59.40999984741211,59.689998626708984,59.27000045776367,59.439998626708984,20763600
2011-02-01 00:00:00+00:00,60.20000076293945,60.970001220703125,60.119998931884766,60.849998474121094,25762500
2011-02-02 00:00:00+00:00,60.720001220703125,60.970001220703125,60.619998931884766,60.79999923706055,17063200
2011-02-03 00:00:00+00:00,60.5099983215332,60.84000015258789,60.06999969482422,60.810001373291016,11593300
2011-02-04 00:00:00+00:00,60.61000061035156,60.810001373291016,60.22999954223633,60.790000915527344,12648400
2011-02-07 00:00:00+00:00,60.65999984741211,61.060001373291016,60.630001068115234,60.97999954223633,13215000
2011-02-08 00:00:00+00:00,61.040000915527344,61.400001525878906,60.83000183105469,61.380001068115234,14437700
2011-02-09 00:00:00+00:00,61.029998779296875,61.31999969482422,60.869998931884766,61.20000076293945,17360700
2011-02-10 00:00:00+00:00,60.36000061035156,60.81999969482422,60.18000030517578,60.79999923706055,13190600
2011-02-11 00:00:00+00:00,60.2599983215332,60.93000030517578,60.25,60.83000183105469,12115100
2011-02-14 00:00:00+00:00,60.70000076293945,61.029998779296875,60.63999938964844,60.95000076293945,9851200
2011-02-15 00:00:00+00:00,60.88999938964844,60.95000076293945,60.630001068115234,60.77000045776367,14695100
2011-02-16 00:00:00+00:00,61.0,61.560001373291016,60.939998626708984,61.5,14665300
2011-02-17 00:00:00+00:00,61.36000061035156,61.86000061035156,61.33000183105469,61.709999084472656,15745900
2011-02-18 00:00:00+00:00,61.70000076293945,61.97999954223633,61.56999969482422,61.91999816894531,10151400
2011-02-22 00:00:00+00:00,60.630001068115234,61.09000015258789,60.09000015258789,60.150001525878906,24077500
2011-02-23 00:00:00+00:00,60.41999816894531,60.630001068115234,59.869998931884766,60.22999954223633,18757300
2011-02-24 00:00:00+00:00,60.349998474121094,60.52000045776367,59.79999923706055,60.279998779296875,17689600
2011-02-25 00:00:00+00:00,60.689998626708984,61.040000915527344,60.650001525878906,61.0,15585300
2011-02-28 00:00:00+00:00,61.619998931884766,61.79999923706055,61.2599983215332,61.54999923706055,19750700
2011-03-01 00:00:00+00:00,61.7599983215332,61.79999923706055,60.650001525878906,60.689998626708984,20476500
2011-03-02 00:00:00+00:00,60.810001373291016,61.29999923706055,60.7400016784668,61.0099983215332,17851200
2011-03-03 00:00:00+00:00,61.529998779296875,61.810001373291016,61.27000045776367,61.790000915527344,16087800
2011-03-04 00:00:00+00:00,61.56999969482422,61.689998626708984,60.81999969482422,61.22999954223633,18174100
2011-03-07 00:00:00+00:00,61.4900016784668,61.630001068115234,60.47999954223633,60.63999938964844,16467500
2011-03-08 00:00:00+00:00,60.540000915527344,61.029998779296875,60.209999084472656,60.83000183105469,13435000
2011-03-09 00:00:00+00:00,60.84000015258789,60.9900016784668,60.58000183105469,60.849998474121094,13058500
2011-03-10 00:00:00+00:00,59.7400016784668,59.75,59.25,59.34000015258789,24970100
2011-03-11 00:00:00+00:00,58.84000015258789,59.4900016784668,58.84000015258789,59.34000015258789,17713200
2011-03-14 00:00:00+00:00,57.869998931884766,58.33000183105469,57.63999938964844,58.279998779296875,31231300
2011-03-15 00:00:00+00:00,55.20000076293945,57.380001068115234,55.04999923706055,57.060001373291016,43537200
2011-03-16 00:00:00+00:00,56.66999816894531,56.86000061035156,54.099998474121094,55.290000915527344,40797800
2011-03-17 00:00:00+00:00,57.220001220703125,57.45000076293945,56.77000045776367,57.130001068115234,30662400
2011-03-18 00:00:00+00:00,57.9900016784668,58.099998474121094,57.650001525878906,57.91999816894531,44500400
2011-03-21 00:00:00+00:00,58.970001220703125,59.439998626708984,58.83000183105469,59.349998474121094,24131500
2011-03-22 00:00:00+00:00,59.310001373291016,59.36000061035156,58.88999938964844,59.18000030517578,16722000
2011-03-23 00:00:00+00:00,58.81999969482422,59.40999984741211,58.59000015258789,59.25,17400800
2011-03-24 00:00:00+00:00,59.5099983215332,60.040000915527344,59.34000015258789,60.040000915527344,14473700
2011-03-25 00:00:00+00:00,59.58000183105469,59.86000061035156,59.36000061035156,59.380001068115234,12687500
2011-03-28 00:00:00+00:00,59.54999923706055,59.7400016784668,59.310001373291016,59.349998474121094,11879900
2011-03-29 00:00:00+00:00,59.20000076293945,59.66999816894531,58.97999954223633,59.65999984741211,14375800
2011-03-30 00:00:00+00:00,60.09000015258789,60.439998626708984,59.959999084472656,60.369998931884766,13689000
2011-03-31 00:00:00+00:00,60.0,60.290000915527344,59.84000015258789,60.08000183105469,21688400
2011-04-01 00:00:00+00:00,60.189998626708984,60.72999954223633,59.91999816894531,60.650001525878906,15132800
2011-04-04 00:00:00+00:00,60.81999969482422,60.86000061035156,60.4900016784668,60.72999954223633,19410800
2011-04-05 00:00:00+00:00,60.209999084472656,60.77000045776367,60.15999984741211,60.58000183105469,14536800
2011-04-06 00:00:00+00:00,60.83000183105469,61.15999984741211,60.79999923706055,61.08000183105469,14204000
2011-04-07 00:00:00+00:00,60.93000030517578,61.130001068115234,60.43000030517578,60.779998779296875,16050000
2011-04-08 00:00:00+00:00,61.5,61.59000015258789,61.11000061035156,61.279998779296875,12447100
2011-04-11 00:00:00+00:00,61.439998626708984,61.61000061035156,61.029998779296875,61.15999984741211,10165800
2011-04-12 00:00:00+00:00,60.880001068115234,60.95000076293945,60.40999984741211,60.59000015258789,14527800
2011-04-13 00:00:00+00:00,61.25,61.290000915527344,60.61000061035156,60.77000045776367,14659800
2011-04-14 00:00:00+00:00,60.58000183105469,61.13999938964844,60.40999984741211,61.040000915527344,15109800
2011-04-15 00:00:00+00:00,60.84000015258789,61.060001373291016,60.599998474121094,60.95000076293945,14660500
2011-04-18 00:00:00+00:00,59.61000061035156,59.81999969482422,59.029998779296875,59.70000076293945,20667200
2011-04-19 00:00:00+00:00,60.02000045776367,60.22999954223633,59.83000183105469,60.13999938964844,11675700
2011-04-20 00:00:00+00:00,61.540000915527344,61.72999954223633,61.43000030517578,61.66999816894531,16665900
2011-04-21 00:00:00+00:00,62.119998931884766,62.16999816894531,61.86000061035156,62.06999969482422,12811800
2011-04-25 00:00:00+00:00,62.13999938964844,62.189998626708984,61.83000183105469,62.06999969482422,11593100
2011-04-26 00:00:00+00:00,62.22999954223633,62.65999984741211,62.11000061035156,62.54999923706055,11400000
2011-04-27 00:00:00+00:00,62.7599983215332,63.38999938964844,62.349998474121094,63.33000183105469,16032300
2011-04-28 00:00:00+00:00,63.290000915527344,63.790000915527344,63.279998779296875,63.7599983215332,19808900
2011-04-29 00:00:00+00:00,63.790000915527344,64.06999969482422,63.459999084472656,63.459999084472656,17700000
2011-05-02 00:00:00+00:00,64.12999725341797,64.3499984741211,63.779998779296875,63.869998931884766,18704300
2011-05-03 00:00:00+00:00,63.650001525878906,63.83000183105469,63.060001373291016,63.349998474121094,14222300
2011-05-04 00:00:00+00:00,63.43000030517578,63.439998626708984,62.59000015258789,62.810001373291016,18561500
2011-05-05 00:00:00+00:00,62.11000061035156,62.279998779296875,61.31999969482422,61.56999969482422,25543500
2011-05-06 00:00:00+00:00,62.43000030517578,62.650001525878906,61.2599983215332,61.599998474121094,24517800
2011-05-09 00:00:00+00:00,61.619998931884766,62.09000015258789,61.36000061035156,62.040000915527344,17228200
2011-05-10 00:00:00+00:00,62.25,62.65999984741211,62.119998931884766,62.630001068115234,15708200
2011-05-11 00:00:00+00:00,62.29999923706055,62.369998931884766,61.130001068115234,61.369998931884766,33177300
2011-05-12 00:00:00+00:00,61.18000030517578,61.86000061035156,60.79999923706055,61.56999969482422,22162200
2011-05-13 00:00:00+00:00,61.45000076293945,61.4900016784668,60.279998779296875,60.61000061035156,20874000
2011-05-16 00:00:00+00:00,60.45000076293945,61.15999984741211,60.310001373291016,60.5,19340700
2011-05-17 00:00:00+00:00,60.18000030517578,60.65999984741211,59.900001525878906,60.630001068115234,18296900
2011-05-18 00:00:00+00:00,60.560001373291016,61.18000030517578,60.41999816894531,61.0,12848200
2011-05-19 00:00:00+00:00,61.18000030517578,61.41999816894531,60.810001373291016,61.349998474121094,10888100
2011-05-20 00:00:00+00:00,60.93000030517578,61.0,60.25,60.47999954223633,18552000
2011-05-23 00:00:00+00:00,59.08000183105469,59.33000183105469,58.81999969482422,59.08000183105469,20519400
2011-05-24 00:00:00+00:00,59.56999969482422,59.77000045776367,59.2400016784668,59.41999816894531,17309500
2011-05-25 00:00:00+00:00,59.2400016784668,59.959999084472656,59.20000076293945,59.79999923706055,15848600
2011-05-26 00:00:00+00:00,60.060001373291016,60.5099983215332,59.709999084472656,60.36000061035156,18511100
2011-05-27 00:00:00+00:00,60.68000030517578,60.9900016784668,60.59000015258789,60.79999923706055,17160100
2011-05-31 00:00:00+00:00,61.810001373291016,62.060001373291016,61.45000076293945,62.060001373291016,33441600
2011-06-01 00:00:00+00:00,61.720001220703125,61.790000915527344,60.52000045776367,60.59000015258789,25264400
2011-06-02 00:00:00+00:00,60.880001068115234,61.02000045776367,60.2400016784668,60.900001525878906,19489600
2011-06-03 00:00:00+00:00,60.279998779296875,61.279998779296875,60.2599983215332,60.93000030517578,21376300
2011-06-06 00:00:00+00:00,60.779998779296875,60.83000183105469,60.099998474121094,60.13999938964844,16339800
2011-06-07 00:00:00+00:00,60.900001525878906,61.13999938964844,60.65999984741211,60.689998626708984,23850300
2011-06-08 00:00:00+00:00,60.2400016784668,60.439998626708984,59.81999969482422,59.90999984741211,18499300
2011-06-09 00:00:00+00:00,60.11000061035156,60.68000030517578,59.970001220703125,60.529998779296875,14991000
2011-06-10 00:00:00+00:00,60.0,60.02000045776367,58.95000076293945,59.130001068115234,23965600
2011-06-13 00:00:00+00:00,59.349998474121094,59.58000183105469,58.88999938964844,59.220001220703125,26144800
2011-06-14 00:00:00+00:00,60.06999969482422,60.439998626708984,60.02000045776367,60.27000045776367,16389900
2011-06-15 00:00:00+00:00,59.08000183105469,59.310001373291016,58.150001525878906,58.290000915527344,26678400
2011-06-16 00:00:00+00:00,58.02000045776367,58.40999984741211,57.59000015258789,58.09000015258789,21331500
2011-06-17 00:00:00+00:00,58.880001068115234,58.959999084472656,58.5099983215332,58.65999984741211,22489900
2011-06-20 00:00:00+00:00,58.2400016784668,58.75,58.2400016784668,58.59000015258789,16304000
2011-06-21 00:00:00+00:00,59.15999984741211,59.88999938964844,59.09000015258789,59.86000061035156,17407400
2011-06-22 00:00:00+00:00,58.41999816894531,58.77000045776367,58.119998931884766,58.150001525878906,20975200
2011-06-23 00:00:00+00:00,57.060001373291016,57.68000030517578,56.70000076293945,57.650001525878906,22617400
2011-06-24 00:00:00+00:00,57.68000030517578,57.70000076293945,57.0099983215332,57.099998474121094,18681900
2011-06-27 00:00:00+00:00,57.060001373291016,57.720001220703125,56.939998626708984,57.56999969482422,16916400
2011-06-28 00:00:00+00:00,57.81999969482422,58.310001373291016,57.75,58.2599983215332,20936100
2011-06-29 00:00:00+00:00,58.900001525878906,59.33000183105469,58.560001373291016,59.279998779296875,28707600
2011-06-30 00:00:00+00:00,59.56999969482422,60.33000183105469,59.47999954223633,60.13999938964844,30800700
2011-07-01 00:00:00+00:00,60.04999923706055,60.86000061035156,59.880001068115234,60.79999923706055,17093200
2011-07-05 00:00:00+00:00,60.540000915527344,60.720001220703125,60.279998779296875,60.439998626708984,17598300
2011-07-06 00:00:00+00:00,59.93000030517578,60.150001525878906,59.63999938964844,60.060001373291016,12980200
2011-07-07 00:00:00+00:00,60.40999984741211,60.709999084472656,60.31999969482422,60.58000183105469,15687200
2011-07-08 00:00:00+00:00,59.91999816894531,60.150001525878906,59.5,59.83000183105469,17211100
2011-07-11 00:00:00+00:00,58.5099983215332,58.65999984741211,57.90999984741211,58.02000045776367,25138000
2011-07-12 00:00:00+00:00,57.66999816894531,58.290000915527344,57.560001373291016,57.630001068115234,17446900
2011-07-13 00:00:00+00:00,58.279998779296875,59.08000183105469,58.150001525878906,58.4900016784668,22333600
2011-07-14 00:00:00+00:00,58.79999923706055,58.91999816894531,57.849998474121094,57.97999954223633,24454000
2011-07-15 00:00:00+00:00,58.27000045776367,58.4900016784668,57.88999938964844,58.18000030517578,20163000
2011-07-18 00:00:00+00:00,57.439998626708984,57.61000061035156,56.849998474121094,57.31999969482422,23639200
2011-07-19 00:00:00+00:00,57.810001373291016,58.31999969482422,57.810001373291016,58.18000030517578,20782400
2011-07-20 00:00:00+00:00,58.70000076293945,58.95000076293945,58.38999938964844,58.869998931884766,15577400
2011-07-21 00:00:00+00:00,59.470001220703125,60.220001220703125,59.369998931884766,60.119998931884766,26791900
2011-07-22 00:00:00+00:00,60.15999984741211,60.25,59.72999954223633,60.18000030517578,11854600
2011-07-25 00:00:00+00:00,59.79999923706055,60.06999969482422,59.66999816894531,59.79999923706055,15580200
2011-07-26 00:00:00+00:00,60.119998931884766,60.369998931884766,59.849998474121094,60.15999984741211,14454200
2011-07-27 00:00:00+00:00,59.77000045776367,59.790000915527344,58.59000015258789,58.70000076293945,29604200
2011-07-28 00:00:00+00:00,58.61000061035156,59.15999984741211,58.5,58.560001373291016,17540500
2011-07-29 00:00:00+00:00,58.459999084472656,59.2400016784668,58.220001220703125,58.709999084472656,28563800
2011-08-01 00:00:00+00:00,59.369998931884766,59.400001525878906,57.5,57.970001220703125,26159000
2011-08-02 00:00:00+00:00,57.310001373291016,57.810001373291016,56.43000030517578,56.439998626708984,25546200
2011-08-03 00:00:00+00:00,56.79999923706055,56.88999938964844,55.790000915527344,56.77000045776367,36176300
2011-08-04 00:00:00+00:00,54.88999938964844,55.0099983215332,52.7400016784668,52.810001373291016,39911200
2011-08-05 00:00:00+00:00,54.0099983215332,54.209999084472656,51.779998779296875,53.7400016784668,61793400
2011-08-08 00:00:00+00:00,51.720001220703125,52.40999984741211,49.630001068115234,49.72999954223633,53894700
2011-08-09 00:00:00+00:00,51.68000030517578,53.08000183105469,50.189998626708984,53.08000183105469,55660900
2011-08-10 00:00:00+00:00,51.630001068115234,51.68000030517578,49.84000015258789,49.90999984741211,43347500
2011-08-11 00:00:00+00:00,50.15999984741211,52.68000030517578,50.08000183105469,52.29999923706055,35724500
2011-08-12 00:00:00+00:00,52.849998474121094,53.310001373291016,52.20000076293945,52.900001525878906,26243500
2011-08-15 00:00:00+00:00,53.540000915527344,54.13999938964844,53.529998779296875,54.130001068115234,20913700
2011-08-16 00:00:00+00:00,53.189998626708984,53.959999084472656,52.790000915527344,53.34000015258789,23238300
2011-08-17 00:00:00+00:00,53.849998474121094,54.29999923706055,53.33000183105469,53.650001525878906,20680200
2011-08-18 00:00:00+00:00,51.70000076293945,51.81999969482422,50.59000015258789,51.040000915527344,32657800
2011-08-19 00:00:00+00:00,50.439998626708984,51.689998626708984,50.099998474121094,50.16999816894531,29395100
2011-08-22 00:00:00+00:00,51.720001220703125,51.7599983215332,50.45000076293945,50.4900016784668,23408300
2011-08-23 00:00:00+00:00,51.09000015258789,52.18000030517578,50.7599983215332,52.130001068115234,24830200
2011-08-24 00:00:00+00:00,51.709999084472656,52.45000076293945,51.41999816894531,52.150001525878906,18042600
2011-08-25 00:00:00+00:00,52.02000045776367,52.22999954223633,50.72999954223633,50.88999938964844,18597700
2011-08-26 00:00:00+00:00,50.720001220703125,51.86000061035156,50.15999984741211,51.689998626708984,26600900
2011-08-29 00:00:00+00:00,52.439998626708984,52.95000076293945,52.41999816894531,52.91999816894531,18267000
2011-08-30 00:00:00+00:00,52.33000183105469,52.849998474121094,51.93000030517578,52.61000061035156,16811400
2011-08-31 00:00:00+00:00,53.45000076293945,53.900001525878906,53.220001220703125,53.56999969482422,29114100
2011-09-01 00:00:00+00:00,53.310001373291016,53.79999923706055,52.90999984741211,52.90999984741211,21110800
2011-09-02 00:00:00+00:00,51.95000076293945,52.27000045776367,51.619998931884766,51.72999954223633,23310400
2011-09-06 00:00:00+00:00,49.29999923706055,50.060001373291016,49.150001525878906,50.029998779296875,27238100
2011-09-07 00:00:00+00:00,50.72999954223633,51.529998779296875,50.56999969482422,51.52000045776367,18331400
2011-09-08 00:00:00+00:00,50.790000915527344,51.38999938964844,50.369998931884766,50.5,17412400
2011-09-09 00:00:00+00:00,49.529998779296875,49.72999954223633,48.540000915527344,48.75,23270800
2011-09-12 00:00:00+00:00,47.7599983215332,48.560001373291016,47.40999984741211,48.540000915527344,31133200
2011-09-13 00:00:00+00:00,48.540000915527344,49.22999954223633,48.369998931884766,49.060001373291016,27622400
2011-09-14 00:00:00+00:00,49.22999954223633,50.18000030517578,48.40999984741211,49.79999923706055,26017000
2011-09-15 00:00:00+00:00,50.56999969482422,50.91999816894531,50.209999084472656,50.880001068115234,36415500
2011-09-16 00:00:00+00:00,50.970001220703125,51.130001068115234,50.36000061035156,50.900001525878906,19035400
2011-09-19 00:00:00+00:00,49.209999084472656,49.83000183105469,48.900001525878906,49.5,22184900
2011-09-20 00:00:00+00:00,49.709999084472656,50.2400016784668,49.310001373291016,49.70000076293945,27969100
2011-09-21 00:00:00+00:00,49.650001525878906,49.84000015258789,48.20000076293945,48.220001220703125,74730700
2011-09-22 00:00:00+00:00,46.709999084472656,47.0,46.08000183105469,46.65999984741211,49431400
2011-09-23 00:00:00+00:00,46.29999923706055,47.279998779296875,46.22999954223633,47.189998626708984,39581500
2011-09-26 00:00:00+00:00,47.5,48.20000076293945,46.79999923706055,48.15999984741211,24237700
2011-09-27 00:00:00+00:00,49.529998779296875,50.15999984741211,49.060001373291016,49.349998474121094,35316000
2011-09-28 00:00:00+00:00,49.630001068115234,49.900001525878906,48.45000076293945,48.5099983215332,32537000
2011-09-29 00:00:00+00:00,49.810001373291016,49.9900016784668,48.75,49.459999084472656,29540100
2011-09-30 00:00:00+00:00,48.25,48.65999984741211,47.75,47.779998779296875,29785700
2011-10-03 00:00:00+00:00,47.310001373291016,47.97999954223633,46.5,46.52000045776367,31113700
2011-10-04 00:00:00+00:00,46.02000045776367,47.310001373291016,45.45000076293945,47.29999923706055,37700000
2011-10-05 00:00:00+00:00,47.2400016784668,48.08000183105469,46.880001068115234,48.029998779296875,33843200
2011-10-06 00:00:00+00:00,48.0,49.349998474121094,47.86000061035156,49.31999969482422,30835600
2011-10-07 00:00:00+00:00,49.56999969482422,49.83000183105469,48.86000061035156,48.97999954223633,32306700
2011-10-10 00:00:00+00:00,50.150001525878906,50.88999938964844,50.150001525878906,50.849998474121094,22300800
2011-10-11 00:00:00+00:00,50.16999816894531,50.81999969482422,50.09000015258789,50.7599983215332,22967800
2011-10-12 00:00:00+00:00,51.45000076293945,52.0,51.369998931884766,51.5,40438500
2011-10-13 00:00:00+00:00,51.18000030517578,51.56999969482422,50.7400016784668,51.52000045776367,16967200
2011-10-14 00:00:00+00:00,52.0099983215332,52.209999084472656,51.630001068115234,52.119998931884766,16226500
2011-10-17 00:00:00+00:00,51.720001220703125,51.7400016784668,50.790000915527344,50.91999816894531,15645500
2011-10-18 00:00:00+00:00,50.81999969482422,52.02000045776367,50.22999954223633,51.650001525878906,27807500
2011-10-19 00:00:00+00:00,51.36000061035156,51.540000915527344,50.63999938964844,50.720001220703125,18229900
2011-10-20 00:00:00+00:00,50.869998931884766,50.939998626708984,50.060001373291016,50.849998474121094,23120200
2011-10-21 00:00:00+00:00,51.65999984741211,52.11000061035156,51.58000183105469,52.08000183105469,21149500
2011-10-24 00:00:00+00:00,52.060001373291016,52.95000076293945,52.04999923706055,52.86000061035156,16040000
2011-10-25 00:00:00+00:00,52.5099983215332,52.58000183105469,51.7599983215332,51.95000076293945,25668900
2011-10-26 00:00:00+00:00,52.84000015258789,52.95000076293945,51.61000061035156,52.65999984741211,19159800
2011-10-27 00:00:00+00:00,55.060001373291016,55.869998931884766,54.58000183105469,55.56999969482422,27559600
2011-10-28 00:00:00+00:00,54.869998931884766,55.2599983215332,54.72999954223633,55.25,41372400
2011-10-31 00:00:00+00:00,53.63999938964844,53.68000030517578,52.369998931884766,52.380001068115234,29378700
2011-11-01 00:00:00+00:00,50.27000045776367,51.310001373291016,50.150001525878906,50.7400016784668,34733100
2011-11-02 00:00:00+00:00,51.15999984741211,51.560001373291016,50.86000061035156,51.16999816894531,24423500
2011-11-03 00:00:00+00:00,51.9900016784668,52.650001525878906,51.220001220703125,52.459999084472656,23891000
2011-11-04 00:00:00+00:00,51.849998474121094,52.040000915527344,51.209999084472656,51.79999923706055,23089500
2011-11-07 00:00:00+00:00,51.7400016784668,52.11000061035156,51.349998474121094,52.02000045776367,21383700
2011-11-08 00:00:00+00:00,52.29999923706055,52.79999923706055,51.81999969482422,52.650001525878906,22483600
2011-11-09 00:00:00+00:00,50.689998626708984,50.84000015258789,49.83000183105469,49.95000076293945,28669400
2011-11-10 00:00:00+00:00,50.95000076293945,50.9900016784668,50.040000915527344,50.540000915527344,25065000
2011-11-11 00:00:00+00:00,51.33000183105469,51.959999084472656,51.29999923706055,51.79999923706055,19095800
2011-11-14 00:00:00+00:00,51.189998626708984,51.33000183105469,50.63999938964844,50.880001068115234,16886200
2011-11-15 00:00:00+00:00,50.720001220703125,51.060001373291016,50.34000015258789,50.7400016784668,23477400
2011-11-16 00:00:00+00:00,50.20000076293945,50.66999816894531,49.75,49.77000045776367,26147100
2011-11-17 00:00:00+00:00,50.0099983215332,50.220001220703125,49.029998779296875,49.22999954223633,28385300
2011-11-18 00:00:00+00:00,49.810001373291016,49.84000015258789,49.29999923706055,49.400001525878906,16813600
2011-11-21 00:00:00+00:00,48.38999938964844,48.45000076293945,47.790000915527344,48.150001525878906,25465000
2011-11-22 00:00:00+00:00,48.099998474121094,48.310001373291016,47.720001220703125,48.0099983215332,29937500
2011-11-23 00:00:00+00:00,47.40999984741211,47.470001220703125,46.63999938964844,46.689998626708984,27206700
2011-11-25 00:00:00+00:00,46.599998474121094,47.11000061035156,46.45000076293945,46.45000076293945,10871200
2011-11-28 00:00:00+00:00,48.470001220703125,48.619998931884766,48.119998931884766,48.43000030517578,21753000
2011-11-29 00:00:00+00:00,48.65999984741211,49.0,48.470001220703125,48.75,23035900
2011-11-30 00:00:00+00:00,50.689998626708984,51.29999923706055,50.58000183105469,51.2400016784668,43525100
2011-12-01 00:00:00+00:00,50.97999954223633,51.36000061035156,50.630001068115234,50.79999923706055,19770900
2011-12-02 00:00:00+00:00,51.459999084472656,51.47999954223633,50.77000045776367,50.790000915527344,17848000
2011-12-05 00:00:00+00:00,51.7599983215332,51.810001373291016,51.060001373291016,51.369998931884766,18107200
2011-12-06 00:00:00+00:00,51.08000183105469,51.470001220703125,50.95000076293945,51.130001068115234,21382100
2011-12-07 00:00:00+00:00,50.790000915527344,51.70000076293945,50.56999969482422,51.4900016784668,29174100
2011-12-08 00:00:00+00:00,50.779998779296875,50.86000061035156,49.7400016784668,49.79999923706055,26351100
2011-12-09 00:00:00+00:00,50.2599983215332,51.06999969482422,50.2400016784668,51.040000915527344,20706100
2011-12-12 00:00:00+00:00,49.95000076293945,49.959999084472656,49.2599983215332,49.54999923706055,23868300
2011-12-13 00:00:00+00:00,49.779998779296875,50.13999938964844,48.650001525878906,48.880001068115234,33861500
2011-12-14 00:00:00+00:00,48.599998474121094,48.779998779296875,48.13999938964844,48.29999923706055,28164100
2011-12-15 00:00:00+00:00,48.880001068115234,48.95000076293945,48.369998931884766,48.540000915527344,25474900
2011-12-16 00:00:00+00:00,48.70000076293945,48.849998474121094,48.119998931884766,48.34000015258789,28537100
2011-12-19 00:00:00+00:00,48.58000183105469,48.66999816894531,47.83000183105469,47.88999938964844,21443400
2011-12-20 00:00:00+00:00,48.41999816894531,49.040000915527344,48.400001525878906,48.9900016784668,34746000
2011-12-21 00:00:00+00:00,48.66999816894531,48.790000915527344,48.290000915527344,48.72999954223633,27654000
2011-12-22 00:00:00+00:00,48.7400016784668,49.189998626708984,48.689998626708984,49.16999816894531,25753700
2011-12-23 00:00:00+00:00,49.25,49.5099983215332,49.13999938964844,49.5099983215332,14901700
2011-12-27 00:00:00+00:00,49.34000015258789,49.400001525878906,49.20000076293945,49.290000915527344,14440000
2011-12-28 00:00:00+00:00,49.150001525878906,49.16999816894531,48.38999938964844,48.400001525878906,20384600
2011-12-29 00:00:00+00:00,48.54999923706055,49.349998474121094,48.5,49.290000915527344,25565500
2011-12-30 00:00:00+00:00,49.27000045776367,49.599998474121094,49.22999954223633,49.529998779296875,32979100
2012-01-03 00:00:00+00:00,50.540000915527344,51.02000045776367,50.5099983215332,50.880001068115234,33352000
2012-01-04 00:00:00+00:00,50.56999969482422,50.66999816894531,50.20000076293945,50.58000183105469,14692800
2012-01-05 00:00:00+00:00,49.75,49.900001525878906,49.459999084472656,49.83000183105469,16354900
2012-01-06 00:00:00+00:00,49.650001525878906,49.68000030517578,49.06999969482422,49.150001525878906,28504800
2012-01-09 00:00:00+00:00,49.45000076293945,49.45000076293945,48.9900016784668,49.34000015258789,12756100
2012-01-10 00:00:00+00:00,50.18000030517578,50.220001220703125,49.970001220703125,50.09000015258789,13409900
2012-01-11 00:00:00+00:00,49.689998626708984,49.970001220703125,49.4900016784668,49.93000030517578,13372300
2012-01-12 00:00:00+00:00,50.13999938964844,50.25,49.77000045776367,50.13999938964844,13774400
2012-01-13 00:00:00+00:00,49.56999969482422,49.63999938964844,49.04999923706055,49.599998474121094,17154100
2012-01-17 00:00:00+00:00,50.25,50.5,50.130001068115234,50.189998626708984,19915900
2012-01-18 00:00:00+00:00,50.4900016784668,51.06999969482422,50.43000030517578,51.029998779296875,15999300
2012-01-19 00:00:00+00:00,51.38999938964844,52.189998626708984,51.18000030517578,51.65999984741211,17256900
2012-01-20 00:00:00+00:00,51.59000015258789,51.93000030517578,51.540000915527344,51.93000030517578,23922600
2012-01-23 00:00:00+00:00,52.02000045776367,52.349998474121094,51.939998626708984,52.130001068115234,18529000
2012-01-24 00:00:00+00:00,51.58000183105469,51.93000030517578,51.400001525878906,51.84000015258789,18320600
2012-01-25 00:00:00+00:00,51.599998474121094,52.5099983215332,51.380001068115234,52.380001068115234,24497400
2012-01-26 00:00:00+00:00,52.880001068115234,52.97999954223633,52.290000915527344,52.400001525878906,20276800
2012-01-27 00:00:00+00:00,52.2400016784668,52.619998931884766,52.2400016784668,52.4900016784668,22868700
2012-01-30 00:00:00+00:00,51.650001525878906,51.97999954223633,51.560001373291016,51.869998931884766,21139400
2012-01-31 00:00:00+00:00,52.41999816894531,52.41999816894531,51.83000183105469,52.13999938964844,26358300
2012-02-01 00:00:00+00:00,52.84000015258789,53.2400016784668,52.790000915527344,52.959999084472656,28274600
2012-02-02 00:00:00+00:00,53.08000183105469,53.290000915527344,52.91999816894531,53.06999969482422,19337400
2012-02-03 00:00:00+00:00,53.41999816894531,53.93000030517578,53.349998474121094,53.900001525878906,15187000
2012-02-06 00:00:00+00:00,53.369998931884766,53.70000076293945,53.31999969482422,53.63999938964844,15349200
2012-02-07 00:00:00+00:00,53.68000030517578,54.0099983215332,53.41999816894531,53.970001220703125,26462700
2012-02-08 00:00:00+00:00,54.099998474121094,54.290000915527344,53.83000183105469,54.15999984741211,13873200
2012-02-09 00:00:00+00:00,54.369998931884766,54.43000030517578,54.02000045776367,54.29999923706055,16265900
2012-02-10 00:00:00+00:00,53.29999923706055,53.43000030517578,53.11000061035156,53.27000045776367,19405700
2012-02-13 00:00:00+00:00,53.93000030517578,54.0,53.66999816894531,53.880001068115234,16406900
2012-02-14 00:00:00+00:00,53.630001068115234,53.72999954223633,53.11000061035156,53.47999954223633,17037300
2012-02-15 00:00:00+00:00,53.93000030517578,53.95000076293945,53.459999084472656,53.540000915527344,25177100
2012-02-16 00:00:00+00:00,53.400001525878906,54.310001373291016,53.349998474121094,54.279998779296875,17583900
2012-02-17 00:00:00+00:00,54.59000015258789,54.599998474121094,54.220001220703125,54.52000045776367,14472400
2012-02-21 00:00:00+00:00,54.709999084472656,54.90999984741211,54.45000076293945,54.529998779296875,17594800
2012-02-22 00:00:00+00:00,54.43000030517578,54.59000015258789,54.25,54.369998931884766,15857800
2012-02-23 00:00:00+00:00,54.43000030517578,54.86000061035156,54.189998626708984,54.81999969482422,12721100
2012-02-24 00:00:00+00:00,55.04999923706055,55.310001373291016,55.040000915527344,55.150001525878906,25346500
2012-02-27 00:00:00+00:00,54.40999984741211,55.0099983215332,54.290000915527344,54.869998931884766,20054200
2012-02-28 00:00:00+00:00,55.029998779296875,55.400001525878906,54.880001068115234,55.380001068115234,16619300
2012-02-29 00:00:00+00:00,55.4900016784668,55.63999938964844,54.630001068115234,54.65999984741211,33950800
2012-03-01 00:00:00+00:00,54.959999084472656,55.349998474121094,54.91999816894531,55.279998779296875,20340800
2012-03-02 00:00:00+00:00,54.88999938964844,54.93000030517578,54.599998474121094,54.77000045776367,14435600
2012-03-05 00:00:00+00:00,54.65999984741211,54.66999816894531,54.310001373291016,54.47999954223633,10047900
2012-03-06 00:00:00+00:00,53.20000076293945,53.25,52.59000015258789,52.7400016784668,21589300
2012-03-07 00:00:00+00:00,53.119998931884766,53.45000076293945,52.79999923706055,53.38999938964844,18013000
2012-03-08 00:00:00+00:00,54.2400016784668,54.77000045776367,54.09000015258789,54.540000915527344,21590500
2012-03-09 00:00:00+00:00,54.279998779296875,54.529998779296875,54.15999984741211,54.36000061035156,23096900
2012-03-12 00:00:00+00:00,54.15999984741211,54.290000915527344,53.88999938964844,54.220001220703125,13724200
2012-03-13 00:00:00+00:00,54.43000030517578,55.11000061035156,54.36000061035156,55.099998474121094,24475900
2012-03-14 00:00:00+00:00,54.9900016784668,55.06999969482422,54.45000076293945,54.61000061035156,18872700
2012-03-15 00:00:00+00:00,54.79999923706055,55.20000076293945,54.650001525878906,55.130001068115234,13721000
2012-03-16 00:00:00+00:00,55.540000915527344,55.720001220703125,55.459999084472656,55.5099983215332,15837000
2012-03-19 00:00:00+00:00,55.34000015258789,55.90999984741211,55.310001373291016,55.79999923706055,17182000
2012-03-20 00:00:00+00:00,55.02000045776367,55.220001220703125,54.790000915527344,55.13999938964844,14092600
2012-03-21 00:00:00+00:00,54.93000030517578,54.959999084472656,54.54999923706055,54.779998779296875,16614400
2012-03-22 00:00:00+00:00,54.20000076293945,54.5,54.130001068115234,54.400001525878906,17106600
2012-03-23 00:00:00+00:00,54.349998474121094,54.790000915527344,54.060001373291016,54.779998779296875,14777400
2012-03-26 00:00:00+00:00,55.189998626708984,55.5099983215332,55.18000030517578,55.47999954223633,19961800
2012-03-27 00:00:00+00:00,55.560001373291016,55.560001373291016,55.11000061035156,55.130001068115234,14826100
2012-03-28 00:00:00+00:00,55.150001525878906,55.189998626708984,54.470001220703125,54.75,20448500
2012-03-29 00:00:00+00:00,54.209999084472656,54.459999084472656,53.970001220703125,54.400001525878906,25848400
2012-03-30 00:00:00+00:00,54.84000015258789,54.939998626708984,54.5,54.88999938964844,22341500
2012-04-02 00:00:00+00:00,54.63999938964844,55.68000030517578,54.529998779296875,55.529998779296875,25434800
2012-04-03 00:00:00+00:00,55.209999084472656,55.2400016784668,54.25,54.560001373291016,20840000
2012-04-04 00:00:00+00:00,53.4900016784668,53.599998474121094,53.04999923706055,53.34000015258789,20326700
2012-04-05 00:00:00+00:00,52.869998931884766,53.33000183105469,52.86000061035156,53.02000045776367,13507000
2012-04-09 00:00:00+00:00,52.459999084472656,52.959999084472656,52.439998626708984,52.790000915527344,12950500
2012-04-10 00:00:00+00:00,52.61000061035156,52.7599983215332,51.650001525878906,51.65999984741211,25615800
2012-04-11 00:00:00+00:00,52.650001525878906,52.7400016784668,52.31999969482422,52.380001068115234,22972100
2012-04-12 00:00:00+00:00,52.630001068115234,53.40999984741211,52.599998474121094,53.34000015258789,21024400
2012-04-13 00:00:00+00:00,52.869998931884766,52.869998931884766,52.25,52.31999969482422,27100500
2012-04-16 00:00:00+00:00,52.72999954223633,52.91999816894531,52.290000915527344,52.70000076293945,20447400
2012-04-17 00:00:00+00:00,53.189998626708984,53.66999816894531,52.9900016784668,53.540000915527344,12959800
2012-04-18 00:00:00+00:00,53.16999816894531,53.5099983215332,53.08000183105469,53.2599983215332,19804600
2012-04-19 00:00:00+00:00,53.22999954223633,53.529998779296875,52.66999816894531,52.939998626708984,27862900
2012-04-20 00:00:00+00:00,53.31999969482422,53.630001068115234,53.290000915527344,53.45000076293945,15499300
2012-04-23 00:00:00+00:00,52.40999984741211,52.5,52.040000915527344,52.380001068115234,23904000
2012-04-24 00:00:00+00:00,52.61000061035156,53.04999923706055,52.58000183105469,52.79999923706055,14529100
2012-04-25 00:00:00+00:00,53.41999816894531,53.58000183105469,53.18000030517578,53.52000045776367,21423800
2012-04-26 00:00:00+00:00,53.29999923706055,53.93000030517578,53.2400016784668,53.84000015258789,13428200
2012-04-27 00:00:00+00:00,54.0,54.15999984741211,53.72999954223633,54.060001373291016,16016300
2012-04-30 00:00:00+00:00,53.81999969482422,53.849998474121094,53.529998779296875,53.75,16865300
2012-05-01 00:00:00+00:00,53.630001068115234,54.220001220703125,53.58000183105469,53.970001220703125,15437300
2012-05-02 00:00:00+00:00,53.310001373291016,53.630001068115234,53.099998474121094,53.54999923706055,15890700
2012-05-03 00:00:00+00:00,53.439998626708984,53.529998779296875,52.97999954223633,53.08000183105469,14260300
2012-05-04 00:00:00+00:00,52.79999923706055,52.880001068115234,52.220001220703125,52.27000045776367,20026500
2012-05-07 00:00:00+00:00,52.27000045776367,52.70000076293945,52.22999954223633,52.650001525878906,21882700
2012-05-08 00:00:00+00:00,52.029998779296875,52.08000183105469,51.290000915527344,51.84000015258789,21062600
2012-05-09 00:00:00+00:00,50.84000015258789,51.52000045776367,50.61000061035156,51.2400016784668,31090500
2012-05-10 00:00:00+00:00,51.75,51.81999969482422,51.400001525878906,51.47999954223633,15309000
2012-05-11 00:00:00+00:00,50.880001068115234,51.61000061035156,50.880001068115234,51.15999984741211,14493200
2012-05-14 00:00:00+00:00,50.36000061035156,50.58000183105469,50.18000030517578,50.18000030517578,22125400
2012-05-15 00:00:00+00:00,49.900001525878906,50.150001525878906,49.4900016784668,49.54999923706055,18011800
2012-05-16 00:00:00+00:00,49.560001373291016,49.81999969482422,49.02000045776367,49.060001373291016,23983300
2012-05-17 00:00:00+00:00,49.0,49.060001373291016,48.45000076293945,48.459999084472656,26475900
2012-05-18 00:00:00+00:00,48.68000030517578,48.689998626708984,47.68000030517578,48.11000061035156,21407900
2012-05-21 00:00:00+00:00,48.5,49.20000076293945,48.380001068115234,49.16999816894531,22460000
2012-05-22 00:00:00+00:00,49.20000076293945,49.58000183105469,48.779998779296875,48.9900016784668,17114800
2012-05-23 00:00:00+00:00,48.41999816894531,48.59000015258789,47.75,48.59000015258789,42276400
2012-05-24 00:00:00+00:00,48.529998779296875,48.65999984741211,47.9900016784668,48.27000045776367,27309500
2012-05-25 00:00:00+00:00,48.029998779296875,48.349998474121094,48.02000045776367,48.099998474121094,13397100
2012-05-29 00:00:00+00:00,48.689998626708984,48.939998626708984,48.310001373291016,48.709999084472656,22042200
2012-05-30 00:00:00+00:00,47.970001220703125,47.97999954223633,47.5099983215332,47.560001373291016,19349900
2012-05-31 00:00:00+00:00,47.77000045776367,47.91999816894531,47.220001220703125,47.7599983215332,41638100
2012-06-01 00:00:00+00:00,46.93000030517578,47.13999938964844,46.529998779296875,46.54999923706055,34294700
2012-06-04 00:00:00+00:00,46.9900016784668,47.13999938964844,46.599998474121094,46.939998626708984,19574500
2012-06-05 00:00:00+00:00,46.90999984741211,47.31999969482422,46.869998931884766,47.279998779296875,20139100
2012-06-06 00:00:00+00:00,47.65999984741211,48.619998931884766,47.61000061035156,48.599998474121094,19868200
2012-06-07 00:00:00+00:00,49.27000045776367,49.290000915527344,48.560001373291016,48.66999816894531,18578800
2012-06-08 00:00:00+00:00,47.939998626708984,48.560001373291016,47.79999923706055,48.5099983215332,14439600
2012-06-11 00:00:00+00:00,49.02000045776367,49.040000915527344,47.9900016784668,48.040000915527344,19296200
2012-06-12 00:00:00+00:00,48.5,48.86000061035156,48.09000015258789,48.84000015258789,16053900
2012-06-13 00:00:00+00:00,48.470001220703125,48.91999816894531,48.31999969482422,48.45000076293945,16202800
2012-06-14 00:00:00+00:00,48.41999816894531,48.9900016784668,48.29999923706055,48.810001373291016,14670400
2012-06-15 00:00:00+00:00,49.099998474121094,49.560001373291016,48.9900016784668,49.5,20066100
2012-06-18 00:00:00+00:00,49.2400016784668,49.5,49.11000061035156,49.36000061035156,19122200
2012-06-19 00:00:00+00:00,49.869998931884766,50.5099983215332,49.810001373291016,50.18000030517578,23104500
2012-06-20 00:00:00+00:00,50.41999816894531,50.83000183105469,50.04999923706055,50.470001220703125,27983500
2012-06-21 00:00:00+00:00,49.22999954223633,49.33000183105469,47.9900016784668,48.029998779296875,25741600
2012-06-22 00:00:00+00:00,48.5099983215332,48.56999969482422,48.130001068115234,48.439998626708984,16488100
2012-06-25 00:00:00+00:00,47.630001068115234,47.650001525878906,47.25,47.36000061035156,32410900
2012-06-26 00:00:00+00:00,47.619998931884766,47.79999923706055,47.2599983215332,47.66999816894531,26606100
2012-06-27 00:00:00+00:00,47.84000015258789,48.209999084472656,47.720001220703125,48.119998931884766,19727600
2012-06-28 00:00:00+00:00,47.779998779296875,48.2599983215332,47.56999969482422,48.220001220703125,22778500
2012-06-29 00:00:00+00:00,49.72999954223633,49.9900016784668,49.630001068115234,49.959999084472656,31235200
2012-07-02 00:00:00+00:00,50.099998474121094,50.34000015258789,49.86000061035156,50.290000915527344,30092900
2012-07-03 00:00:00+00:00,50.33000183105469,50.790000915527344,50.279998779296875,50.75,12175100
2012-07-05 00:00:00+00:00,49.95000076293945,50.06999969482422,49.66999816894531,49.90999984741211,14389900
2012-07-06 00:00:00+00:00,49.470001220703125,49.560001373291016,49.13999938964844,49.439998626708984,15075800
2012-07-09 00:00:00+00:00,49.16999816894531,49.349998474121094,48.970001220703125,49.33000183105469,16313700
2012-07-10 00:00:00+00:00,49.54999923706055,49.63999938964844,48.880001068115234,49.0,20026100
2012-07-11 00:00:00+00:00,49.22999954223633,49.36000061035156,48.86000061035156,49.150001525878906,19418100
2012-07-12 00:00:00+00:00,48.5099983215332,48.810001373291016,48.22999954223633,48.65999984741211,21406500
2012-07-13 00:00:00+00:00,48.689998626708984,49.439998626708984,48.66999816894531,49.349998474121094,12613300
2012-07-16 00:00:00+00:00,49.209999084472656,49.4900016784668,48.959999084472656,49.34000015258789,12207500
2012-07-17 00:00:00+00:00,49.47999954223633,49.61000061035156,48.86000061035156,49.47999954223633,17158600
2012-07-18 00:00:00+00:00,49.31999969482422,49.91999816894531,49.290000915527344,49.869998931884766,13588000
2012-07-19 00:00:00+00:00,50.119998931884766,50.41999816894531,50.0,50.33000183105469,14039600
2012-07-20 00:00:00+00:00,49.400001525878906,49.439998626708984,49.029998779296875,49.150001525878906,24165100
2012-07-23 00:00:00+00:00,47.84000015258789,48.25,47.65999984741211,48.13999938964844,16082900
2012-07-24 00:00:00+00:00,48.08000183105469,48.119998931884766,47.290000915527344,47.619998931884766,18959800
2012-07-25 00:00:00+00:00,48.040000915527344,48.11000061035156,47.630001068115234,47.869998931884766,10156700
2012-07-26 00:00:00+00:00,49.18000030517578,49.720001220703125,49.060001373291016,49.33000183105469,18177000
2012-07-27 00:00:00+00:00,49.79999923706055,50.58000183105469,49.689998626708984,50.369998931884766,24134200
2012-07-30 00:00:00+00:00,50.09000015258789,50.47999954223633,50.08000183105469,50.310001373291016,24850000
2012-07-31 00:00:00+00:00,50.27000045776367,50.400001525878906,49.97999954223633,50.0,38450700
2012-08-01 00:00:00+00:00,50.349998474121094,50.45000076293945,49.9900016784668,50.0099983215332,17751600
2012-08-02 00:00:00+00:00,49.470001220703125,49.900001525878906,48.939998626708984,49.310001373291016,23218900
2012-08-03 00:00:00+00:00,50.38999938964844,51.130001068115234,50.349998474121094,50.9900016784668,26429600
2012-08-06 00:00:00+00:00,51.209999084472656,51.52000045776367,51.130001068115234,51.349998474121094,15028700
2012-08-07 00:00:00+00:00,51.779998779296875,52.04999923706055,51.72999954223633,51.779998779296875,17651200
2012-08-08 00:00:00+00:00,51.4900016784668,51.86000061035156,51.470001220703125,51.75,13491300
2012-08-09 00:00:00+00:00,51.630001068115234,51.95000076293945,51.56999969482422,51.779998779296875,12183000
2012-08-10 00:00:00+00:00,51.369998931884766,51.869998931884766,51.25,51.869998931884766,15265100
2012-08-13 00:00:00+00:00,51.72999954223633,51.880001068115234,51.45000076293945,51.619998931884766,15320400
2012-08-14 00:00:00+00:00,51.77000045776367,51.849998474121094,51.619998931884766,51.7400016784668,10610200
2012-08-15 00:00:00+00:00,51.56999969482422,51.72999954223633,51.52000045776367,51.59000015258789,14045700
2012-08-16 00:00:00+00:00,51.86000061035156,52.310001373291016,51.70000076293945,52.22999954223633,13498000
2012-08-17 00:00:00+00:00,52.31999969482422,52.369998931884766,52.08000183105469,52.29999923706055,17243500
2012-08-20 00:00:00+00:00,52.15999984741211,52.290000915527344,51.939998626708984,52.2400016784668,10066600
2012-08-21 00:00:00+00:00,52.650001525878906,52.91999816894531,52.380001068115234,52.540000915527344,19489800
2012-08-22 00:00:00+00:00,52.09000015258789,52.59000015258789,52.040000915527344,52.47999954223633,12494200
2012-08-23 00:00:00+00:00,52.27000045776367,52.43000030517578,52.06999969482422,52.18000030517578,16203200
2012-08-24 00:00:00+00:00,51.810001373291016,52.369998931884766,51.709999084472656,52.099998474121094,15841400
2012-08-27 00:00:00+00:00,52.2400016784668,52.38999938964844,52.060001373291016,52.130001068115234,12419900
2012-08-28 00:00:00+00:00,51.91999816894531,52.16999816894531,51.83000183105469,52.08000183105469,14528900
2012-08-29 00:00:00+00:00,52.029998779296875,52.11000061035156,51.84000015258789,51.91999816894531,11418300
2012-08-30 00:00:00+00:00,51.630001068115234,51.65999984741211,51.150001525878906,51.150001525878906,24315600
2012-08-31 00:00:00+00:00,51.779998779296875,51.939998626708984,51.33000183105469,51.599998474121094,26992000
2012-09-04 00:00:00+00:00,51.470001220703125,51.529998779296875,51.130001068115234,51.34000015258789,23863200
2012-09-05 00:00:00+00:00,51.34000015258789,51.43000030517578,51.119998931884766,51.20000076293945,17360500
2012-09-06 00:00:00+00:00,51.619998931884766,52.61000061035156,51.61000061035156,52.470001220703125,23697600
2012-09-07 00:00:00+00:00,53.04999923706055,53.400001525878906,53.0099983215332,53.2599983215332,17210600
2012-09-10 00:00:00+00:00,53.04999923706055,53.20000076293945,52.7599983215332,52.84000015258789,12831800
2012-09-11 00:00:00+00:00,53.060001373291016,53.59000015258789,53.060001373291016,53.439998626708984,15417500
2012-09-12 00:00:00+00:00,53.88999938964844,53.91999816894531,53.599998474121094,53.790000915527344,14731600
2012-09-13 00:00:00+00:00,53.72999954223633,54.86000061035156,53.56999969482422,54.61000061035156,21654700
2012-09-14 00:00:00+00:00,55.18000030517578,55.58000183105469,55.06999969482422,55.150001525878906,36185500
2012-09-17 00:00:00+00:00,55.09000015258789,55.20000076293945,54.720001220703125,54.86000061035156,14851900
2012-09-18 00:00:00+00:00,54.560001373291016,54.7599983215332,54.45000076293945,54.630001068115234,16695300
2012-09-19 00:00:00+00:00,54.720001220703125,54.970001220703125,54.54999923706055,54.86000061035156,17193300
2012-09-20 00:00:00+00:00,54.16999816894531,54.540000915527344,54.02000045776367,54.5099983215332,21727600
2012-09-21 00:00:00+00:00,54.86000061035156,54.900001525878906,54.52000045776367,54.540000915527344,21583300
2012-09-24 00:00:00+00:00,54.11000061035156,54.47999954223633,54.060001373291016,54.349998474121094,16172500
2012-09-25 00:00:00+00:00,54.4900016784668,54.7400016784668,53.970001220703125,53.970001220703125,22290200
2012-09-26 00:00:00+00:00,53.540000915527344,53.61000061035156,53.220001220703125,53.43000030517578,22161700
2012-09-27 00:00:00+00:00,53.790000915527344,54.2599983215332,53.619998931884766,54.06999969482422,20720800
2012-09-28 00:00:00+00:00,53.5,53.54999923706055,52.90999984741211,53.0,43265100
2012-10-01 00:00:00+00:00,53.56999969482422,53.97999954223633,53.36000061035156,53.43000030517578,18016800
2012-10-02 00:00:00+00:00,53.95000076293945,53.9900016784668,53.459999084472656,53.63999938964844,14274000
2012-10-03 00:00:00+00:00,53.599998474121094,53.63999938964844,53.29999923706055,53.41999816894531,17416800
2012-10-04 00:00:00+00:00,53.810001373291016,54.130001068115234,53.70000076293945,54.06999969482422,15963600
2012-10-05 00:00:00+00:00,54.5099983215332,54.650001525878906,54.040000915527344,54.13999938964844,13420500
2012-10-08 00:00:00+00:00,53.810001373291016,53.900001525878906,53.709999084472656,53.81999969482422,6656000
2012-10-09 00:00:00+00:00,53.47999954223633,53.58000183105469,53.040000915527344,53.040000915527344,15400300
2012-10-10 00:00:00+00:00,53.04999923706055,53.13999938964844,52.720001220703125,52.88999938964844,13899400
2012-10-11 00:00:00+00:00,53.41999816894531,53.650001525878906,53.150001525878906,53.22999954223633,13497700
2012-10-12 00:00:00+00:00,53.369998931884766,53.56999969482422,53.09000015258789,53.16999816894531,9295500
2012-10-15 00:00:00+00:00,53.529998779296875,53.75,53.2599983215332,53.689998626708984,21186600
2012-10-16 00:00:00+00:00,54.22999954223633,54.619998931884766,54.220001220703125,54.58000183105469,19155600
2012-10-17 00:00:00+00:00,54.849998474121094,55.150001525878906,54.720001220703125,55.09000015258789,15644700
2012-10-18 00:00:00+00:00,54.900001525878906,55.22999954223633,54.720001220703125,54.880001068115234,18096200
2012-10-19 00:00:00+00:00,54.72999954223633,54.7400016784668,54.060001373291016,54.13999938964844,19565700
2012-10-22 00:00:00+00:00,54.5099983215332,54.599998474121094,54.150001525878906,54.52000045776367,14263400
2012-10-23 00:00:00+00:00,53.41999816894531,53.470001220703125,53.040000915527344,53.349998474121094,18033600
2012-10-24 00:00:00+00:00,53.68000030517578,53.7599983215332,53.369998931884766,53.380001068115234,11683400
2012-10-25 00:00:00+00:00,54.0,54.08000183105469,53.5,53.70000076293945,15728800
2012-10-26 00:00:00+00:00,53.54999923706055,53.72999954223633,53.369998931884766,53.619998931884766,11745100
2012-10-31 00:00:00+00:00,53.91999816894531,53.97999954223633,53.439998626708984,53.58000183105469,21750700
2012-11-01 00:00:00+00:00,53.849998474121094,54.220001220703125,53.779998779296875,54.209999084472656,18856700
2012-11-02 00:00:00+00:00,54.16999816894531,54.16999816894531,53.61000061035156,53.689998626708984,16524400
2012-11-05 00:00:00+00:00,53.560001373291016,53.65999984741211,53.38999938964844,53.560001373291016,9714000
2012-11-06 00:00:00+00:00,53.77000045776367,54.150001525878906,53.75,54.06999969482422,11045300
2012-11-07 00:00:00+00:00,53.5,53.52000045776367,52.970001220703125,53.2599983215332,20992600
2012-11-08 00:00:00+00:00,53.060001373291016,53.310001373291016,52.7599983215332,52.779998779296875,19833000
2012-11-09 00:00:00+00:00,52.5099983215332,53.029998779296875,52.5,52.79999923706055,20872100
2012-11-12 00:00:00+00:00,52.810001373291016,52.91999816894531,52.630001068115234,52.7599983215332,11864800
2012-11-13 00:00:00+00:00,52.2599983215332,52.900001525878906,52.209999084472656,52.5,14507400
2012-11-14 00:00:00+00:00,52.689998626708984,52.7400016784668,51.86000061035156,51.95000076293945,20602900
2012-11-15 00:00:00+00:00,52.189998626708984,52.36000061035156,51.91999816894531,52.119998931884766,15479300
2012-11-16 00:00:00+00:00,52.130001068115234,52.209999084472656,51.630001068115234,52.09000015258789,18052300
2012-11-19 00:00:00+00:00,52.790000915527344,53.220001220703125,52.779998779296875,53.220001220703125,15934900
2012-11-20 00:00:00+00:00,53.0,53.310001373291016,52.900001525878906,53.29999923706055,13642300
2012-11-21 00:00:00+00:00,53.349998474121094,53.45000076293945,53.27000045776367,53.38999938964844,10368200
2012-11-23 00:00:00+00:00,54.20000076293945,54.540000915527344,54.16999816894531,54.540000915527344,8397700
2012-11-26 00:00:00+00:00,54.2400016784668,54.41999816894531,54.11000061035156,54.40999984741211,13682100
2012-11-27 00:00:00+00:00,54.290000915527344,54.439998626708984,54.119998931884766,54.13999938964844,13987200
2012-11-28 00:00:00+00:00,53.83000183105469,54.59000015258789,53.720001220703125,54.529998779296875,23549600
2012-11-29 00:00:00+00:00,54.959999084472656,55.130001068115234,54.709999084472656,55.0,19765500
2012-11-30 00:00:00+00:00,55.029998779296875,55.25,54.970001220703125,55.06999969482422,23565800
2012-12-03 00:00:00+00:00,55.34000015258789,55.369998931884766,55.060001373291016,55.13999938964844,22076600
2012-12-04 00:00:00+00:00,55.31999969482422,55.400001525878906,55.189998626708984,55.279998779296875,18736900
2012-12-05 00:00:00+00:00,55.29999923706055,55.599998474121094,55.11000061035156,55.36000061035156,22117800
2012-12-06 00:00:00+00:00,55.45000076293945,55.5099983215332,55.18000030517578,55.470001220703125,12963300
2012-12-07 00:00:00+00:00,55.349998474121094,55.5099983215332,53.400001525878906,55.4900016784668,11949100
2012-12-10 00:00:00+00:00,55.33000183105469,55.58000183105469,55.31999969482422,55.54999923706055,17617400
2012-12-11 00:00:00+00:00,55.720001220703125,55.95000076293945,55.720001220703125,55.869998931884766,15684400
2012-12-12 00:00:00+00:00,56.040000915527344,56.369998931884766,55.959999084472656,56.04999923706055,18266500
2012-12-13 00:00:00+00:00,55.95000076293945,56.099998474121094,55.75,55.880001068115234,13693600
2012-12-14 00:00:00+00:00,55.939998626708984,56.2599983215332,55.900001525878906,56.08000183105469,18514600
2012-12-17 00:00:00+00:00,56.040000915527344,56.369998931884766,56.0,56.310001373291016,22550700
2012-12-18 00:00:00+00:00,55.95000076293945,56.349998474121094,55.869998931884766,56.279998779296875,24270800
2012-12-19 00:00:00+00:00,56.720001220703125,56.77000045776367,56.459999084472656,56.47999954223633,19356300
2012-12-20 00:00:00+00:00,56.68000030517578,56.880001068115234,56.540000915527344,56.86000061035156,18545600
2012-12-21 00:00:00+00:00,56.08000183105469,56.52000045776367,56.060001373291016,56.5099983215332,22418300
2012-12-24 00:00:00+00:00,56.439998626708984,56.47999954223633,56.25,56.36000061035156,7699100
2012-12-26 00:00:00+00:00,56.52000045776367,56.56999969482422,56.119998931884766,56.349998474121094,11718000
2012-12-27 00:00:00+00:00,56.65999984741211,56.68000030517578,56.15999984741211,56.61000061035156,14207500
2012-12-28 00:00:00+00:00,56.13999938964844,56.29999923706055,55.970001220703125,56.0099983215332,18734500
2012-12-31 00:00:00+00:00,56.2400016784668,56.869998931884766,56.06999969482422,56.86000061035156,22820800
2013-01-02 00:00:00+00:00,57.66999816894531,57.779998779296875,57.38999938964844,57.7400016784668,26056300
2013-01-03 00:00:00+00:00,57.33000183105469,57.540000915527344,57.09000015258789,57.18000030517578,23239700
2013-01-04 00:00:00+00:00,57.06999969482422,57.540000915527344,57.0099983215332,57.470001220703125,15522200
2013-01-07 00:00:00+00:00,57.02000045776367,57.279998779296875,56.939998626708984,57.220001220703125,14102600
2013-01-08 00:00:00+00:00,57.02000045776367,57.08000183105469,56.689998626708984,56.900001525878906,15592300
2013-01-09 00:00:00+00:00,57.09000015258789,57.27000045776367,57.029998779296875,57.189998626708984,12779400
2013-01-10 00:00:00+00:00,57.79999923706055,58.0099983215332,57.59000015258789,57.91999816894531,17718600
2013-01-11 00:00:00+00:00,58.0099983215332,58.11000061035156,57.84000015258789,58.040000915527344,12624700
2013-01-14 00:00:00+00:00,58.04999923706055,58.150001525878906,57.869998931884766,58.11000061035156,9980400
2013-01-15 00:00:00+00:00,57.75,58.04999923706055,57.689998626708984,58.02000045776367,12534000
2013-01-16 00:00:00+00:00,57.619998931884766,57.810001373291016,57.52000045776367,57.7400016784668,12907000
2013-01-17 00:00:00+00:00,58.13999938964844,58.31999969482422,58.0,58.209999084472656,14936200
2013-01-18 00:00:00+00:00,58.13999938964844,58.220001220703125,57.88999938964844,58.150001525878906,18844000
2013-01-22 00:00:00+00:00,58.029998779296875,58.18000030517578,57.83000183105469,58.18000030517578,12090100
2013-01-23 00:00:00+00:00,58.040000915527344,58.15999984741211,57.880001068115234,58.119998931884766,10139900
2013-01-24 00:00:00+00:00,58.220001220703125,58.540000915527344,58.189998626708984,58.400001525878906,13640100
2013-01-25 00:00:00+00:00,58.95000076293945,59.029998779296875,58.70000076293945,59.029998779296875,16643500
2013-01-28 00:00:00+00:00,58.810001373291016,58.849998474121094,58.540000915527344,58.7400016784668,14802900
2013-01-29 00:00:00+00:00,58.869998931884766,59.20000076293945,58.849998474121094,59.13999938964844,13403300
2013-01-30 00:00:00+00:00,59.16999816894531,59.43000030517578,59.130001068115234,59.20000076293945,18943400
2013-01-31 00:00:00+00:00,59.11000061035156,59.279998779296875,58.939998626708984,58.97999954223633,22252200
2013-02-01 00:00:00+00:00,59.36000061035156,59.59000015258789,59.209999084472656,59.45000076293945,19989200
2013-02-04 00:00:00+00:00,58.790000915527344,58.88999938964844,58.2599983215332,58.380001068115234,18125200
2013-02-05 00:00:00+00:00,58.540000915527344,58.810001373291016,58.4900016784668,58.650001525878906,15418900
2013-02-06 00:00:00+00:00,58.279998779296875,58.66999816894531,58.2400016784668,58.63999938964844,26336000
2013-02-07 00:00:00+00:00,58.59000015258789,58.63999938964844,57.86000061035156,58.15999984741211,21947700
2013-02-08 00:00:00+00:00,58.36000061035156,58.59000015258789,58.36000061035156,58.529998779296875,18326200
2013-02-11 00:00:00+00:00,58.529998779296875,58.540000915527344,58.25,58.470001220703125,12677200
2013-02-12 00:00:00+00:00,58.5,58.880001068115234,58.45000076293945,58.7599983215332,11534200
2013-02-13 00:00:00+00:00,59.040000915527344,59.16999816894531,58.84000015258789,58.900001525878906,8955200
2013-02-14 00:00:00+00:00,58.380001068115234,58.619998931884766,58.36000061035156,58.58000183105469,10409900
2013-02-15 00:00:00+00:00,58.65999984741211,58.709999084472656,58.2599983215332,58.43000030517578,12095000
2013-02-19 00:00:00+00:00,58.93000030517578,59.15999984741211,58.91999816894531,59.119998931884766,20173800
2013-02-20 00:00:00+00:00,59.25,59.290000915527344,58.529998779296875,58.540000915527344,17523500
2013-02-21 00:00:00+00:00,57.84000015258789,57.869998931884766,57.400001525878906,57.65999984741211,34195200
2013-02-22 00:00:00+00:00,58.119998931884766,58.5099983215332,57.95000076293945,58.4900016784668,23364000
2013-02-25 00:00:00+00:00,58.83000183105469,58.93000030517578,57.02000045776367,57.09000015258789,40205000
2013-02-26 00:00:00+00:00,57.68000030517578,57.84000015258789,57.189998626708984,57.54999923706055,25416500
2013-02-27 00:00:00+00:00,57.470001220703125,58.349998474121094,57.400001525878906,58.279998779296875,16819600
2013-02-28 00:00:00+00:00,58.2599983215332,58.560001373291016,58.150001525878906,58.220001220703125,17815100
2013-03-01 00:00:00+00:00,57.79999923706055,58.20000076293945,57.58000183105469,58.099998474121094,18241800
2013-03-04 00:00:00+00:00,57.95000076293945,58.36000061035156,57.849998474121094,58.349998474121094,14580300
2013-03-05 00:00:00+00:00,58.81999969482422,59.040000915527344,58.79999923706055,58.93000030517578,16168000
2013-03-06 00:00:00+00:00,59.18000030517578,59.220001220703125,58.81999969482422,59.08000183105469,17189600
2013-03-07 00:00:00+00:00,59.220001220703125,59.34000015258789,59.18000030517578,59.25,11797900
2013-03-08 00:00:00+00:00,59.290000915527344,59.41999816894531,59.040000915527344,59.380001068115234,23305900
2013-03-11 00:00:00+00:00,59.290000915527344,59.560001373291016,59.220001220703125,59.560001373291016,10873200
2013-03-12 00:00:00+00:00,59.529998779296875,59.599998474121094,59.150001525878906,59.2599983215332,16015600
2013-03-13 00:00:00+00:00,59.130001068115234,59.33000183105469,58.869998931884766,59.16999816894531,20517900
2013-03-14 00:00:00+00:00,59.43000030517578,59.810001373291016,59.400001525878906,59.75,12158300
2013-03-15 00:00:00+00:00,59.91999816894531,59.9900016784668,59.709999084472656,59.869998931884766,18191100
2013-03-18 00:00:00+00:00,59.119998931884766,59.650001525878906,59.09000015258789,59.209999084472656,25132800
2013-03-19 00:00:00+00:00,59.36000061035156,59.439998626708984,58.630001068115234,59.029998779296875,25745200
2013-03-20 00:00:00+00:00,59.439998626708984,59.540000915527344,59.290000915527344,59.38999938964844,16134800
2013-03-21 00:00:00+00:00,58.900001525878906,59.22999954223633,58.81999969482422,58.849998474121094,18106800
2013-03-22 00:00:00+00:00,59.18000030517578,59.45000076293945,59.08000183105469,59.36000061035156,18090400
2013-03-25 00:00:00+00:00,59.38999938964844,59.470001220703125,58.470001220703125,58.619998931884766,31933000
2013-03-26 00:00:00+00:00,58.83000183105469,59.0,58.65999984741211,58.9900016784668,15040700
2013-03-27 00:00:00+00:00,58.310001373291016,58.720001220703125,58.20000076293945,58.70000076293945,14990300
2013-03-28 00:00:00+00:00,58.81999969482422,59.040000915527344,58.7400016784668,58.97999954223633,28690100
2013-04-01 00:00:00+00:00,58.56999969482422,58.619998931884766,58.09000015258789,58.189998626708984,24852900
2013-04-02 00:00:00+00:00,58.84000015258789,59.099998474121094,58.72999954223633,58.810001373291016,19636600
2013-04-03 00:00:00+00:00,59.060001373291016,59.13999938964844,58.470001220703125,58.52000045776367,16961000
2013-04-04 00:00:00+00:00,58.720001220703125,59.099998474121094,58.59000015258789,59.040000915527344,14924900
2013-04-05 00:00:00+00:00,58.220001220703125,58.779998779296875,58.15999984741211,58.77000045776367,18160400
2013-04-08 00:00:00+00:00,58.7400016784668,59.0,58.63999938964844,59.0,17117700
2013-04-09 00:00:00+00:00,58.97999954223633,59.40999984741211,58.75,59.209999084472656,17406300
2013-04-10 00:00:00+00:00,59.75,60.220001220703125,59.7400016784668,60.09000015258789,18195500
2013-04-11 00:00:00+00:00,60.470001220703125,60.84000015258789,60.380001068115234,60.560001373291016,19865300
2013-04-12 00:00:00+00:00,60.279998779296875,60.43000030517578,60.029998779296875,60.40999984741211,16777400
2013-04-15 00:00:00+00:00,59.869998931884766,59.900001525878906,59.189998626708984,59.220001220703125,22699900
2013-04-16 00:00:00+00:00,59.900001525878906,60.060001373291016,59.599998474121094,60.060001373291016,14675700
2013-04-17 00:00:00+00:00,59.34000015258789,59.369998931884766,58.52000045776367,58.810001373291016,30730800
2013-04-18 00:00:00+00:00,58.91999816894531,58.95000076293945,58.439998626708984,58.630001068115234,19211400
2013-04-19 00:00:00+00:00,59.0099983215332,59.119998931884766,58.84000015258789,59.099998474121094,24725900
2013-04-22 00:00:00+00:00,59.099998474121094,59.439998626708984,58.790000915527344,59.349998474121094,16899700
2013-04-23 00:00:00+00:00,59.84000015258789,60.22999954223633,59.81999969482422,60.189998626708984,21257700
2013-04-24 00:00:00+00:00,60.52000045776367,60.880001068115234,60.45000076293945,60.709999084472656,18269400
2013-04-25 00:00:00+00:00,61.0099983215332,61.29999923706055,60.959999084472656,61.029998779296875,20079200
2013-04-26 00:00:00+00:00,60.959999084472656,61.13999938964844,60.88999938964844,61.08000183105469,13910200
2013-04-29 00:00:00+00:00,61.36000061035156,61.93000030517578,61.349998474121094,61.86000061035156,14721000
2013-04-30 00:00:00+00:00,61.84000015258789,61.9900016784668,61.709999084472656,61.939998626708984,22261300
2013-05-01 00:00:00+00:00,62.0,62.02000045776367,61.439998626708984,61.56999969482422,19104600
2013-05-02 00:00:00+00:00,61.41999816894531,61.88999938964844,61.36000061035156,61.7599983215332,18247200
2013-05-03 00:00:00+00:00,62.310001373291016,62.630001068115234,62.279998779296875,62.54999923706055,19161200
2013-05-06 00:00:00+00:00,62.279998779296875,62.470001220703125,62.220001220703125,62.470001220703125,7583700
2013-05-07 00:00:00+00:00,62.560001373291016,62.65999984741211,62.36000061035156,62.56999969482422,15724500
2013-05-08 00:00:00+00:00,62.900001525878906,63.2599983215332,62.900001525878906,63.22999954223633,17768200
2013-05-09 00:00:00+00:00,62.900001525878906,62.959999084472656,62.369998931884766,62.619998931884766,16372400
2013-05-10 00:00:00+00:00,62.54999923706055,62.720001220703125,62.34000015258789,62.689998626708984,15403400
2013-05-13 00:00:00+00:00,62.619998931884766,62.70000076293945,62.459999084472656,62.65999984741211,11911400
2013-05-14 00:00:00+00:00,62.560001373291016,62.880001068115234,62.54999923706055,62.779998779296875,26158800
2013-05-15 00:00:00+00:00,62.689998626708984,63.06999969482422,62.68000030517578,63.04999923706055,15961600
2013-05-16 00:00:00+00:00,62.72999954223633,62.95000076293945,62.4900016784668,62.619998931884766,16669100
2013-05-17 00:00:00+00:00,62.650001525878906,63.06999969482422,62.59000015258789,63.04999923706055,12925700
2013-05-20 00:00:00+00:00,63.08000183105469,63.439998626708984,63.06999969482422,63.400001525878906,16117200
2013-05-21 00:00:00+00:00,63.150001525878906,63.65999984741211,63.029998779296875,63.529998779296875,15283700
2013-05-22 00:00:00+00:00,63.540000915527344,64.13999938964844,62.70000076293945,62.88999938964844,21713500
2013-05-23 00:00:00+00:00,61.33000183105469,62.0099983215332,60.9900016784668,61.9900016784668,27055200
2013-05-24 00:00:00+00:00,61.16999816894531,61.470001220703125,60.9900016784668,61.45000076293945,19956800
2013-05-28 00:00:00+00:00,61.970001220703125,62.15999984741211,61.470001220703125,61.61000061035156,20275800
2013-05-29 00:00:00+00:00,61.08000183105469,61.15999984741211,60.72999954223633,61.02000045776367,18099400
2013-05-30 00:00:00+00:00,61.029998779296875,61.45000076293945,60.9900016784668,61.2599983215332,27382900
2013-05-31 00:00:00+00:00,60.5099983215332,60.650001525878906,60.029998779296875,60.06999969482422,36549400
2013-06-03 00:00:00+00:00,60.08000183105469,60.5099983215332,59.77000045776367,60.29999923706055,30340700
2013-06-04 00:00:00+00:00,60.790000915527344,60.88999938964844,60.20000076293945,60.52000045776367,17024400
2013-06-05 00:00:00+00:00,59.83000183105469,59.849998474121094,59.150001525878906,59.16999816894531,28821600
2013-06-06 00:00:00+00:00,59.15999984741211,59.529998779296875,58.869998931884766,59.5,24386900
2013-06-07 00:00:00+00:00,59.540000915527344,60.310001373291016,59.400001525878906,60.29999923706055,19245200
2013-06-10 00:00:00+00:00,60.470001220703125,60.4900016784668,60.130001068115234,60.36000061035156,14559800
2013-06-11 00:00:00+00:00,59.47999954223633,59.95000076293945,59.349998474121094,59.619998931884766,16619000
2013-06-12 00:00:00+00:00,60.29999923706055,60.36000061035156,59.470001220703125,59.54999923706055,14378100
2013-06-13 00:00:00+00:00,59.689998626708984,60.56999969482422,59.59000015258789,60.459999084472656,20158400
2013-06-14 00:00:00+00:00,60.0099983215332,60.33000183105469,59.61000061035156,59.79999923706055,17334200
2013-06-17 00:00:00+00:00,60.869998931884766,61.04999923706055,60.29999923706055,60.65999984741211,17560400
2013-06-18 00:00:00+00:00,60.869998931884766,61.20000076293945,60.849998474121094,61.09000015258789,13168500
2013-06-19 00:00:00+00:00,61.040000915527344,61.18000030517578,59.939998626708984,59.95000076293945,33232800
2013-06-20 00:00:00+00:00,58.709999084472656,58.7400016784668,57.65999984741211,57.75,40517100
2013-06-21 00:00:00+00:00,58.41999816894531,58.470001220703125,57.43000030517578,57.939998626708984,30474300
2013-06-24 00:00:00+00:00,56.7400016784668,57.33000183105469,56.439998626708984,57.029998779296875,24351500
2013-06-25 00:00:00+00:00,57.529998779296875,57.849998474121094,57.099998474121094,57.7599983215332,24494900
2013-06-26 00:00:00+00:00,58.029998779296875,58.18000030517578,57.779998779296875,57.9900016784668,27142000
2013-06-27 00:00:00+00:00,57.33000183105469,57.709999084472656,57.33000183105469,57.40999984741211,17753800
2013-06-28 00:00:00+00:00,57.310001373291016,57.599998474121094,57.09000015258789,57.29999923706055,31174100
2013-07-01 00:00:00+00:00,57.810001373291016,58.08000183105469,57.75,57.84000015258789,15315900
2013-07-02 00:00:00+00:00,57.779998779296875,58.09000015258789,57.33000183105469,57.54999923706055,13492800
2013-07-03 00:00:00+00:00,57.11000061035156,57.68000030517578,57.02000045776367,57.56999969482422,11748500
2013-07-05 00:00:00+00:00,57.959999084472656,57.97999954223633,57.40999984741211,57.84000015258789,10197800
2013-07-08 00:00:00+00:00,58.04999923706055,58.31999969482422,58.0,58.20000076293945,11993200
2013-07-09 00:00:00+00:00,58.63999938964844,58.63999938964844,58.15999984741211,58.52000045776367,11624200
2013-07-10 00:00:00+00:00,58.5099983215332,59.11000061035156,58.45000076293945,58.689998626708984,16162300
2013-07-11 00:00:00+00:00,59.779998779296875,60.27000045776367,59.540000915527344,60.209999084472656,20284600
2013-07-12 00:00:00+00:00,59.77000045776367,59.91999816894531,59.630001068115234,59.810001373291016,15189800
2013-07-15 00:00:00+00:00,60.029998779296875,60.189998626708984,59.93000030517578,60.18000030517578,17063200
2013-07-16 00:00:00+00:00,60.130001068115234,60.22999954223633,59.97999954223633,60.13999938964844,10894600
2013-07-17 00:00:00+00:00,60.619998931884766,60.619998931884766,60.18000030517578,60.31999969482422,13744500
2013-07-18 00:00:00+00:00,60.4900016784668,60.779998779296875,60.11000061035156,60.720001220703125,11036600
2013-07-19 00:00:00+00:00,60.5099983215332,60.77000045776367,60.400001525878906,60.66999816894531,23299300
2013-07-22 00:00:00+00:00,60.810001373291016,61.06999969482422,60.779998779296875,61.0099983215332,16518900
2013-07-23 00:00:00+00:00,61.209999084472656,61.2599983215332,60.95000076293945,61.13999938964844,11132000
2013-07-24 00:00:00+00:00,61.369998931884766,61.380001068115234,60.810001373291016,61.060001373291016,12887500
2013-07-25 00:00:00+00:00,60.5,61.209999084472656,60.4900016784668,61.18000030517578,14467100
2013-07-26 00:00:00+00:00,60.630001068115234,60.79999923706055,60.29999923706055,60.79999923706055,15499000
2013-07-29 00:00:00+00:00,60.2400016784668,60.34000015258789,60.119998931884766,60.220001220703125,11063600
2013-07-30 00:00:00+00:00,60.470001220703125,60.5099983215332,60.02000045776367,60.209999084472656,10712500
2013-07-31 00:00:00+00:00,60.060001373291016,60.75,60.060001373291016,60.349998474121094,22989900
2013-08-01 00:00:00+00:00,61.119998931884766,61.2599983215332,60.959999084472656,61.16999816894531,24484500
2013-08-02 00:00:00+00:00,61.22999954223633,61.66999816894531,61.209999084472656,61.66999816894531,15475000
2013-08-05 00:00:00+00:00,61.400001525878906,61.560001373291016,61.22999954223633,61.540000915527344,11483000
2013-08-06 00:00:00+00:00,61.689998626708984,61.7400016784668,61.29999923706055,61.45000076293945,18325300
2013-08-07 00:00:00+00:00,61.20000076293945,61.29999923706055,61.099998474121094,61.18000030517578,11989700
2013-08-08 00:00:00+00:00,61.52000045776367,61.83000183105469,61.34000015258789,61.72999954223633,12612700
2013-08-09 00:00:00+00:00,61.650001525878906,61.939998626708984,61.61000061035156,61.84000015258789,14951500
2013-08-12 00:00:00+00:00,61.5099983215332,61.72999954223633,61.5,61.66999816894531,13785000
2013-08-13 00:00:00+00:00,61.83000183105469,62.13999938964844,61.4900016784668,62.06999969482422,13189100
2013-08-14 00:00:00+00:00,62.099998474121094,62.189998626708984,61.9900016784668,62.099998474121094,14258600
2013-08-15 00:00:00+00:00,61.33000183105469,61.65999984741211,60.939998626708984,61.58000183105469,23650000
2013-08-16 00:00:00+00:00,61.709999084472656,61.83000183105469,61.59000015258789,61.689998626708984,15219600
2013-08-19 00:00:00+00:00,61.619998931884766,61.65999984741211,61.209999084472656,61.25,13596700
2013-08-20 00:00:00+00:00,61.029998779296875,61.33000183105469,60.91999816894531,61.16999816894531,12885800
2013-08-21 00:00:00+00:00,60.77000045776367,61.0,60.22999954223633,60.45000076293945,12755200
2013-08-22 00:00:00+00:00,60.900001525878906,61.130001068115234,60.880001068115234,61.040000915527344,8041700
2013-08-23 00:00:00+00:00,61.380001068115234,61.58000183105469,61.209999084472656,61.56999969482422,10141600
2013-08-26 00:00:00+00:00,61.279998779296875,61.400001525878906,61.11000061035156,61.119998931884766,8471000
2013-08-27 00:00:00+00:00,60.43000030517578,60.630001068115234,60.040000915527344,60.08000183105469,18839100
2013-08-28 00:00:00+00:00,59.75,60.220001220703125,59.68000030517578,60.0099983215332,10521700
2013-08-29 00:00:00+00:00,59.86000061035156,60.15999984741211,59.79999923706055,59.90999984741211,10555800
2013-08-30 00:00:00+00:00,59.619998931884766,59.63999938964844,59.15999984741211,59.16999816894531,21045300
2013-09-03 00:00:00+00:00,60.5099983215332,60.59000015258789,60.040000915527344,60.310001373291016,18912700
2013-09-04 00:00:00+00:00,60.209999084472656,60.939998626708984,60.150001525878906,60.849998474121094,11868800
2013-09-05 00:00:00+00:00,60.59000015258789,60.86000061035156,60.58000183105469,60.79999923706055,10523400
2013-09-06 00:00:00+00:00,61.060001373291016,61.310001373291016,60.650001525878906,61.130001068115234,16398000
2013-09-09 00:00:00+00:00,61.4900016784668,62.0,61.4900016784668,61.970001220703125,17398000
2013-09-10 00:00:00+00:00,62.47999954223633,62.70000076293945,62.40999984741211,62.66999816894531,15972400
2013-09-11 00:00:00+00:00,62.41999816894531,62.90999984741211,62.40999984741211,62.88999938964844,11864200
2013-09-12 00:00:00+00:00,62.56999969482422,62.810001373291016,62.52000045776367,62.529998779296875,16745000
2013-09-13 00:00:00+00:00,62.61000061035156,62.84000015258789,62.43000030517578,62.83000183105469,13590900
2013-09-16 00:00:00+00:00,63.650001525878906,63.650001525878906,63.27000045776367,63.31999969482422,18909500
2013-09-17 00:00:00+00:00,63.16999816894531,63.36000061035156,63.16999816894531,63.36000061035156,10370400
2013-09-18 00:00:00+00:00,63.40999984741211,65.11000061035156,63.2400016784668,65.05000305175781,21359000
2013-09-19 00:00:00+00:00,65.06999969482422,65.08000183105469,64.6500015258789,64.73999786376953,19195600
2013-09-20 00:00:00+00:00,64.62999725341797,64.62999725341797,64.23999786376953,64.2699966430664,18878600
2013-09-23 00:00:00+00:00,64.29000091552734,64.36000061035156,63.95000076293945,64.25,17860700
2013-09-24 00:00:00+00:00,64.19999694824219,64.41000366210938,63.97999954223633,64.1500015258789,14979200
2013-09-25 00:00:00+00:00,64.11000061035156,64.36000061035156,64.01000213623047,64.22000122070312,14478100
2013-09-26 00:00:00+00:00,64.30000305175781,64.58999633789062,64.25,64.48999786376953,15653800
2013-09-27 00:00:00+00:00,64.19000244140625,64.41999816894531,64.12999725341797,64.26000213623047,17705800
2013-09-30 00:00:00+00:00,63.61000061035156,63.970001220703125,63.54999923706055,63.79999923706055,22274400
2013-10-01 00:00:00+00:00,63.869998931884766,64.30000305175781,63.75,64.13999938964844,15392400
2013-10-02 00:00:00+00:00,63.90999984741211,64.16000366210938,63.59000015258789,64.12000274658203,12620200
2013-10-03 00:00:00+00:00,63.9900016784668,64.02999877929688,63.59000015258789,63.70000076293945,16212700
2013-10-04 00:00:00+00:00,63.61000061035156,63.91999816894531,63.58000183105469,63.849998474121094,11699000
2013-10-07 00:00:00+00:00,63.060001373291016,63.4900016784668,63.040000915527344,63.189998626708984,17360800
2013-10-08 00:00:00+00:00,63.220001220703125,63.310001373291016,62.68000030517578,62.70000076293945,19635600
2013-10-09 00:00:00+00:00,62.93000030517578,63.09000015258789,62.540000915527344,62.970001220703125,19659500
2013-10-10 00:00:00+00:00,63.5099983215332,64.19999694824219,63.5,64.0999984741211,16423300
2013-10-11 00:00:00+00:00,64.11000061035156,64.47000122070312,64.06999969482422,64.44000244140625,13279100
2013-10-14 00:00:00+00:00,64.16999816894531,64.70999908447266,64.12000274658203,64.66000366210938,7213800
2013-10-15 00:00:00+00:00,64.4000015258789,64.5199966430664,64.27999877929688,64.3499984741211,15599400
2013-10-16 00:00:00+00:00,64.54000091552734,64.8499984741211,64.48999786376953,64.83000183105469,17389900
2013-10-17 00:00:00+00:00,65.19000244140625,65.72000122070312,65.12999725341797,65.69000244140625,21850200
2013-10-18 00:00:00+00:00,65.88999938964844,66.11000061035156,65.77999877929688,66.08000183105469,16283000
2013-10-21 00:00:00+00:00,65.98999786376953,66.18000030517578,65.93000030517578,66.18000030517578,11068000
2013-10-22 00:00:00+00:00,66.5199966430664,66.95999908447266,66.5199966430664,66.83999633789062,13015200
2013-10-23 00:00:00+00:00,66.20999908447266,66.25,65.97000122070312,66.19000244140625,13384700
2013-10-24 00:00:00+00:00,66.55999755859375,66.69000244140625,66.4000015258789,66.6500015258789,11820900
2013-10-25 00:00:00+00:00,66.44999694824219,66.47000122070312,66.27999877929688,66.45999908447266,16688300
2013-10-28 00:00:00+00:00,66.27999877929688,66.4800033569336,66.19000244140625,66.3499984741211,9936700
2013-10-29 00:00:00+00:00,66.41000366210938,66.51000213623047,66.30999755859375,66.48999786376953,12121400
2013-10-30 00:00:00+00:00,66.55999755859375,66.58999633789062,65.91999816894531,66.25,18774000
2013-10-31 00:00:00+00:00,66.06999969482422,66.25,65.77999877929688,65.87999725341797,22366900
2013-11-01 00:00:00+00:00,65.52999877929688,65.58999633789062,65.19000244140625,65.55999755859375,18921000
2013-11-04 00:00:00+00:00,65.68000030517578,65.87999725341797,65.55000305175781,65.87999725341797,27539500
2013-11-05 00:00:00+00:00,65.19999694824219,65.41999816894531,64.98999786376953,65.30999755859375,13129600
2013-11-06 00:00:00+00:00,65.88999938964844,66.05000305175781,65.75,65.87999725341797,16260600
2013-11-07 00:00:00+00:00,65.62000274658203,65.66999816894531,64.76000213623047,64.83999633789062,22820200
2013-11-08 00:00:00+00:00,64.69999694824219,65.23999786376953,64.69000244140625,65.22000122070312,15873000
2013-11-11 00:00:00+00:00,65.23999786376953,65.37000274658203,65.16000366210938,65.36000061035156,14206100
2013-11-12 00:00:00+00:00,65.18000030517578,65.31999969482422,64.97000122070312,65.13999938964844,13391000
2013-11-13 00:00:00+00:00,64.63999938964844,65.41999816894531,64.62000274658203,65.3499984741211,12669400
2013-11-14 00:00:00+00:00,65.3499984741211,65.7300033569336,65.29000091552734,65.6500015258789,14537100
2013-11-15 00:00:00+00:00,66.02999877929688,66.31999969482422,65.95999908447266,66.18000030517578,25278400
2013-11-18 00:00:00+00:00,66.55999755859375,66.5999984741211,66.08999633789062,66.18000030517578,12776200
2013-11-19 00:00:00+00:00,66.0199966430664,66.19999694824219,65.87999725341797,66.01000213623047,10664300
2013-11-20 00:00:00+00:00,66.08000183105469,66.22000122070312,65.37999725341797,65.55000305175781,18220600
2013-11-21 00:00:00+00:00,65.7699966430664,65.97000122070312,65.66000366210938,65.95999908447266,15963400
2013-11-22 00:00:00+00:00,65.94999694824219,66.2300033569336,65.91000366210938,66.1500015258789,18657100
2013-11-25 00:00:00+00:00,66.0999984741211,66.11000061035156,65.87000274658203,65.94999694824219,11835000
2013-11-26 00:00:00+00:00,65.81999969482422,66.01000213623047,65.75,65.94999694824219,14620200
2013-11-27 00:00:00+00:00,66.18000030517578,66.29000091552734,66.02999877929688,66.11000061035156,9667100
2013-11-29 00:00:00+00:00,66.5199966430664,66.58000183105469,66.23999786376953,66.23999786376953,13964200
2013-12-02 00:00:00+00:00,66.01000213623047,66.11000061035156,65.73999786376953,65.75,17686300
2013-12-03 00:00:00+00:00,65.41999816894531,65.54000091552734,65.08999633789062,65.29000091552734,14776300
2013-12-04 00:00:00+00:00,64.52999877929688,65.0,64.5199966430664,64.94000244140625,18603800
2013-12-05 00:00:00+00:00,64.7300033569336,64.87000274658203,64.4800033569336,64.56999969482422,13115500
2013-12-06 00:00:00+00:00,65.12999725341797,65.4000015258789,65.01000213623047,65.37000274658203,12965100
2013-12-09 00:00:00+00:00,65.25,65.41000366210938,65.20999908447266,65.30000305175781,11275800
2013-12-10 00:00:00+00:00,65.1500015258789,65.29000091552734,65.0,65.19000244140625,13978200
2013-12-11 00:00:00+00:00,65.19999694824219,65.20999908447266,64.55000305175781,64.58000183105469,14151000
2013-12-12 00:00:00+00:00,64.27999877929688,64.33999633789062,63.95000076293945,64.11000061035156,14118200
2013-12-13 00:00:00+00:00,64.0999984741211,64.1500015258789,63.849998474121094,64.06999969482422,12214200
2013-12-16 00:00:00+00:00,64.51000213623047,64.7300033569336,64.47000122070312,64.52999877929688,13338900
2013-12-17 00:00:00+00:00,64.36000061035156,64.37999725341797,64.08000183105469,64.25,15966500
2013-12-18 00:00:00+00:00,64.22000122070312,64.86000061035156,63.5,64.69999694824219,28970800
2013-12-19 00:00:00+00:00,64.48999786376953,64.80999755859375,64.41999816894531,64.69999694824219,20647100
2013-12-20 00:00:00+00:00,64.91000366210938,65.18000030517578,64.87999725341797,65.06999969482422,18427500
2013-12-23 00:00:00+00:00,65.48999786376953,65.76000213623047,65.4000015258789,65.73999786376953,15767500
2013-12-24 00:00:00+00:00,65.62999725341797,65.87000274658203,65.55999755859375,65.87000274658203,6708500
2013-12-26 00:00:00+00:00,66.16000366210938,66.27999877929688,66.1500015258789,66.2300033569336,8510500
2013-12-27 00:00:00+00:00,66.76000213623047,66.7699966430664,66.51000213623047,66.56999969482422,18585400
2013-12-30 00:00:00+00:00,66.73999786376953,66.91000366210938,66.68000030517578,66.8499984741211,14432400
2013-12-31 00:00:00+00:00,67.04000091552734,67.36000061035156,67.0,67.0999984741211,21704700
2014-01-02 00:00:00+00:00,66.20999908447266,66.2699966430664,65.73999786376953,65.91000366210938,26240600
2014-01-03 00:00:00+00:00,66.0199966430664,66.19000244140625,65.87000274658203,65.9800033569336,19270100
2014-01-06 00:00:00+00:00,66.05000305175781,66.11000061035156,65.83999633789062,65.9000015258789,14737600
2014-01-07 00:00:00+00:00,66.16999816894531,66.3499984741211,66.12999725341797,66.2699966430664,12075700
2014-01-08 00:00:00+00:00,66.31999969482422,66.37000274658203,66.0999984741211,66.25,17555600
2014-01-09 00:00:00+00:00,66.27999877929688,66.27999877929688,65.80000305175781,66.19999694824219,13128600
2014-01-10 00:00:00+00:00,66.5,66.8499984741211,66.43000030517578,66.80999755859375,19676400
2014-01-13 00:00:00+00:00,66.5199966430664,66.68000030517578,66.11000061035156,66.2300033569336,19464700
2014-01-14 00:00:00+00:00,66.41999816894531,66.80999755859375,66.22000122070312,66.76000213623047,12268900
2014-01-15 00:00:00+00:00,66.72000122070312,67.08000183105469,66.69000244140625,67.04000091552734,12388800
2014-01-16 00:00:00+00:00,66.93000030517578,67.01000213623047,66.69999694824219,67.01000213623047,21172000
2014-01-17 00:00:00+00:00,66.9800033569336,67.02999877929688,66.70999908447266,66.80999755859375,22526900
2014-01-21 00:00:00+00:00,67.19999694824219,67.22000122070312,66.81999969482422,67.12999725341797,18600200
2014-01-22 00:00:00+00:00,67.11000061035156,67.16999816894531,66.94999694824219,67.12999725341797,12664100
2014-01-23 00:00:00+00:00,66.88999938964844,66.91000366210938,66.41000366210938,66.68000030517578,17691700
2014-01-24 00:00:00+00:00,65.69000244140625,65.69999694824219,64.8499984741211,64.8499984741211,25036300
2014-01-27 00:00:00+00:00,64.87999725341797,64.93000030517578,64.1500015258789,64.55000305175781,21487100
2014-01-28 00:00:00+00:00,64.86000061035156,65.18000030517578,64.83000183105469,65.11000061035156,15857600
2014-01-29 00:00:00+00:00,64.26000213623047,64.72000122070312,64.19000244140625,64.37999725341797,21210400
2014-01-30 00:00:00+00:00,64.66000366210938,64.80999755859375,64.37999725341797,64.70999908447266,14681000
2014-01-31 00:00:00+00:00,63.33000183105469,64.0199966430664,63.310001373291016,63.61000061035156,39572600
2014-02-03 00:00:00+00:00,63.540000915527344,63.619998931884766,62.279998779296875,62.310001373291016,45762000
2014-02-04 00:00:00+00:00,62.77000045776367,63.06999969482422,62.58000183105469,63.029998779296875,26309300
2014-02-05 00:00:00+00:00,63.0,63.209999084472656,62.7599983215332,63.15999984741211,17503900
2014-02-06 00:00:00+00:00,63.720001220703125,64.30999755859375,63.709999084472656,64.27999877929688,16589100
2014-02-07 00:00:00+00:00,64.62000274658203,65.12999725341797,64.47000122070312,65.12000274658203,14500900
2014-02-10 00:00:00+00:00,64.93000030517578,64.94000244140625,64.75,64.9000015258789,13885400
2014-02-11 00:00:00+00:00,65.2699966430664,66.05000305175781,65.25,65.93000030517578,18061900
2014-02-12 00:00:00+00:00,65.94999694824219,66.11000061035156,65.8499984741211,66.04000091552734,14801400
2014-02-13 00:00:00+00:00,65.45999908447266,66.27999877929688,65.43000030517578,66.23999786376953,17329500
2014-02-14 00:00:00+00:00,66.16999816894531,66.55999755859375,66.0999984741211,66.48999786376953,18540700
2014-02-18 00:00:00+00:00,66.94000244140625,67.13999938964844,66.76000213623047,67.05999755859375,16668600
2014-02-19 00:00:00+00:00,66.91999816894531,67.22000122070312,66.56999969482422,66.61000061035156,13139900
2014-02-20 00:00:00+00:00,66.54000091552734,66.93000030517578,66.4000015258789,66.83999633789062,14098500
2014-02-21 00:00:00+00:00,67.1500015258789,67.33000183105469,66.95999908447266,66.97000122070312,12629800
2014-02-24 00:00:00+00:00,67.22000122070312,67.87000274658203,67.19000244140625,67.55000305175781,22573000
2014-02-25 00:00:00+00:00,67.56999969482422,67.76000213623047,67.2699966430664,67.38999938964844,16833800
2014-02-26 00:00:00+00:00,67.26000213623047,67.33000183105469,66.94000244140625,67.16000366210938,14872400
2014-02-27 00:00:00+00:00,66.9800033569336,67.41000366210938,66.8499984741211,67.38999938964844,11392500
2014-02-28 00:00:00+00:00,67.5,67.87000274658203,67.30000305175781,67.51000213623047,41960000
2014-03-03 00:00:00+00:00,66.37999725341797,66.54000091552734,65.91000366210938,66.08000183105469,27783400
2014-03-04 00:00:00+00:00,67.4000015258789,67.48999786376953,67.29000091552734,67.38999938964844,29272000
2014-03-05 00:00:00+00:00,67.29000091552734,67.45999908447266,67.20999908447266,67.33000183105469,16872800
2014-03-06 00:00:00+00:00,68.0199966430664,68.19000244140625,67.93000030517578,68.02999877929688,15087000
2014-03-07 00:00:00+00:00,67.91000366210938,67.95999908447266,67.31999969482422,67.66000366210938,21133800
2014-03-10 00:00:00+00:00,67.20999908447266,67.29000091552734,66.83000183105469,67.23999786376953,23329100
2014-03-11 00:00:00+00:00,67.11000061035156,67.33999633789062,66.68000030517578,66.75,17811900
2014-03-12 00:00:00+00:00,66.16000366210938,66.5999984741211,66.01000213623047,66.5,14151000
2014-03-13 00:00:00+00:00,66.63999938964844,66.69000244140625,65.13999938964844,65.26000213623047,35340200
2014-03-14 00:00:00+00:00,64.87000274658203,65.43000030517578,64.87000274658203,65.12000274658203,24796000
2014-03-17 00:00:00+00:00,65.62999725341797,66.0199966430664,65.5999984741211,65.94000244140625,24052700
2014-03-18 00:00:00+00:00,65.98999786376953,66.4800033569336,65.9800033569336,66.3499984741211,19417000
2014-03-19 00:00:00+00:00,66.27999877929688,66.30999755859375,65.12000274658203,65.54000091552734,22330200
2014-03-20 00:00:00+00:00,64.95999908447266,65.41999816894531,64.81999969482422,65.29000091552734,18788100
2014-03-21 00:00:00+00:00,65.61000061035156,65.80999755859375,65.12000274658203,65.16000366210938,17668300
2014-03-24 00:00:00+00:00,65.61000061035156,65.6500015258789,64.93000030517578,65.33000183105469,17552900
2014-03-25 00:00:00+00:00,65.83000183105469,66.19000244140625,65.62999725341797,66.04000091552734,20785500
2014-03-26 00:00:00+00:00,66.56999969482422,66.5999984741211,66.0199966430664,66.02999877929688,27028900
2014-03-27 00:00:00+00:00,66.27999877929688,66.48999786376953,66.13999938964844,66.36000061035156,22352000
2014-03-28 00:00:00+00:00,66.86000061035156,67.05999755859375,66.80000305175781,66.86000061035156,13875500
2014-03-31 00:00:00+00:00,67.37000274658203,67.47000122070312,67.13999938964844,67.19999694824219,24498300
2014-04-01 00:00:00+00:00,67.5999984741211,67.66999816894531,67.44000244140625,67.62999725341797,13738100
2014-04-02 00:00:00+00:00,67.63999938964844,67.9000015258789,67.55999755859375,67.76000213623047,15497500
2014-04-03 00:00:00+00:00,67.68000030517578,67.7699966430664,67.38999938964844,67.56999969482422,14943500
2014-04-04 00:00:00+00:00,67.83999633789062,67.94000244140625,67.26000213623047,67.36000061035156,20967400
2014-04-07 00:00:00+00:00,67.26000213623047,67.36000061035156,66.88999938964844,67.04000091552734,16647900
2014-04-08 00:00:00+00:00,66.79000091552734,67.13999938964844,66.7300033569336,67.0,12246200
2014-04-09 00:00:00+00:00,67.55000305175781,67.9000015258789,67.2699966430664,67.86000061035156,18492100
2014-04-10 00:00:00+00:00,67.55000305175781,67.62000274658203,66.5999984741211,66.66000366210938,23677900
2014-04-11 00:00:00+00:00,66.3499984741211,66.76000213623047,66.25,66.26000213623047,18550700
2014-04-14 00:00:00+00:00,66.5999984741211,66.76000213623047,66.31999969482422,66.63999938964844,13239000
2014-04-15 00:00:00+00:00,66.52999877929688,66.62999725341797,65.68000030517578,66.36000061035156,21055100
2014-04-16 00:00:00+00:00,66.91000366210938,67.20999908447266,66.7300033569336,67.18000030517578,19643900
2014-04-17 00:00:00+00:00,67.27999877929688,67.63999938964844,67.12999725341797,67.52999877929688,19204100
2014-04-21 00:00:00+00:00,67.52999877929688,67.6500015258789,67.41000366210938,67.62000274658203,10723800
2014-04-22 00:00:00+00:00,67.83000183105469,67.97000122070312,67.76000213623047,67.9000015258789,12342500
2014-04-23 00:00:00+00:00,67.83999633789062,67.83999633789062,67.62999725341797,67.73999786376953,11595300
2014-04-24 00:00:00+00:00,67.72000122070312,67.79000091552734,67.27999877929688,67.7300033569336,17646700
2014-04-25 00:00:00+00:00,67.61000061035156,67.62999725341797,67.19999694824219,67.4000015258789,19435900
2014-04-28 00:00:00+00:00,67.62000274658203,67.77999877929688,67.13999938964844,67.61000061035156,19986000
2014-04-29 00:00:00+00:00,67.95999908447266,68.19000244140625,67.88999938964844,68.05000305175781,16162500
2014-04-30 00:00:00+00:00,68.05000305175781,68.4000015258789,67.95999908447266,68.31999969482422,29172800
2014-05-01 00:00:00+00:00,68.38999938964844,68.62000274658203,68.30000305175781,68.51000213623047,17645400
2014-05-02 00:00:00+00:00,68.26000213623047,68.54000091552734,68.19000244140625,68.4000015258789,14332800
2014-05-05 00:00:00+00:00,67.9000015258789,68.37999725341797,67.76000213623047,68.3499984741211,18715300
2014-05-06 00:00:00+00:00,68.36000061035156,68.4000015258789,68.16000366210938,68.2300033569336,10209100
2014-05-07 00:00:00+00:00,68.20999908447266,68.3499984741211,67.94000244140625,68.30999755859375,12801700
2014-05-08 00:00:00+00:00,68.41000366210938,68.63999938964844,68.22000122070312,68.31999969482422,13187500
2014-05-09 00:00:00+00:00,68.2699966430664,68.31999969482422,67.9800033569336,68.22000122070312,8089900
2014-05-12 00:00:00+00:00,68.4800033569336,68.69000244140625,68.41999816894531,68.66999816894531,13953600
2014-05-13 00:00:00+00:00,68.7699966430664,68.80000305175781,68.61000061035156,68.7699966430664,18673500
2014-05-14 00:00:00+00:00,68.75,68.9000015258789,68.55000305175781,68.63999938964844,15816700
2014-05-15 00:00:00+00:00,68.48999786376953,68.52999877929688,68.08000183105469,68.33999633789062,20007500
2014-05-16 00:00:00+00:00,68.3499984741211,68.48999786376953,68.2300033569336,68.48999786376953,12874500
2014-05-19 00:00:00+00:00,68.12000274658203,68.4000015258789,68.0999984741211,68.3499984741211,9415200
2014-05-20 00:00:00+00:00,68.11000061035156,68.1500015258789,67.72000122070312,67.91999816894531,13695200
2014-05-21 00:00:00+00:00,68.19999694824219,68.47000122070312,68.16999816894531,68.44999694824219,10953400
2014-05-22 00:00:00+00:00,68.45999908447266,68.61000061035156,68.41000366210938,68.54000091552734,8121800
2014-05-23 00:00:00+00:00,68.48999786376953,68.79000091552734,68.48999786376953,68.72000122070312,7649000
2014-05-27 00:00:00+00:00,69.22000122070312,69.26000213623047,68.9800033569336,69.20999908447266,9819700
2014-05-28 00:00:00+00:00,69.0199966430664,69.05999755859375,68.8499984741211,68.9800033569336,8894300
2014-05-29 00:00:00+00:00,69.27999877929688,69.4000015258789,69.13999938964844,69.4000015258789,16668400
2014-05-30 00:00:00+00:00,69.31999969482422,69.44999694824219,69.26000213623047,69.41000366210938,15728200
2014-06-02 00:00:00+00:00,69.63999938964844,69.63999938964844,69.4000015258789,69.55000305175781,8915100
2014-06-03 00:00:00+00:00,69.31999969482422,69.41000366210938,69.29000091552734,69.37999725341797,9629100
2014-06-04 00:00:00+00:00,69.2300033569336,69.43000030517578,69.16000366210938,69.36000061035156,10850800
2014-06-05 00:00:00+00:00,69.55999755859375,69.9000015258789,69.30999755859375,69.83999633789062,11099400
2014-06-06 00:00:00+00:00,70.0199966430664,70.22000122070312,69.91000366210938,70.22000122070312,11780100
2014-06-09 00:00:00+00:00,69.94999694824219,70.19000244140625,69.91999816894531,70.1500015258789,12685200
2014-06-10 00:00:00+00:00,69.8499984741211,70.0,69.73999786376953,70.0,11347600
2014-06-11 00:00:00+00:00,69.69000244140625,69.77999877929688,69.56999969482422,69.6500015258789,8827200
2014-06-12 00:00:00+00:00,69.87000274658203,69.94000244140625,69.55000305175781,69.66999816894531,10679500
2014-06-13 00:00:00+00:00,69.72000122070312,69.86000061035156,69.55000305175781,69.72000122070312,22214700
2014-06-16 00:00:00+00:00,69.5999984741211,69.80999755859375,69.55999755859375,69.73999786376953,9584600
2014-06-17 00:00:00+00:00,69.41000366210938,69.69999694824219,69.38999938964844,69.69000244140625,9222700
2014-06-18 00:00:00+00:00,69.7699966430664,70.30999755859375,69.54000091552734,70.29000091552734,14870300
2014-06-19 00:00:00+00:00,70.7300033569336,70.79000091552734,70.54000091552734,70.66999816894531,12490400
2014-06-20 00:00:00+00:00,70.56999969482422,70.61000061035156,70.41999816894531,70.55000305175781,16113100
2014-06-23 00:00:00+00:00,70.2300033569336,70.38999938964844,70.04000091552734,70.36000061035156,9836000
2014-06-24 00:00:00+00:00,70.20999908447266,70.27999877929688,69.83999633789062,69.91999816894531,17809900
2014-06-25 00:00:00+00:00,67.88999938964844,68.27999877929688,67.87999725341797,68.22000122070312,17373100
2014-06-26 00:00:00+00:00,68.12000274658203,68.27999877929688,67.66999816894531,68.2699966430664,14342000
2014-06-27 00:00:00+00:00,68.04000091552734,68.33999633789062,67.97000122070312,68.30999755859375,9721300
2014-06-30 00:00:00+00:00,68.16000366210938,68.44000244140625,68.1500015258789,68.37000274658203,16580700
2014-07-01 00:00:00+00:00,68.72000122070312,69.08000183105469,68.68000030517578,68.97000122070312,12975000
2014-07-02 00:00:00+00:00,68.94999694824219,69.08999633789062,68.87000274658203,69.08000183105469,11254400
2014-07-03 00:00:00+00:00,69.05999755859375,69.29000091552734,69.02999877929688,69.22000122070312,7757300
2014-07-07 00:00:00+00:00,68.69000244140625,68.79000091552734,68.58000183105469,68.68000030517578,8533400
2014-07-08 00:00:00+00:00,68.27999877929688,68.29000091552734,67.77999877929688,67.95999908447266,11505200
2014-07-09 00:00:00+00:00,67.88999938964844,68.2699966430664,67.8499984741211,68.18000030517578,15042700
2014-07-10 00:00:00+00:00,66.95999908447266,67.44999694824219,66.91999816894531,67.43000030517578,12905700
2014-07-11 00:00:00+00:00,67.33999633789062,67.5199966430664,67.16999816894531,67.47000122070312,11225800
2014-07-14 00:00:00+00:00,68.11000061035156,68.12000274658203,67.94000244140625,67.97000122070312,9020800
2014-07-15 00:00:00+00:00,68.02999877929688,68.08999633789062,67.5199966430664,67.80000305175781,12444500
2014-07-16 00:00:00+00:00,68.27999877929688,68.31999969482422,68.11000061035156,68.22000122070312,9427600
2014-07-17 00:00:00+00:00,67.81999969482422,68.0999984741211,67.30999755859375,67.3499984741211,15085100
2014-07-18 00:00:00+00:00,67.5199966430664,67.98999786376953,67.4800033569336,67.87999725341797,11615300
2014-07-21 00:00:00+00:00,67.45999908447266,67.66999816894531,67.31999969482422,67.62999725341797,12114800
2014-07-22 00:00:00+00:00,67.98999786376953,68.05999755859375,67.88999938964844,67.93000030517578,12232800
2014-07-23 00:00:00+00:00,68.19999694824219,68.19999694824219,68.0,68.06999969482422,8668200
2014-07-24 00:00:00+00:00,68.26000213623047,68.31999969482422,68.13999938964844,68.2300033569336,6826200
2014-07-25 00:00:00+00:00,68.11000061035156,68.1500015258789,67.69000244140625,67.94999694824219,8885700
2014-07-28 00:00:00+00:00,67.95999908447266,68.05999755859375,67.58000183105469,67.95999908447266,8065900
2014-07-29 00:00:00+00:00,68.1500015258789,68.19000244140625,67.77999877929688,67.81999969482422,9154800
2014-07-30 00:00:00+00:00,67.81999969482422,67.95999908447266,67.45999908447266,67.72000122070312,11169300
2014-07-31 00:00:00+00:00,67.02999877929688,67.12000274658203,66.5199966430664,66.58999633789062,26161000
2014-08-01 00:00:00+00:00,66.31999969482422,66.56999969482422,66.0,66.12999725341797,25398300
2014-08-04 00:00:00+00:00,66.41000366210938,66.55999755859375,66.02999877929688,66.44000244140625,15220800
2014-08-05 00:00:00+00:00,66.06999969482422,66.12000274658203,65.45999908447266,65.58999633789062,20914100
2014-08-06 00:00:00+00:00,65.08999633789062,65.61000061035156,65.08000183105469,65.43000030517578,16592700
2014-08-07 00:00:00+00:00,65.56999969482422,65.63999938964844,64.7300033569336,64.9000015258789,17344900
2014-08-08 00:00:00+00:00,64.83999633789062,65.31999969482422,64.70999908447266,65.27999877929688,15434200
2014-08-11 00:00:00+00:00,65.56999969482422,65.69000244140625,65.47000122070312,65.52999877929688,10497600
2014-08-12 00:00:00+00:00,65.43000030517578,65.58000183105469,65.31999969482422,65.4800033569336,12398400
2014-08-13 00:00:00+00:00,65.87000274658203,65.98999786376953,65.72000122070312,65.8499984741211,12378700
2014-08-14 00:00:00+00:00,66.0999984741211,66.20999908447266,66.0,66.19999694824219,11941600
2014-08-15 00:00:00+00:00,66.51000213623047,66.62000274658203,65.5999984741211,66.12999725341797,23432900
2014-08-18 00:00:00+00:00,66.43000030517578,66.58999633789062,66.38999938964844,66.55999755859375,11630700
2014-08-19 00:00:00+00:00,66.58999633789062,66.72000122070312,66.55999755859375,66.72000122070312,8514300
2014-08-20 00:00:00+00:00,66.33000183105469,66.5999984741211,66.31999969482422,66.51000213623047,11419400
2014-08-21 00:00:00+00:00,66.69000244140625,66.88999938964844,66.6500015258789,66.79000091552734,8522800
2014-08-22 00:00:00+00:00,66.5999984741211,66.6500015258789,66.23999786376953,66.47000122070312,9000900
2014-08-25 00:00:00+00:00,66.77999877929688,67.08000183105469,66.73999786376953,66.9000015258789,13867600
2014-08-26 00:00:00+00:00,66.9800033569336,67.19000244140625,66.88999938964844,66.91000366210938,22103600
2014-08-27 00:00:00+00:00,67.19000244140625,67.19999694824219,66.97000122070312,67.04000091552734,10792900
2014-08-28 00:00:00+00:00,66.62999725341797,66.79000091552734,66.56999969482422,66.73999786376953,10674300
2014-08-29 00:00:00+00:00,66.72000122070312,66.7699966430664,66.45999908447266,66.70999908447266,19832700
2014-09-02 00:00:00+00:00,66.91000366210938,66.91000366210938,66.61000061035156,66.83999633789062,14537000
2014-09-03 00:00:00+00:00,67.44999694824219,67.47000122070312,67.19000244140625,67.30999755859375,15490700
2014-09-04 00:00:00+00:00,67.22000122070312,67.41000366210938,66.83000183105469,66.98999786376953,11043000
2014-09-05 00:00:00+00:00,66.80000305175781,67.0199966430664,66.63999938964844,67.0,9374300
2014-09-08 00:00:00+00:00,66.5,66.61000061035156,66.16000366210938,66.29000091552734,13282600
2014-09-09 00:00:00+00:00,66.20999908447266,66.20999908447266,65.87999725341797,66.0999984741211,15015000
2014-09-10 00:00:00+00:00,66.0999984741211,66.4800033569336,66.02999877929688,66.4800033569336,14634800
2014-09-11 00:00:00+00:00,66.01000213623047,66.13999938964844,65.83999633789062,66.11000061035156,12136700
2014-09-12 00:00:00+00:00,66.05000305175781,66.0999984741211,65.83999633789062,66.0199966430664,12022900
2014-09-15 00:00:00+00:00,65.93000030517578,65.97000122070312,65.76000213623047,65.87999725341797,8709500
2014-09-16 00:00:00+00:00,65.52999877929688,66.25,65.51000213623047,66.16000366210938,14405100
2014-09-17 00:00:00+00:00,65.97000122070312,66.0999984741211,65.52999877929688,65.69000244140625,19753900
2014-09-18 00:00:00+00:00,66.05999755859375,66.26000213623047,66.05000305175781,66.19999694824219,14467500
2014-09-19 00:00:00+00:00,66.29000091552734,66.30999755859375,65.91999816894531,65.97000122070312,11800500
2014-09-22 00:00:00+00:00,65.88999938964844,65.9000015258789,65.52999877929688,65.68000030517578,29390800
2014-09-23 00:00:00+00:00,65.23999786376953,65.44000244140625,65.05000305175781,65.12999725341797,18721700
2014-09-24 00:00:00+00:00,65.13999938964844,65.51000213623047,64.94999694824219,65.45999908447266,12589900
2014-09-25 00:00:00+00:00,65.12000274658203,65.12000274658203,64.43000030517578,64.5,15639300
2014-09-26 00:00:00+00:00,64.70999908447266,64.97000122070312,64.55000305175781,64.7699966430664,14040200
2014-09-29 00:00:00+00:00,64.08000183105469,64.3499984741211,63.9900016784668,64.16999816894531,17351800
2014-09-30 00:00:00+00:00,63.9900016784668,64.33000183105469,63.849998474121094,64.12000274658203,17807600
2014-10-01 00:00:00+00:00,63.75,63.83000183105469,63.22999954223633,63.36000061035156,21791100
2014-10-02 00:00:00+00:00,63.0099983215332,63.08000183105469,62.099998474121094,62.68000030517578,21687600
2014-10-03 00:00:00+00:00,62.59000015258789,62.7599983215332,62.43000030517578,62.68000030517578,11116900
2014-10-06 00:00:00+00:00,63.02000045776367,63.16999816894531,62.66999816894531,63.08000183105469,16614000
2014-10-07 00:00:00+00:00,62.65999984741211,62.689998626708984,62.0,62.0099983215332,15615700
2014-10-08 00:00:00+00:00,62.08000183105469,63.09000015258789,61.849998474121094,62.9900016784668,18310300
2014-10-09 00:00:00+00:00,62.380001068115234,62.5099983215332,61.22999954223633,61.29999923706055,23813400
2014-10-10 00:00:00+00:00,61.0099983215332,61.18000030517578,60.36000061035156,60.380001068115234,26414400
2014-10-13 00:00:00+00:00,61.04999923706055,61.20000076293945,60.279998779296875,60.29999923706055,16363600
2014-10-14 00:00:00+00:00,60.7400016784668,60.95000076293945,60.34000015258789,60.45000076293945,22292200
2014-10-15 00:00:00+00:00,60.04999923706055,60.15999984741211,58.970001220703125,60.09000015258789,37303900
2014-10-16 00:00:00+00:00,58.68000030517578,60.09000015258789,58.61000061035156,59.529998779296875,49006500
2014-10-17 00:00:00+00:00,60.459999084472656,60.79999923706055,60.279998779296875,60.63999938964844,22794100
2014-10-20 00:00:00+00:00,60.56999969482422,61.119998931884766,60.54999923706055,61.02000045776367,22996200
2014-10-21 00:00:00+00:00,61.34000015258789,61.79999923706055,61.290000915527344,61.75,16849600
2014-10-22 00:00:00+00:00,61.709999084472656,61.880001068115234,61.25,61.29999923706055,13982300
2014-10-23 00:00:00+00:00,61.81999969482422,62.209999084472656,61.75,61.88999938964844,17097000
2014-10-24 00:00:00+00:00,62.060001373291016,62.25,61.869998931884766,62.22999954223633,12251100
2014-10-27 00:00:00+00:00,61.68000030517578,62.15999984741211,61.59000015258789,61.880001068115234,17838400
2014-10-28 00:00:00+00:00,62.529998779296875,62.83000183105469,62.45000076293945,62.81999969482422,14653100
2014-10-29 00:00:00+00:00,63.0,63.119998931884766,62.13999938964844,62.34000015258789,21781800
2014-10-30 00:00:00+00:00,62.13999938964844,62.97999954223633,62.08000183105469,62.790000915527344,14596000
2014-10-31 00:00:00+00:00,63.709999084472656,63.97999954223633,63.529998779296875,63.95000076293945,22786800
2014-11-03 00:00:00+00:00,63.52000045776367,63.61000061035156,63.20000076293945,63.400001525878906,14384800
2014-11-04 00:00:00+00:00,62.939998626708984,63.06999969482422,62.65999984741211,63.040000915527344,12741800
2014-11-05 00:00:00+00:00,63.18000030517578,63.25,62.880001068115234,63.15999984741211,13033500
2014-11-06 00:00:00+00:00,63.02000045776367,63.18000030517578,62.65999984741211,62.81999969482422,13624500
2014-11-07 00:00:00+00:00,62.61000061035156,62.869998931884766,62.380001068115234,62.849998474121094,10950900
2014-11-10 00:00:00+00:00,63.09000015258789,63.20000076293945,62.900001525878906,63.130001068115234,10235200
2014-11-11 00:00:00+00:00,63.290000915527344,63.58000183105469,63.15999984741211,63.5099983215332,12372800
2014-11-12 00:00:00+00:00,62.810001373291016,63.08000183105469,62.79999923706055,62.970001220703125,9970700
2014-11-13 00:00:00+00:00,63.040000915527344,63.400001525878906,63.0,63.27000045776367,18654700
2014-11-14 00:00:00+00:00,62.880001068115234,63.38999938964844,62.869998931884766,63.36000061035156,13368600
2014-11-17 00:00:00+00:00,62.84000015258789,63.16999816894531,62.810001373291016,63.11000061035156,11203700
2014-11-18 00:00:00+00:00,63.58000183105469,63.90999984741211,63.540000915527344,63.79999923706055,19695400
2014-11-19 00:00:00+00:00,63.630001068115234,63.83000183105469,63.34000015258789,63.61000061035156,13908800
2014-11-20 00:00:00+00:00,62.970001220703125,63.400001525878906,62.95000076293945,63.22999954223633,16494400
2014-11-21 00:00:00+00:00,64.0199966430664,64.05999755859375,63.56999969482422,63.779998779296875,22414400
2014-11-24 00:00:00+00:00,64.05999755859375,64.16000366210938,63.93000030517578,64.1500015258789,16662600
2014-11-25 00:00:00+00:00,64.16000366210938,64.33000183105469,64.0199966430664,64.26000213623047,18289600
2014-11-26 00:00:00+00:00,64.33999633789062,64.54000091552734,64.23999786376953,64.51000213623047,9788000
2014-11-28 00:00:00+00:00,64.0999984741211,64.16000366210938,63.939998626708984,63.9900016784668,8429300
2014-12-01 00:00:00+00:00,64.02999877929688,64.08000183105469,63.72999954223633,63.93000030517578,14827800
2014-12-02 00:00:00+00:00,64.05999755859375,64.12999725341797,63.91999816894531,64.11000061035156,19349300
2014-12-03 00:00:00+00:00,63.95000076293945,64.08999633789062,63.86000061035156,64.02999877929688,10722400
2014-12-04 00:00:00+00:00,63.86000061035156,64.08999633789062,63.61000061035156,63.81999969482422,18286400
2014-12-05 00:00:00+00:00,63.97999954223633,64.16000366210938,63.810001373291016,63.959999084472656,13947000
2014-12-08 00:00:00+00:00,63.59000015258789,63.709999084472656,63.349998474121094,63.400001525878906,14590200
2014-12-09 00:00:00+00:00,62.810001373291016,63.11000061035156,62.619998931884766,63.060001373291016,18136300
2014-12-10 00:00:00+00:00,62.900001525878906,62.900001525878906,62.15999984741211,62.2599983215332,27669700
2014-12-11 00:00:00+00:00,62.36000061035156,62.68000030517578,62.11000061035156,62.18000030517578,19542600
2014-12-12 00:00:00+00:00,62.0099983215332,62.119998931884766,60.939998626708984,60.97999954223633,31169600
2014-12-15 00:00:00+00:00,61.15999984741211,61.2599983215332,59.779998779296875,59.970001220703125,38599900
2014-12-16 00:00:00+00:00,60.02000045776367,61.15999984741211,59.91999816894531,60.400001525878906,38250500
2014-12-17 00:00:00+00:00,60.02000045776367,60.959999084472656,59.9900016784668,60.529998779296875,28795300
2014-12-18 00:00:00+00:00,61.220001220703125,61.70000076293945,61.119998931884766,61.61000061035156,33053700
2014-12-19 00:00:00+00:00,61.470001220703125,61.880001068115234,61.33000183105469,61.70000076293945,29690700
2014-12-22 00:00:00+00:00,61.970001220703125,62.040000915527344,61.75,62.0,24782500
2014-12-23 00:00:00+00:00,61.869998931884766,61.95000076293945,61.709999084472656,61.79999923706055,21929200
2014-12-24 00:00:00+00:00,61.880001068115234,62.220001220703125,61.779998779296875,62.08000183105469,12379400
2014-12-26 00:00:00+00:00,62.27000045776367,62.349998474121094,62.189998626708984,62.2400016784668,17681100
2014-12-29 00:00:00+00:00,61.709999084472656,62.0099983215332,61.70000076293945,61.790000915527344,22005600
2014-12-30 00:00:00+00:00,61.439998626708984,61.5,61.20000076293945,61.220001220703125,20271600
2014-12-31 00:00:00+00:00,61.45000076293945,61.459999084472656,60.810001373291016,60.84000015258789,22495000
2015-01-02 00:00:00+00:00,61.04999923706055,61.130001068115234,60.459999084472656,60.58000183105469,24674800
2015-01-05 00:00:00+00:00,59.72999954223633,59.779998779296875,59.0,59.150001525878906,28468200
2015-01-06 00:00:00+00:00,59.099998474121094,59.310001373291016,58.290000915527344,58.47999954223633,21711600
2015-01-07 00:00:00+00:00,58.95000076293945,59.22999954223633,58.56999969482422,59.130001068115234,19048900
2015-01-08 00:00:00+00:00,59.4900016784668,60.13999938964844,59.459999084472656,59.93000030517578,16680000
2015-01-09 00:00:00+00:00,60.0,60.0,59.34000015258789,59.63999938964844,17938200
2015-01-12 00:00:00+00:00,59.709999084472656,59.7599983215332,59.209999084472656,59.5,18561200
2015-01-13 00:00:00+00:00,60.2400016784668,60.38999938964844,59.380001068115234,59.79999923706055,15396200
2015-01-14 00:00:00+00:00,59.5099983215332,59.75,59.220001220703125,59.630001068115234,16051900
2015-01-15 00:00:00+00:00,60.349998474121094,60.40999984741211,59.86000061035156,60.0099983215332,21885100
2015-01-16 00:00:00+00:00,60.08000183105469,60.84000015258789,59.9900016784668,60.790000915527344,29675500
2015-01-20 00:00:00+00:00,61.27000045776367,61.310001373291016,60.7599983215332,61.0,19318000
2015-01-21 00:00:00+00:00,60.97999954223633,61.5,60.88999938964844,61.47999954223633,26882500
2015-01-22 00:00:00+00:00,61.29999923706055,61.869998931884766,61.16999816894531,61.709999084472656,15610400
2015-01-23 00:00:00+00:00,61.599998474121094,61.77000045776367,61.34000015258789,61.36000061035156,19495700
2015-01-26 00:00:00+00:00,61.86000061035156,62.34000015258789,61.70000076293945,62.20000076293945,18463300
2015-01-27 00:00:00+00:00,62.06999969482422,62.41999816894531,61.93000030517578,62.290000915527344,20064300
2015-01-28 00:00:00+00:00,62.310001373291016,62.380001068115234,61.33000183105469,61.36000061035156,20033100
2015-01-29 00:00:00+00:00,61.88999938964844,62.25,61.66999816894531,62.20000076293945,31207900
2015-01-30 00:00:00+00:00,61.59000015258789,61.810001373291016,61.20000076293945,61.220001220703125,39271000
2015-02-02 00:00:00+00:00,61.630001068115234,62.099998474121094,61.459999084472656,61.959999084472656,24878700
2015-02-03 00:00:00+00:00,62.34000015258789,63.060001373291016,62.31999969482422,62.95000076293945,27679400
2015-02-04 00:00:00+00:00,62.619998931884766,62.95000076293945,62.380001068115234,62.43000030517578,17454200
2015-02-05 00:00:00+00:00,62.84000015258789,63.29999923706055,62.7599983215332,63.290000915527344,23933500
2015-02-06 00:00:00+00:00,62.689998626708984,62.900001525878906,62.31999969482422,62.5,18530100
2015-02-09 00:00:00+00:00,61.9900016784668,62.380001068115234,61.9900016784668,62.20000076293945,15940500
2015-02-10 00:00:00+00:00,62.59000015258789,62.81999969482422,62.310001373291016,62.77000045776367,14302500
2015-02-11 00:00:00+00:00,62.36000061035156,62.560001373291016,62.119998931884766,62.43000030517578,16405400
2015-02-12 00:00:00+00:00,62.86000061035156,63.40999984741211,62.86000061035156,63.400001525878906,16664700
2015-02-13 00:00:00+00:00,63.65999984741211,63.84000015258789,63.650001525878906,63.81999969482422,17919100
2015-02-17 00:00:00+00:00,63.70000076293945,64.0999984741211,63.540000915527344,63.970001220703125,13660300
2015-02-18 00:00:00+00:00,64.16000366210938,64.54000091552734,64.04000091552734,64.3499984741211,16777800
2015-02-19 00:00:00+00:00,64.3499984741211,64.66999816894531,64.30999755859375,64.43000030517578,17091000
2015-02-20 00:00:00+00:00,64.23999786376953,65.2699966430664,64.12999725341797,65.02999877929688,34658700
2015-02-23 00:00:00+00:00,64.68000030517578,64.91000366210938,64.62999725341797,64.80000305175781,13630900
2015-02-24 00:00:00+00:00,64.77999877929688,65.29000091552734,64.66000366210938,65.19999694824219,16373400
2015-02-25 00:00:00+00:00,65.0999984741211,65.33000183105469,65.0199966430664,65.25,10224800
2015-02-26 00:00:00+00:00,65.0999984741211,65.23999786376953,64.93000030517578,65.06999969482422,12791000
2015-02-27 00:00:00+00:00,65.12999725341797,65.3499984741211,65.02999877929688,65.0999984741211,22960900
2015-03-02 00:00:00+00:00,65.08000183105469,65.22000122070312,64.97000122070312,65.19999694824219,21297800
2015-03-03 00:00:00+00:00,64.95999908447266,65.05000305175781,64.62999725341797,64.80000305175781,12564400
2015-03-04 00:00:00+00:00,64.44000244140625,64.58999633789062,64.08000183105469,64.54000091552734,15625100
2015-03-05 00:00:00+00:00,64.73999786376953,64.88999938964844,64.56999969482422,64.69000244140625,15540900
2015-03-06 00:00:00+00:00,64.18000030517578,64.31999969482422,63.75,63.810001373291016,24040500
2015-03-09 00:00:00+00:00,63.779998779296875,63.9900016784668,63.709999084472656,63.90999984741211,11909000
2015-03-10 00:00:00+00:00,62.86000061035156,62.97999954223633,62.4900016784668,62.52000045776367,20980000
2015-03-11 00:00:00+00:00,62.630001068115234,62.81999969482422,62.38999938964844,62.68000030517578,20000400
2015-03-12 00:00:00+00:00,63.400001525878906,63.47999954223633,63.130001068115234,63.459999084472656,16362200
2015-03-13 00:00:00+00:00,62.95000076293945,63.13999938964844,62.689998626708984,63.09000015258789,16277200
2015-03-16 00:00:00+00:00,63.529998779296875,63.900001525878906,63.5,63.79999923706055,15828700
2015-03-17 00:00:00+00:00,63.47999954223633,63.72999954223633,63.29999923706055,63.63999938964844,16273300
2015-03-18 00:00:00+00:00,63.630001068115234,65.0999984741211,63.61000061035156,65.0,28290700
2015-03-19 00:00:00+00:00,64.23999786376953,64.41000366210938,64.06999969482422,64.23999786376953,20155100
2015-03-20 00:00:00+00:00,65.31999969482422,65.9000015258789,65.11000061035156,65.66000366210938,28789300
2015-03-23 00:00:00+00:00,65.87999725341797,66.12999725341797,65.72000122070312,65.98999786376953,13958700
2015-03-24 00:00:00+00:00,66.11000061035156,66.20999908447266,65.8499984741211,65.8499984741211,18037300
2015-03-25 00:00:00+00:00,66.08999633789062,66.19000244140625,65.5,65.54000091552734,17853700
2015-03-26 00:00:00+00:00,64.9800033569336,65.12000274658203,64.54000091552734,64.97000122070312,24344500
2015-03-27 00:00:00+00:00,64.9800033569336,65.20999908447266,64.81999969482422,65.13999938964844,16596700
2015-03-30 00:00:00+00:00,65.12999725341797,65.33000183105469,65.0999984741211,65.18000030517578,27480200
2015-03-31 00:00:00+00:00,64.13999938964844,64.54000091552734,64.06999969482422,64.16999816894531,27717200
2015-04-01 00:00:00+00:00,64.66000366210938,64.66000366210938,64.16999816894531,64.62999725341797,30907000
2015-04-02 00:00:00+00:00,65.01000213623047,65.23999786376953,64.93000030517578,65.19000244140625,15597200
2015-04-06 00:00:00+00:00,65.58999633789062,66.1500015258789,65.41000366210938,65.8499984741211,16304600
2015-04-07 00:00:00+00:00,65.94999694824219,66.23999786376953,65.7300033569336,65.76000213623047,13742900
2015-04-08 00:00:00+00:00,66.4000015258789,66.43000030517578,65.75,66.04000091552734,16148300
2015-04-09 00:00:00+00:00,66.0999984741211,66.13999938964844,65.80999755859375,66.12999725341797,17741100
2015-04-10 00:00:00+00:00,65.98999786376953,66.2699966430664,65.93000030517578,66.26000213623047,12665800
2015-04-13 00:00:00+00:00,65.95999908447266,66.12000274658203,65.72000122070312,65.83999633789062,15048700
2015-04-14 00:00:00+00:00,66.23999786376953,66.37000274658203,66.12999725341797,66.33000183105469,13929800
2015-04-15 00:00:00+00:00,66.51000213623047,66.73999786376953,66.22000122070312,66.62999725341797,13210600
2015-04-16 00:00:00+00:00,66.69999694824219,67.0,66.41000366210938,66.80999755859375,17461200
2015-04-17 00:00:00+00:00,65.94000244140625,66.04000091552734,65.69000244140625,65.97000122070312,18805200
2015-04-20 00:00:00+00:00,66.01000213623047,66.2300033569336,65.95999908447266,66.04000091552734,12557400
2015-04-21 00:00:00+00:00,66.62000274658203,66.79000091552734,66.48999786376953,66.62999725341797,10696800
2015-04-22 00:00:00+00:00,66.6500015258789,66.77999877929688,66.31999969482422,66.76000213623047,8776100
2015-04-23 00:00:00+00:00,66.38999938964844,67.11000061035156,66.3499984741211,67.01000213623047,12240700
2015-04-24 00:00:00+00:00,67.2699966430664,67.51000213623047,66.98999786376953,67.4000015258789,11090300
2015-04-27 00:00:00+00:00,67.7699966430664,68.05999755859375,67.66000366210938,67.7300033569336,18320600
2015-04-28 00:00:00+00:00,67.55999755859375,67.83000183105469,67.3499984741211,67.80999755859375,13769200
2015-04-29 00:00:00+00:00,67.30000305175781,67.5199966430664,66.95999908447266,67.22000122070312,19465500
2015-04-30 00:00:00+00:00,66.75,66.91999816894531,66.43000030517578,66.51000213623047,27726500
2015-05-01 00:00:00+00:00,66.86000061035156,67.4000015258789,66.6500015258789,67.25,28710200
2015-05-04 00:00:00+00:00,67.20999908447266,67.30000305175781,67.05000305175781,67.18000030517578,18863100
2015-05-05 00:00:00+00:00,66.9000015258789,66.91000366210938,66.08000183105469,66.18000030517578,21317400
2015-05-06 00:00:00+00:00,66.5999984741211,66.69999694824219,66.06999969482422,66.3499984741211,16573500
2015-05-07 00:00:00+00:00,66.05999755859375,66.22000122070312,65.8499984741211,66.12999725341797,17710600
2015-05-08 00:00:00+00:00,67.27999877929688,67.76000213623047,67.26000213623047,67.66000366210938,30634400
2015-05-11 00:00:00+00:00,67.16000366210938,67.37999725341797,67.04000091552734,67.06999969482422,14535400
2015-05-12 00:00:00+00:00,66.94999694824219,67.19999694824219,66.83000183105469,67.02999877929688,12054200
2015-05-13 00:00:00+00:00,67.72000122070312,67.9000015258789,67.43000030517578,67.52999877929688,14542800
2015-05-14 00:00:00+00:00,68.12999725341797,68.36000061035156,68.0,68.33999633789062,18271700
2015-05-15 00:00:00+00:00,68.11000061035156,68.4800033569336,67.9800033569336,68.41999816894531,14671800
2015-05-18 00:00:00+00:00,68.0999984741211,68.25,67.98999786376953,68.19000244140625,11873600
2015-05-19 00:00:00+00:00,67.91999816894531,68.08999633789062,67.83999633789062,67.93000030517578,11406600
2015-05-20 00:00:00+00:00,67.9000015258789,68.27999877929688,67.80000305175781,68.05999755859375,13862700
2015-05-21 00:00:00+00:00,68.16000366210938,68.5199966430664,68.11000061035156,68.41999816894531,11439500
2015-05-22 00:00:00+00:00,68.06999969482422,68.12999725341797,67.91999816894531,67.9800033569336,12172900
2015-05-26 00:00:00+00:00,67.36000061035156,67.38999938964844,66.62999725341797,66.76000213623047,20327400
2015-05-27 00:00:00+00:00,66.83999633789062,67.4800033569336,66.80999755859375,67.41000366210938,17786100
2015-05-28 00:00:00+00:00,67.05999755859375,67.36000061035156,66.76000213623047,67.29000091552734,12744700
2015-05-29 00:00:00+00:00,66.94999694824219,67.08000183105469,66.31999969482422,66.63999938964844,23778800
2015-06-01 00:00:00+00:00,66.80000305175781,66.8499984741211,66.19000244140625,66.45999908447266,19068900
2015-06-02 00:00:00+00:00,66.63999938964844,67.08999633789062,66.5199966430664,66.7699966430664,14239100
2015-06-03 00:00:00+00:00,67.02999877929688,67.4800033569336,67.02999877929688,67.13999938964844,21307800
2015-06-04 00:00:00+00:00,66.69999694824219,67.19000244140625,66.20999908447266,66.41999816894531,17187400
2015-06-05 00:00:00+00:00,65.47000122070312,65.87999725341797,65.23999786376953,65.62999725341797,14624100
2015-06-08 00:00:00+00:00,65.52999877929688,65.5999984741211,65.29000091552734,65.54000091552734,14677000
2015-06-09 00:00:00+00:00,65.19999694824219,65.36000061035156,64.87000274658203,65.18000030517578,13114600
2015-06-10 00:00:00+00:00,66.1500015258789,66.7300033569336,66.06999969482422,66.55000305175781,17291600
2015-06-11 00:00:00+00:00,66.80999755859375,66.94999694824219,66.43000030517578,66.7300033569336,20555100
2015-06-12 00:00:00+00:00,66.04000091552734,66.45999908447266,65.81999969482422,66.19999694824219,15305800
2015-06-15 00:00:00+00:00,65.38999938964844,65.8499984741211,65.33999633789062,65.80000305175781,15121100
2015-06-16 00:00:00+00:00,65.47000122070312,65.83999633789062,65.36000061035156,65.77999877929688,11991200
2015-06-17 00:00:00+00:00,65.54000091552734,65.79000091552734,64.98999786376953,65.62999725341797,17100700
2015-06-18 00:00:00+00:00,65.83000183105469,66.77999877929688,65.77999877929688,66.22000122070312,24587300
2015-06-19 00:00:00+00:00,66.16000366210938,66.26000213623047,66.0199966430664,66.05999755859375,15281900
2015-06-22 00:00:00+00:00,67.33000183105469,67.72000122070312,67.19000244140625,67.30999755859375,28716900
2015-06-23 00:00:00+00:00,67.41999816894531,67.5999984741211,67.4000015258789,67.48999786376953,13661300
2015-06-24 00:00:00+00:00,67.12999725341797,67.30000305175781,66.87000274658203,66.91000366210938,21326500
2015-06-25 00:00:00+00:00,66.06999969482422,66.06999969482422,65.72000122070312,65.7699966430664,16402800
2015-06-26 00:00:00+00:00,65.87000274658203,66.02999877929688,65.58000183105469,65.73999786376953,19240800
2015-06-29 00:00:00+00:00,64.43000030517578,64.66999816894531,63.56999969482422,63.720001220703125,33747100
2015-06-30 00:00:00+00:00,64.37000274658203,64.37999725341797,63.2599983215332,63.4900016784668,32195400
2015-07-01 00:00:00+00:00,64.2300033569336,64.31999969482422,63.650001525878906,63.900001525878906,31824800
2015-07-02 00:00:00+00:00,64.08000183105469,64.11000061035156,63.81999969482422,63.97999954223633,20988500
2015-07-06 00:00:00+00:00,62.63999938964844,63.2400016784668,62.4900016784668,62.689998626708984,21103800
2015-07-07 00:00:00+00:00,62.25,62.81999969482422,61.43000030517578,62.709999084472656,36633400
2015-07-08 00:00:00+00:00,61.720001220703125,61.7599983215332,61.119998931884766,61.25,32728200
2015-07-09 00:00:00+00:00,62.650001525878906,62.720001220703125,62.130001068115234,62.2599983215332,19963400
2015-07-10 00:00:00+00:00,64.18000030517578,64.38999938964844,63.86000061035156,64.30000305175781,28190400
2015-07-13 00:00:00+00:00,64.51000213623047,64.66999816894531,64.44000244140625,64.54000091552734,14287600
2015-07-14 00:00:00+00:00,64.79000091552734,65.16000366210938,64.69999694824219,65.08000183105469,19816200
2015-07-15 00:00:00+00:00,64.91999816894531,65.06999969482422,64.66999816894531,64.83999633789062,14709600
2015-07-16 00:00:00+00:00,65.44999694824219,65.55999755859375,65.33999633789062,65.4000015258789,20763400
2015-07-17 00:00:00+00:00,65.37000274658203,65.37000274658203,65.20999908447266,65.29000091552734,14773600
2015-07-20 00:00:00+00:00,65.48999786376953,65.61000061035156,65.30999755859375,65.45999908447266,8767800
2015-07-21 00:00:00+00:00,65.23999786376953,65.37000274658203,65.13999938964844,65.2699966430664,14081800
2015-07-22 00:00:00+00:00,64.58999633789062,64.80999755859375,64.58999633789062,64.7699966430664,10181700
2015-07-23 00:00:00+00:00,64.87999725341797,64.9000015258789,64.48999786376953,64.5999984741211,10900900
2015-07-24 00:00:00+00:00,64.44999694824219,64.47000122070312,63.81999969482422,63.88999938964844,13709400
2015-07-27 00:00:00+00:00,63.7400016784668,63.75,63.31999969482422,63.41999816894531,19026100
2015-07-28 00:00:00+00:00,63.869998931884766,64.25,63.56999969482422,64.22000122070312,14788100
2015-07-29 00:00:00+00:00,64.16999816894531,64.66000366210938,64.12999725341797,64.44999694824219,15938900
2015-07-30 00:00:00+00:00,64.20999908447266,64.41000366210938,63.91999816894531,64.4000015258789,17496700
2015-07-31 00:00:00+00:00,64.9800033569336,65.0199966430664,64.58999633789062,64.77999877929688,20646900
2015-08-03 00:00:00+00:00,64.8499984741211,64.87999725341797,64.41000366210938,64.61000061035156,25131600
2015-08-04 00:00:00+00:00,64.75,64.86000061035156,64.51000213623047,64.66000366210938,13359000
2015-08-05 00:00:00+00:00,65.0199966430664,65.19000244140625,64.91999816894531,65.0,13602700
2015-08-06 00:00:00+00:00,64.87999725341797,64.95999908447266,64.54000091552734,64.7300033569336,12451300
2015-08-07 00:00:00+00:00,64.38999938964844,64.6500015258789,64.30999755859375,64.61000061035156,14351200
2015-08-10 00:00:00+00:00,64.77999877929688,65.43000030517578,64.7699966430664,65.4000015258789,13702900
2015-08-11 00:00:00+00:00,64.5,64.58000183105469,64.12999725341797,64.4000015258789,15705800
2015-08-12 00:00:00+00:00,63.52000045776367,63.939998626708984,63.150001525878906,63.939998626708984,27756600
2015-08-13 00:00:00+00:00,63.83000183105469,64.0199966430664,63.650001525878906,63.900001525878906,12709600
2015-08-14 00:00:00+00:00,63.68000030517578,64.02999877929688,63.619998931884766,64.0,16930100
2015-08-17 00:00:00+00:00,63.459999084472656,63.88999938964844,63.349998474121094,63.880001068115234,8885600
2015-08-18 00:00:00+00:00,63.470001220703125,63.599998474121094,63.279998779296875,63.400001525878906,10943800
2015-08-19 00:00:00+00:00,62.900001525878906,63.130001068115234,62.47999954223633,62.84000015258789,16573300
2015-08-20 00:00:00+00:00,62.119998931884766,62.220001220703125,61.29999923706055,61.31999969482422,32339100
2015-08-21 00:00:00+00:00,61.13999938964844,61.29999923706055,59.7599983215332,59.91999816894531,47017700
2015-08-24 00:00:00+00:00,57.349998474121094,59.119998931884766,56.5099983215332,57.849998474121094,62952900
2015-08-25 00:00:00+00:00,60.380001068115234,60.38999938964844,58.29999923706055,58.400001525878906,50627000
2015-08-26 00:00:00+00:00,59.68000030517578,59.810001373291016,58.380001068115234,59.779998779296875,49202900
2015-08-27 00:00:00+00:00,60.06999969482422,60.70000076293945,59.970001220703125,60.5099983215332,39984000
2015-08-28 00:00:00+00:00,60.11000061035156,60.540000915527344,60.06999969482422,60.41999816894531,24230800
2015-08-31 00:00:00+00:00,60.040000915527344,60.27000045776367,59.7599983215332,59.970001220703125,35806800
2015-09-01 00:00:00+00:00,58.25,58.56999969482422,57.77000045776367,57.959999084472656,42250400
2015-09-02 00:00:00+00:00,58.93000030517578,58.939998626708984,58.20000076293945,58.81999969482422,23372700
2015-09-03 00:00:00+00:00,59.02000045776367,59.40999984741211,58.81999969482422,58.959999084472656,23500600
2015-09-04 00:00:00+00:00,57.709999084472656,57.939998626708984,57.34000015258789,57.61000061035156,25772900
2015-09-08 00:00:00+00:00,59.04999923706055,59.33000183105469,58.86000061035156,59.29999923706055,21504500
2015-09-09 00:00:00+00:00,60.22999954223633,60.25,59.0,59.060001373291016,29179700
2015-09-10 00:00:00+00:00,59.11000061035156,59.689998626708984,59.0,59.45000076293945,20800900
2015-09-11 00:00:00+00:00,59.02000045776367,59.439998626708984,58.90999984741211,59.439998626708984,12954100
2015-09-14 00:00:00+00:00,58.93000030517578,59.029998779296875,58.720001220703125,58.9900016784668,12187400
2015-09-15 00:00:00+00:00,58.880001068115234,59.439998626708984,58.790000915527344,59.38999938964844,18168800
2015-09-16 00:00:00+00:00,59.900001525878906,60.31999969482422,59.810001373291016,60.29999923706055,28218500
2015-09-17 00:00:00+00:00,59.939998626708984,61.02000045776367,59.91999816894531,60.33000183105469,24074700
2015-09-18 00:00:00+00:00,59.189998626708984,59.47999954223633,58.790000915527344,58.81999969482422,36952900
2015-09-21 00:00:00+00:00,59.0,59.11000061035156,58.540000915527344,58.790000915527344,17896300
2015-09-22 00:00:00+00:00,57.40999984741211,57.56999969482422,56.97999954223633,57.38999938964844,29234800
2015-09-23 00:00:00+00:00,57.470001220703125,57.52000045776367,56.900001525878906,57.119998931884766,17145200
2015-09-24 00:00:00+00:00,56.63999938964844,57.09000015258789,56.29999923706055,56.959999084472656,22895100
2015-09-25 00:00:00+00:00,57.81999969482422,57.939998626708984,57.220001220703125,57.459999084472656,21771400
2015-09-28 00:00:00+00:00,57.02000045776367,57.060001373291016,56.2400016784668,56.33000183105469,18785000
2015-09-29 00:00:00+00:00,56.130001068115234,56.36000061035156,55.880001068115234,56.25,20216400
2015-09-30 00:00:00+00:00,57.150001525878906,57.369998931884766,56.7400016784668,57.31999969482422,37769800
2015-10-01 00:00:00+00:00,57.66999816894531,57.779998779296875,56.9900016784668,57.5,20445200
2015-10-02 00:00:00+00:00,57.25,58.4900016784668,57.119998931884766,58.47999954223633,20793800
2015-10-05 00:00:00+00:00,59.220001220703125,59.66999816894531,59.220001220703125,59.63999938964844,27746500
2015-10-06 00:00:00+00:00,59.63999938964844,59.95000076293945,59.56999969482422,59.709999084472656,18133100
2015-10-07 00:00:00+00:00,60.369998931884766,60.619998931884766,59.959999084472656,60.459999084472656,20499100
2015-10-08 00:00:00+00:00,60.060001373291016,60.939998626708984,60.060001373291016,60.939998626708984,16875500
2015-10-09 00:00:00+00:00,61.04999923706055,61.189998626708984,60.849998474121094,61.04999923706055,16867900
2015-10-12 00:00:00+00:00,60.93000030517578,61.02000045776367,60.79999923706055,60.93000030517578,9238000
2015-10-13 00:00:00+00:00,60.119998931884766,60.630001068115234,60.099998474121094,60.15999984741211,19519200
2015-10-14 00:00:00+00:00,60.31999969482422,60.5099983215332,60.099998474121094,60.279998779296875,20762200
2015-10-15 00:00:00+00:00,60.7599983215332,61.34000015258789,60.70000076293945,61.310001373291016,21855600
2015-10-16 00:00:00+00:00,61.220001220703125,61.31999969482422,61.0099983215332,61.2599983215332,23372400
2015-10-19 00:00:00+00:00,61.0,61.060001373291016,60.810001373291016,61.04999923706055,11784700
2015-10-20 00:00:00+00:00,60.779998779296875,60.959999084472656,60.720001220703125,60.79999923706055,12930000
2015-10-21 00:00:00+00:00,61.16999816894531,61.20000076293945,60.72999954223633,60.77000045776367,12731700
2015-10-22 00:00:00+00:00,61.11000061035156,61.70000076293945,61.09000015258789,61.45000076293945,28347500
2015-10-23 00:00:00+00:00,61.9900016784668,62.189998626708984,61.79999923706055,62.060001373291016,16648500
2015-10-26 00:00:00+00:00,61.970001220703125,61.9900016784668,61.779998779296875,61.83000183105469,14032900
2015-10-27 00:00:00+00:00,61.369998931884766,61.47999954223633,61.20000076293945,61.290000915527344,14566400
2015-10-28 00:00:00+00:00,61.540000915527344,62.029998779296875,61.119998931884766,61.689998626708984,17326300
2015-10-29 00:00:00+00:00,60.959999084472656,61.290000915527344,60.959999084472656,61.2400016784668,12843000
2015-10-30 00:00:00+00:00,61.2599983215332,61.52000045776367,61.08000183105469,61.11000061035156,19115300
2015-11-02 00:00:00+00:00,61.439998626708984,61.689998626708984,61.369998931884766,61.689998626708984,14749700
2015-11-03 00:00:00+00:00,61.290000915527344,61.81999969482422,61.209999084472656,61.66999816894531,14282900
2015-11-04 00:00:00+00:00,61.720001220703125,61.75,61.150001525878906,61.33000183105469,21019300
2015-11-05 00:00:00+00:00,61.45000076293945,61.529998779296875,61.06999969482422,61.220001220703125,21648100
2015-11-06 00:00:00+00:00,60.84000015258789,61.0,60.540000915527344,60.939998626708984,17523200
2015-11-09 00:00:00+00:00,60.560001373291016,60.630001068115234,60.06999969482422,60.310001373291016,23887600
2015-11-10 00:00:00+00:00,60.029998779296875,60.290000915527344,59.93000030517578,60.27000045776367,14471900
2015-11-11 00:00:00+00:00,60.79999923706055,60.84000015258789,60.47999954223633,60.58000183105469,14220000
2015-11-12 00:00:00+00:00,60.060001373291016,60.290000915527344,59.790000915527344,59.790000915527344,31911300
2015-11-13 00:00:00+00:00,59.5,59.59000015258789,59.189998626708984,59.290000915527344,26248400
2015-11-16 00:00:00+00:00,59.34000015258789,60.04999923706055,59.31999969482422,60.040000915527344,16939200
2015-11-17 00:00:00+00:00,60.29999923706055,60.52000045776367,60.09000015258789,60.20000076293945,22458600
2015-11-18 00:00:00+00:00,60.38999938964844,60.83000183105469,60.27000045776367,60.75,15481000
2015-11-19 00:00:00+00:00,61.11000061035156,61.29999923706055,61.02000045776367,61.060001373291016,19981100
2015-11-20 00:00:00+00:00,61.2400016784668,61.349998474121094,60.880001068115234,60.91999816894531,18499800
2015-11-23 00:00:00+00:00,60.7599983215332,60.900001525878906,60.41999816894531,60.540000915527344,19432800
2015-11-24 00:00:00+00:00,60.099998474121094,60.63999938964844,60.060001373291016,60.54999923706055,21727000
2015-11-25 00:00:00+00:00,60.63999938964844,60.81999969482422,60.47999954223633,60.689998626708984,13351700
2015-11-27 00:00:00+00:00,60.7599983215332,60.79999923706055,60.650001525878906,60.70000076293945,6400400
2015-11-30 00:00:00+00:00,60.790000915527344,60.81999969482422,60.59000015258789,60.650001525878906,23366700
2015-12-01 00:00:00+00:00,61.13999938964844,61.33000183105469,60.97999954223633,61.290000915527344,34990700
2015-12-02 00:00:00+00:00,61.0099983215332,61.16999816894531,60.560001373291016,60.63999938964844,21426000
2015-12-03 00:00:00+00:00,60.95000076293945,60.97999954223633,60.099998474121094,60.349998474121094,26897100
2015-12-04 00:00:00+00:00,60.13999938964844,60.90999984741211,60.11000061035156,60.84000015258789,23382100
2015-12-07 00:00:00+00:00,60.560001373291016,60.59000015258789,60.22999954223633,60.45000076293945,29861700
2015-12-08 00:00:00+00:00,59.41999816894531,59.68000030517578,59.2400016784668,59.560001373291016,26323000
2015-12-09 00:00:00+00:00,59.56999969482422,60.02000045776367,58.9900016784668,59.290000915527344,26646700
2015-12-10 00:00:00+00:00,59.560001373291016,59.630001068115234,59.220001220703125,59.29999923706055,20267800
2015-12-11 00:00:00+00:00,58.5,58.59000015258789,58.09000015258789,58.16999816894531,29945000
2015-12-14 00:00:00+00:00,58.41999816894531,58.5,57.650001525878906,58.2599983215332,32246600
2015-12-15 00:00:00+00:00,58.619998931884766,58.81999969482422,58.41999816894531,58.54999923706055,37876700
2015-12-16 00:00:00+00:00,59.220001220703125,59.84000015258789,58.95000076293945,59.72999954223633,45167400
2015-12-17 00:00:00+00:00,59.65999984741211,59.66999816894531,58.959999084472656,58.970001220703125,40456800
2015-12-18 00:00:00+00:00,58.689998626708984,58.77000045776367,58.34000015258789,58.349998474121094,41659100
2015-12-21 00:00:00+00:00,58.5,58.560001373291016,57.84000015258789,58.11000061035156,28869600
2015-12-22 00:00:00+00:00,58.290000915527344,58.630001068115234,58.09000015258789,58.54999923706055,29319500
2015-12-23 00:00:00+00:00,59.099998474121094,59.560001373291016,59.06999969482422,59.529998779296875,29782200
2015-12-24 00:00:00+00:00,59.279998779296875,59.59000015258789,59.279998779296875,59.43000030517578,10950500
2015-12-28 00:00:00+00:00,59.29999923706055,59.33000183105469,59.099998474121094,59.290000915527344,28946900
2015-12-29 00:00:00+00:00,59.72999954223633,60.029998779296875,59.709999084472656,59.880001068115234,30796100
2015-12-30 00:00:00+00:00,59.650001525878906,59.7400016784668,59.47999954223633,59.52000045776367,18855500
2015-12-31 00:00:00+00:00,59.130001068115234,59.20000076293945,58.720001220703125,58.720001220703125,31818900
2016-01-04 00:00:00+00:00,57.81999969482422,57.849998474121094,57.150001525878906,57.81999969482422,34260200
2016-01-05 00:00:00+00:00,57.709999084472656,57.79999923706055,57.33000183105469,57.72999954223633,23891500
2016-01-06 00:00:00+00:00,56.529998779296875,56.91999816894531,56.45000076293945,56.779998779296875,22412600
2016-01-07 00:00:00+00:00,55.720001220703125,56.20000076293945,55.529998779296875,55.599998474121094,37579400
2016-01-08 00:00:00+00:00,55.93000030517578,55.9900016784668,54.84000015258789,54.93000030517578,31301100
2016-01-11 00:00:00+00:00,55.560001373291016,55.58000183105469,54.66999816894531,55.15999984741211,33017900
2016-01-12 00:00:00+00:00,55.630001068115234,55.709999084472656,54.95000076293945,55.41999816894531,29930200
2016-01-13 00:00:00+00:00,55.79999923706055,55.900001525878906,54.40999984741211,54.560001373291016,33481800
2016-01-14 00:00:00+00:00,54.77000045776367,55.5,54.36000061035156,55.2599983215332,35140200
2016-01-15 00:00:00+00:00,53.459999084472656,53.849998474121094,53.02000045776367,53.2599983215332,60554300
2016-01-19 00:00:00+00:00,54.189998626708984,54.220001220703125,53.369998931884766,53.75,35709800
2016-01-20 00:00:00+00:00,52.65999984741211,52.86000061035156,51.52000045776367,52.529998779296875,47944200
2016-01-21 00:00:00+00:00,52.31999969482422,53.22999954223633,51.93000030517578,52.91999816894531,48974700
2016-01-22 00:00:00+00:00,54.20000076293945,54.540000915527344,54.08000183105469,54.47999954223633,44855900
2016-01-25 00:00:00+00:00,54.060001373291016,54.279998779296875,53.709999084472656,53.75,36799400
2016-01-26 00:00:00+00:00,54.04999923706055,54.7400016784668,53.97999954223633,54.709999084472656,26789300
2016-01-27 00:00:00+00:00,54.599998474121094,55.15999984741211,54.150001525878906,54.36000061035156,32829200
2016-01-28 00:00:00+00:00,54.86000061035156,54.93000030517578,54.04999923706055,54.52000045776367,31267000
2016-01-29 00:00:00+00:00,54.75,55.52000045776367,54.70000076293945,55.47999954223633,37109700
2016-02-01 00:00:00+00:00,55.02000045776367,55.58000183105469,54.83000183105469,55.41999816894531,31082700
2016-02-02 00:00:00+00:00,54.630001068115234,54.630001068115234,53.939998626708984,54.130001068115234,29809100
2016-02-03 00:00:00+00:00,54.41999816894531,54.59000015258789,53.41999816894531,54.58000183105469,36337300
2016-02-04 00:00:00+00:00,54.22999954223633,54.84000015258789,54.130001068115234,54.650001525878906,28236200
2016-02-05 00:00:00+00:00,54.40999984741211,54.47999954223633,53.58000183105469,53.810001373291016,31548100
2016-02-08 00:00:00+00:00,52.939998626708984,52.959999084472656,52.31999969482422,52.810001373291016,37822400
2016-02-09 00:00:00+00:00,51.66999816894531,52.43000030517578,51.630001068115234,52.20000076293945,34142700
2016-02-10 00:00:00+00:00,52.380001068115234,52.779998779296875,52.04999923706055,52.13999938964844,32088400
2016-02-11 00:00:00+00:00,51.43000030517578,51.650001525878906,50.939998626708984,51.380001068115234,41750200
2016-02-12 00:00:00+00:00,51.529998779296875,52.290000915527344,51.310001373291016,52.279998779296875,38730500
2016-02-16 00:00:00+00:00,53.20000076293945,53.369998931884766,52.77000045776367,53.34000015258789,31605800
2016-02-17 00:00:00+00:00,53.790000915527344,54.33000183105469,53.7599983215332,54.2599983215332,25594700
2016-02-18 00:00:00+00:00,54.4900016784668,54.4900016784668,53.939998626708984,53.97999954223633,32694100
2016-02-19 00:00:00+00:00,53.56999969482422,53.970001220703125,53.400001525878906,53.91999816894531,26685400
2016-02-22 00:00:00+00:00,54.31999969482422,54.58000183105469,54.29999923706055,54.529998779296875,19217000
2016-02-23 00:00:00+00:00,54.18000030517578,54.220001220703125,53.54999923706055,53.63999938964844,19709000
2016-02-24 00:00:00+00:00,52.75,53.529998779296875,52.4900016784668,53.45000076293945,26718800
2016-02-25 00:00:00+00:00,53.75,54.099998474121094,53.5,54.09000015258789,25167000
2016-02-26 00:00:00+00:00,54.369998931884766,54.400001525878906,53.849998474121094,53.95000076293945,19604500
2016-02-29 00:00:00+00:00,53.84000015258789,54.130001068115234,53.599998474121094,53.630001068115234,30315200
2016-03-01 00:00:00+00:00,54.40999984741211,55.06999969482422,54.279998779296875,55.029998779296875,24585800
2016-03-02 00:00:00+00:00,55.0,55.45000076293945,54.880001068115234,55.40999984741211,22549400
2016-03-03 00:00:00+00:00,55.560001373291016,55.97999954223633,55.5099983215332,55.95000076293945,21109600
2016-03-04 00:00:00+00:00,56.34000015258789,56.65999984741211,56.209999084472656,56.36000061035156,22752200
2016-03-07 00:00:00+00:00,55.779998779296875,56.47999954223633,55.7400016784668,56.290000915527344,24047500
2016-03-08 00:00:00+00:00,56.04999923706055,56.04999923706055,55.66999816894531,55.7400016784668,16893200
2016-03-09 00:00:00+00:00,55.9900016784668,56.11000061035156,55.810001373291016,55.95000076293945,15467400
2016-03-10 00:00:00+00:00,56.400001525878906,56.7599983215332,55.41999816894531,55.86000061035156,28133500
2016-03-11 00:00:00+00:00,56.869998931884766,57.349998474121094,56.81999969482422,57.31999969482422,24374600
2016-03-14 00:00:00+00:00,57.2400016784668,57.349998474121094,57.06999969482422,57.20000076293945,15953300
2016-03-15 00:00:00+00:00,56.61000061035156,56.66999816894531,56.45000076293945,56.65999984741211,19646300
2016-03-16 00:00:00+00:00,56.22999954223633,57.209999084472656,56.22999954223633,57.15999984741211,25413000
2016-03-17 00:00:00+00:00,57.189998626708984,57.709999084472656,57.0,57.599998474121094,17906600
2016-03-18 00:00:00+00:00,57.5099983215332,57.689998626708984,57.41999816894531,57.5,30733400
2016-03-21 00:00:00+00:00,57.36000061035156,57.540000915527344,57.22999954223633,57.40999984741211,17625800
2016-03-22 00:00:00+00:00,56.95000076293945,57.400001525878906,56.900001525878906,57.310001373291016,15926700
2016-03-23 00:00:00+00:00,57.15999984741211,57.18000030517578,56.650001525878906,56.72999954223633,18291400
2016-03-24 00:00:00+00:00,56.02000045776367,56.349998474121094,55.95000076293945,56.349998474121094,18326500
2016-03-28 00:00:00+00:00,56.7400016784668,56.779998779296875,56.54999923706055,56.689998626708984,18491100
2016-03-29 00:00:00+00:00,56.41999816894531,57.33000183105469,56.279998779296875,57.29999923706055,22376800
2016-03-30 00:00:00+00:00,57.790000915527344,58.060001373291016,57.63999938964844,57.72999954223633,18999500
2016-03-31 00:00:00+00:00,57.459999084472656,57.59000015258789,57.130001068115234,57.15999984741211,37335100
2016-04-01 00:00:00+00:00,55.9900016784668,56.619998931884766,55.93000030517578,56.54999923706055,30396100
2016-04-04 00:00:00+00:00,56.70000076293945,56.77000045776367,56.36000061035156,56.43000030517578,16977200
2016-04-05 00:00:00+00:00,55.41999816894531,55.5,55.2400016784668,55.31999969482422,20199600
2016-04-06 00:00:00+00:00,55.5099983215332,56.2599983215332,55.41999816894531,56.220001220703125,20465500
2016-04-07 00:00:00+00:00,55.7599983215332,55.91999816894531,55.27000045776367,55.400001525878906,19855600
2016-04-08 00:00:00+00:00,56.5099983215332,56.65999984741211,56.31999969482422,56.459999084472656,18462800
2016-04-11 00:00:00+00:00,56.83000183105469,57.06999969482422,56.47999954223633,56.4900016784668,15640400
2016-04-12 00:00:00+00:00,56.939998626708984,57.439998626708984,56.61000061035156,57.33000183105469,25164700
2016-04-13 00:00:00+00:00,58.13999938964844,58.36000061035156,58.0099983215332,58.2400016784668,25583900
2016-04-14 00:00:00+00:00,58.540000915527344,58.650001525878906,58.33000183105469,58.43000030517578,26844400
2016-04-15 00:00:00+00:00,58.38999938964844,58.5,58.290000915527344,58.29999923706055,17558000
2016-04-18 00:00:00+00:00,58.220001220703125,58.86000061035156,58.16999816894531,58.79999923706055,20200400
2016-04-19 00:00:00+00:00,59.689998626708984,59.939998626708984,59.599998474121094,59.81999969482422,24251400
2016-04-20 00:00:00+00:00,59.790000915527344,60.15999984741211,59.70000076293945,59.869998931884766,14402600
2016-04-21 00:00:00+00:00,59.779998779296875,59.83000183105469,59.40999984741211,59.5099983215332,19135100
2016-04-22 00:00:00+00:00,59.45000076293945,59.63999938964844,59.290000915527344,59.540000915527344,17262700
2016-04-25 00:00:00+00:00,59.2400016784668,59.290000915527344,59.02000045776367,59.2400016784668,13518400
2016-04-26 00:00:00+00:00,59.470001220703125,59.560001373291016,59.2599983215332,59.45000076293945,15657800
2016-04-27 00:00:00+00:00,59.27000045776367,59.61000061035156,59.18000030517578,59.4900016784668,13054700
2016-04-28 00:00:00+00:00,58.779998779296875,59.2599983215332,58.54999923706055,58.68000030517578,25204500
2016-04-29 00:00:00+00:00,58.720001220703125,58.810001373291016,58.220001220703125,58.43000030517578,27642900
2016-05-02 00:00:00+00:00,58.900001525878906,59.06999969482422,58.720001220703125,58.97999954223633,25207300
2016-05-03 00:00:00+00:00,58.400001525878906,58.40999984741211,57.93000030517578,58.0099983215332,25287100
2016-05-04 00:00:00+00:00,57.52000045776367,57.61000061035156,57.16999816894531,57.34000015258789,20213100
2016-05-05 00:00:00+00:00,57.29999923706055,57.45000076293945,57.040000915527344,57.220001220703125,21552600
2016-05-06 00:00:00+00:00,56.970001220703125,57.40999984741211,56.91999816894531,57.380001068115234,21498200
2016-05-09 00:00:00+00:00,57.52000045776367,57.630001068115234,57.22999954223633,57.2599983215332,17842700
2016-05-10 00:00:00+00:00,57.689998626708984,58.08000183105469,57.63999938964844,58.08000183105469,21333600
2016-05-11 00:00:00+00:00,57.70000076293945,57.93000030517578,57.58000183105469,57.58000183105469,20180500
2016-05-12 00:00:00+00:00,58.06999969482422,58.09000015258789,57.310001373291016,57.560001373291016,17642000
2016-05-13 00:00:00+00:00,57.11000061035156,57.36000061035156,56.810001373291016,56.970001220703125,19052400
2016-05-16 00:00:00+00:00,57.15999984741211,57.68000030517578,57.130001068115234,57.650001525878906,24500500
2016-05-17 00:00:00+00:00,57.54999923706055,57.7400016784668,57.16999816894531,57.22999954223633,25116900
2016-05-18 00:00:00+00:00,57.290000915527344,57.849998474121094,57.040000915527344,57.25,34940400
2016-05-19 00:00:00+00:00,56.90999984741211,57.0099983215332,56.66999816894531,56.84000015258789,26976000
2016-05-20 00:00:00+00:00,57.31999969482422,57.459999084472656,57.189998626708984,57.310001373291016,23377800
2016-05-23 00:00:00+00:00,57.099998474121094,57.279998779296875,57.0099983215332,57.119998931884766,18828700
2016-05-24 00:00:00+00:00,57.5099983215332,58.060001373291016,57.5,57.95000076293945,28901600
2016-05-25 00:00:00+00:00,58.380001068115234,58.68000030517578,58.349998474121094,58.560001373291016,35575000
2016-05-26 00:00:00+00:00,58.779998779296875,58.849998474121094,58.58000183105469,58.720001220703125,21115400
2016-05-27 00:00:00+00:00,58.619998931884766,58.75,58.52000045776367,58.65999984741211,16066600
2016-05-31 00:00:00+00:00,58.900001525878906,58.9900016784668,58.2400016784668,58.380001068115234,25438500
2016-06-01 00:00:00+00:00,58.099998474121094,58.380001068115234,58.029998779296875,58.33000183105469,19567300
2016-06-02 00:00:00+00:00,58.0,58.349998474121094,57.93000030517578,58.33000183105469,32992100
2016-06-03 00:00:00+00:00,58.540000915527344,58.72999954223633,58.22999954223633,58.709999084472656,27770200
2016-06-06 00:00:00+00:00,58.900001525878906,59.18000030517578,58.849998474121094,59.040000915527344,22191900
2016-06-07 00:00:00+00:00,59.4900016784668,59.630001068115234,59.41999816894531,59.470001220703125,15311700
2016-06-08 00:00:00+00:00,59.650001525878906,59.7400016784668,59.540000915527344,59.59000015258789,14673400
2016-06-09 00:00:00+00:00,58.86000061035156,59.0099983215332,58.68000030517578,58.86000061035156,18489100
2016-06-10 00:00:00+00:00,57.619998931884766,57.709999084472656,56.9900016784668,57.150001525878906,29812900
2016-06-13 00:00:00+00:00,56.40999984741211,56.86000061035156,56.15999984741211,56.31999969482422,25323100
2016-06-14 00:00:00+00:00,55.72999954223633,55.86000061035156,55.119998931884766,55.41999816894531,69490000
2016-06-15 00:00:00+00:00,55.900001525878906,56.099998474121094,55.66999816894531,55.790000915527344,34010400
2016-06-16 00:00:00+00:00,55.0,55.95000076293945,54.59000015258789,55.90999984741211,27677700
2016-06-17 00:00:00+00:00,56.099998474121094,56.599998474121094,55.83000183105469,56.459999084472656,51689600
2016-06-20 00:00:00+00:00,58.20000076293945,58.27000045776367,57.84000015258789,57.86000061035156,38890400
2016-06-21 00:00:00+00:00,58.34000015258789,58.779998779296875,58.09000015258789,58.33000183105469,37705500
2016-06-22 00:00:00+00:00,57.38999938964844,57.66999816894531,57.119998931884766,57.119998931884766,45176500
2016-06-23 00:00:00+00:00,58.34000015258789,58.79999923706055,57.93000030517578,58.70000076293945,33064500
2016-06-24 00:00:00+00:00,53.88999938964844,55.09000015258789,53.630001068115234,53.65999984741211,85314600
2016-06-27 00:00:00+00:00,52.90999984741211,52.939998626708984,51.93000030517578,52.630001068115234,58864400
2016-06-28 00:00:00+00:00,53.86000061035156,54.040000915527344,53.369998931884766,54.0099983215332,45213500
2016-06-29 00:00:00+00:00,54.810001373291016,55.189998626708984,54.720001220703125,55.0,33914900
2016-06-30 00:00:00+00:00,55.11000061035156,55.81999969482422,54.959999084472656,55.81999969482422,48143600
2016-07-01 00:00:00+00:00,55.84000015258789,56.0,55.7400016784668,55.81999969482422,22693400
2016-07-05 00:00:00+00:00,55.13999938964844,55.20000076293945,54.58000183105469,54.7400016784668,33647400
2016-07-06 00:00:00+00:00,54.11000061035156,54.66999816894531,53.77000045776367,54.63999938964844,28451400
2016-07-07 00:00:00+00:00,54.7400016784668,54.939998626708984,54.25,54.41999816894531,24824900
2016-07-08 00:00:00+00:00,55.040000915527344,55.34000015258789,54.90999984741211,55.25,26189500
2016-07-11 00:00:00+00:00,55.9900016784668,56.290000915527344,55.95000076293945,56.060001373291016,25474900
2016-07-12 00:00:00+00:00,56.86000061035156,57.09000015258789,56.75,56.81999969482422,29839000
2016-07-13 00:00:00+00:00,56.959999084472656,57.099998474121094,56.709999084472656,56.7599983215332,27351600
2016-07-14 00:00:00+00:00,57.290000915527344,57.43000030517578,57.16999816894531,57.25,28145500
2016-07-15 00:00:00+00:00,57.099998474121094,57.130001068115234,56.84000015258789,56.959999084472656,29705400
2016-07-18 00:00:00+00:00,56.959999084472656,57.27000045776367,56.849998474121094,57.099998474121094,17614300
2016-07-19 00:00:00+00:00,56.650001525878906,56.7400016784668,56.5,56.650001525878906,19896900
2016-07-20 00:00:00+00:00,57.0099983215332,57.22999954223633,56.900001525878906,57.15999984741211,20885200
2016-07-21 00:00:00+00:00,56.97999954223633,57.189998626708984,56.83000183105469,56.93000030517578,19635000
2016-07-22 00:00:00+00:00,57.04999923706055,57.08000183105469,56.880001068115234,57.040000915527344,16069300
2016-07-25 00:00:00+00:00,57.08000183105469,57.099998474121094,56.810001373291016,56.970001220703125,13277400
2016-07-26 00:00:00+00:00,57.189998626708984,57.380001068115234,56.970001220703125,57.209999084472656,15025700
2016-07-27 00:00:00+00:00,57.47999954223633,57.58000183105469,57.0,57.41999816894531,17126900
2016-07-28 00:00:00+00:00,57.380001068115234,57.459999084472656,57.08000183105469,57.36000061035156,14445300
2016-07-29 00:00:00+00:00,57.84000015258789,58.150001525878906,57.709999084472656,58.040000915527344,21590400
2016-08-01 00:00:00+00:00,57.86000061035156,57.97999954223633,57.59000015258789,57.65999984741211,21623700
2016-08-02 00:00:00+00:00,57.529998779296875,57.56999969482422,57.150001525878906,57.369998931884766,20476100
2016-08-03 00:00:00+00:00,56.88999938964844,57.189998626708984,56.849998474121094,57.16999816894531,19684400
2016-08-04 00:00:00+00:00,57.349998474121094,57.529998779296875,57.2400016784668,57.5,16761800
2016-08-05 00:00:00+00:00,57.5,57.779998779296875,57.4900016784668,57.7599983215332,15143500
2016-08-08 00:00:00+00:00,57.86000061035156,57.91999816894531,57.790000915527344,57.880001068115234,10326800
2016-08-09 00:00:00+00:00,58.13999938964844,58.52000045776367,58.11000061035156,58.34000015258789,27514400
2016-08-10 00:00:00+00:00,58.720001220703125,58.7599983215332,58.52000045776367,58.540000915527344,17539500
2016-08-11 00:00:00+00:00,58.81999969482422,59.11000061035156,58.77000045776367,58.959999084472656,19675800
2016-08-12 00:00:00+00:00,58.9900016784668,59.060001373291016,58.7400016784668,58.810001373291016,11331600
2016-08-15 00:00:00+00:00,59.0,59.18000030517578,58.9900016784668,59.040000915527344,9048700
2016-08-16 00:00:00+00:00,58.93000030517578,59.11000061035156,58.849998474121094,58.95000076293945,14286200
2016-08-17 00:00:00+00:00,58.790000915527344,59.09000015258789,58.540000915527344,58.93000030517578,12103600
2016-08-18 00:00:00+00:00,58.88999938964844,59.22999954223633,58.79999923706055,59.22999954223633,17723900
2016-08-19 00:00:00+00:00,58.619998931884766,58.81999969482422,58.45000076293945,58.790000915527344,12142800
2016-08-22 00:00:00+00:00,58.61000061035156,58.88999938964844,58.5,58.849998474121094,10095600
2016-08-23 00:00:00+00:00,59.2400016784668,59.349998474121094,59.08000183105469,59.099998474121094,12534100
2016-08-24 00:00:00+00:00,59.130001068115234,59.20000076293945,58.88999938964844,58.959999084472656,12206600
2016-08-25 00:00:00+00:00,58.7599983215332,58.88999938964844,58.66999816894531,58.720001220703125,10953500
2016-08-26 00:00:00+00:00,58.810001373291016,59.33000183105469,58.11000061035156,58.369998931884766,19518100
2016-08-29 00:00:00+00:00,58.2400016784668,58.58000183105469,58.220001220703125,58.54999923706055,10482100
2016-08-30 00:00:00+00:00,58.599998474121094,58.689998626708984,58.36000061035156,58.470001220703125,10046300
2016-08-31 00:00:00+00:00,58.400001525878906,58.529998779296875,58.13999938964844,58.349998474121094,20437200
2016-09-01 00:00:00+00:00,58.619998931884766,58.779998779296875,58.40999984741211,58.75,18389800
2016-09-02 00:00:00+00:00,59.29999923706055,59.5,59.11000061035156,59.43000030517578,19151600
2016-09-06 00:00:00+00:00,59.560001373291016,59.86000061035156,59.540000915527344,59.83000183105469,14730600
2016-09-07 00:00:00+00:00,59.9900016784668,60.099998474121094,59.75,59.86000061035156,17917500
2016-09-08 00:00:00+00:00,59.810001373291016,59.97999954223633,59.619998931884766,59.689998626708984,15572700
2016-09-09 00:00:00+00:00,59.25,59.25,58.5099983215332,58.529998779296875,23547000
2016-09-12 00:00:00+00:00,58.099998474121094,59.040000915527344,58.04999923706055,59.0099983215332,26966800
2016-09-13 00:00:00+00:00,58.25,58.36000061035156,57.56999969482422,57.81999969482422,24865900
2016-09-14 00:00:00+00:00,57.7400016784668,58.060001373291016,57.630001068115234,57.7400016784668,16841500
2016-09-15 00:00:00+00:00,57.790000915527344,58.349998474121094,57.630001068115234,58.2400016784668,20280700
2016-09-16 00:00:00+00:00,57.61000061035156,57.63999938964844,57.33000183105469,57.4900016784668,47897900
2016-09-19 00:00:00+00:00,58.060001373291016,58.13999938964844,57.7400016784668,57.790000915527344,24184400
2016-09-20 00:00:00+00:00,58.34000015258789,58.38999938964844,58.06999969482422,58.13999938964844,23968200
2016-09-21 00:00:00+00:00,58.70000076293945,59.220001220703125,58.4900016784668,59.15999984741211,28804000
2016-09-22 00:00:00+00:00,60.029998779296875,60.15999984741211,59.689998626708984,59.7599983215332,27047600
2016-09-23 00:00:00+00:00,59.279998779296875,59.45000076293945,59.2400016784668,59.2599983215332,19380000
2016-09-26 00:00:00+00:00,58.75,58.83000183105469,58.619998931884766,58.709999084472656,23824900
2016-09-27 00:00:00+00:00,58.470001220703125,59.0,58.40999984741211,58.9900016784668,19862100
2016-09-28 00:00:00+00:00,58.9900016784668,59.43000030517578,58.79999923706055,59.40999984741211,21673400
2016-09-29 00:00:00+00:00,59.40999984741211,59.40999984741211,58.470001220703125,58.66999816894531,16703800
2016-09-30 00:00:00+00:00,58.810001373291016,59.290000915527344,58.72999954223633,59.130001068115234,29074600
2016-10-03 00:00:00+00:00,58.970001220703125,59.09000015258789,58.84000015258789,58.970001220703125,17903600
2016-10-04 00:00:00+00:00,59.2400016784668,59.349998474121094,58.72999954223633,58.959999084472656,28707500
2016-10-05 00:00:00+00:00,59.18000030517578,59.290000915527344,59.040000915527344,59.20000076293945,14774300
2016-10-06 00:00:00+00:00,58.900001525878906,58.95000076293945,58.72999954223633,58.880001068115234,11592200
2016-10-07 00:00:00+00:00,58.630001068115234,58.68000030517578,58.119998931884766,58.58000183105469,16684900
2016-10-10 00:00:00+00:00,58.58000183105469,58.900001525878906,58.58000183105469,58.75,7860700
2016-10-11 00:00:00+00:00,58.47999954223633,58.5099983215332,57.75,57.91999816894531,18434600
2016-10-12 00:00:00+00:00,57.84000015258789,57.939998626708984,57.630001068115234,57.790000915527344,13537300
2016-10-13 00:00:00+00:00,57.150001525878906,57.70000076293945,56.9900016784668,57.56999969482422,13090900
2016-10-14 00:00:00+00:00,57.959999084472656,58.06999969482422,57.650001525878906,57.66999816894531,19288400
2016-10-17 00:00:00+00:00,57.540000915527344,57.65999984741211,57.40999984741211,57.5,12641000
2016-10-18 00:00:00+00:00,58.189998626708984,58.2400016784668,57.97999954223633,58.06999969482422,13028000
2016-10-19 00:00:00+00:00,58.15999984741211,58.369998931884766,58.119998931884766,58.22999954223633,12500100
2016-10-20 00:00:00+00:00,58.150001525878906,58.43000030517578,58.09000015258789,58.31999969482422,9959000
2016-10-21 00:00:00+00:00,57.91999816894531,58.209999084472656,57.86000061035156,58.189998626708984,12584900
2016-10-24 00:00:00+00:00,58.36000061035156,58.369998931884766,58.04999923706055,58.18000030517578,12723000
2016-10-25 00:00:00+00:00,58.04999923706055,58.189998626708984,57.90999984741211,58.13999938964844,12430400
2016-10-26 00:00:00+00:00,57.84000015258789,58.06999969482422,57.77000045776367,57.880001068115234,12169500
2016-10-27 00:00:00+00:00,58.0099983215332,58.040000915527344,57.75,57.810001373291016,9309300
2016-10-28 00:00:00+00:00,57.709999084472656,57.91999816894531,57.650001525878906,57.790000915527344,15377800
2016-10-31 00:00:00+00:00,57.75,57.900001525878906,57.58000183105469,57.81999969482422,19266200
2016-11-01 00:00:00+00:00,57.959999084472656,57.97999954223633,57.380001068115234,57.56999969482422,19495200
2016-11-02 00:00:00+00:00,57.529998779296875,57.61000061035156,57.099998474121094,57.18000030517578,17538900
2016-11-03 00:00:00+00:00,57.380001068115234,57.41999816894531,57.040000915527344,57.119998931884766,12959100
2016-11-04 00:00:00+00:00,56.7400016784668,56.90999984741211,56.54999923706055,56.56999969482422,17423800
2016-11-07 00:00:00+00:00,57.279998779296875,57.380001068115234,57.150001525878906,57.349998474121094,21383600
2016-11-08 00:00:00+00:00,57.18000030517578,57.68000030517578,57.130001068115234,57.5099983215332,17403900
2016-11-09 00:00:00+00:00,57.06999969482422,57.790000915527344,57.0099983215332,57.560001373291016,27175100
2016-11-10 00:00:00+00:00,57.529998779296875,57.66999816894531,56.93000030517578,57.400001525878906,37382800
2016-11-11 00:00:00+00:00,57.150001525878906,57.20000076293945,56.7400016784668,57.04999923706055,18430100
2016-11-14 00:00:00+00:00,56.630001068115234,56.75,56.47999954223633,56.7400016784668,20650900
2016-11-15 00:00:00+00:00,56.59000015258789,57.02000045776367,56.529998779296875,56.9900016784668,15311700
2016-11-16 00:00:00+00:00,56.43000030517578,56.619998931884766,56.34000015258789,56.38999938964844,22261200
2016-11-17 00:00:00+00:00,56.66999816894531,56.88999938964844,56.619998931884766,56.81999969482422,18459300
2016-11-18 00:00:00+00:00,56.310001373291016,56.380001068115234,56.099998474121094,56.20000076293945,17047300
2016-11-21 00:00:00+00:00,56.41999816894531,56.709999084472656,56.40999984741211,56.68000030517578,18504500
2016-11-22 00:00:00+00:00,56.810001373291016,56.849998474121094,56.58000183105469,56.81999969482422,17866500
2016-11-23 00:00:00+00:00,56.25,56.619998931884766,56.189998626708984,56.619998931884766,13840300
2016-11-25 00:00:00+00:00,56.81999969482422,56.83000183105469,56.709999084472656,56.790000915527344,7842800
2016-11-28 00:00:00+00:00,56.630001068115234,56.689998626708984,56.459999084472656,56.4900016784668,13608000
2016-11-29 00:00:00+00:00,56.529998779296875,56.97999954223633,56.470001220703125,56.849998474121094,14719800
2016-11-30 00:00:00+00:00,56.97999954223633,56.9900016784668,56.70000076293945,56.790000915527344,23874700
2016-12-01 00:00:00+00:00,56.72999954223633,56.7599983215332,56.4900016784668,56.56999969482422,22693500
2016-12-02 00:00:00+00:00,56.470001220703125,56.84000015258789,56.400001525878906,56.709999084472656,16077700
2016-12-05 00:00:00+00:00,57.0,57.380001068115234,56.9900016784668,57.27000045776367,19686200
2016-12-06 00:00:00+00:00,57.33000183105469,57.7400016784668,57.29999923706055,57.65999984741211,19217500
2016-12-07 00:00:00+00:00,57.880001068115234,58.619998931884766,57.86000061035156,58.52000045776367,25749300
2016-12-08 00:00:00+00:00,58.52000045776367,58.56999969482422,58.27000045776367,58.470001220703125,23427000
2016-12-09 00:00:00+00:00,58.470001220703125,58.720001220703125,58.43000030517578,58.720001220703125,20886500
2016-12-12 00:00:00+00:00,58.5,58.689998626708984,58.38999938964844,58.459999084472656,16612700
2016-12-13 00:00:00+00:00,58.97999954223633,59.25,58.95000076293945,59.09000015258789,22116800
2016-12-14 00:00:00+00:00,58.959999084472656,59.09000015258789,58.130001068115234,58.220001220703125,26473700
2016-12-15 00:00:00+00:00,58.0,58.189998626708984,57.959999084472656,58.09000015258789,25317900
2016-12-16 00:00:00+00:00,58.04999923706055,58.290000915527344,58.02000045776367,58.130001068115234,24359100
2016-12-19 00:00:00+00:00,58.15999984741211,58.310001373291016,58.040000915527344,58.040000915527344,17705200
2016-12-20 00:00:00+00:00,58.11000061035156,58.290000915527344,58.06999969482422,58.2400016784668,17813500
2016-12-21 00:00:00+00:00,57.650001525878906,57.70000076293945,57.58000183105469,57.65999984741211,17793900
2016-12-22 00:00:00+00:00,57.619998931884766,57.689998626708984,57.5099983215332,57.529998779296875,16310200
2016-12-23 00:00:00+00:00,57.58000183105469,57.68000030517578,57.540000915527344,57.68000030517578,14821600
2016-12-27 00:00:00+00:00,57.630001068115234,57.720001220703125,57.599998474121094,57.61000061035156,13327700
2016-12-28 00:00:00+00:00,57.560001373291016,57.58000183105469,57.310001373291016,57.38999938964844,19569400
2016-12-29 00:00:00+00:00,57.5,57.65999984741211,57.47999954223633,57.529998779296875,16406100
2016-12-30 00:00:00+00:00,57.970001220703125,57.97999954223633,57.599998474121094,57.72999954223633,25266000
2017-01-03 00:00:00+00:00,57.95000076293945,58.11000061035156,57.849998474121094,58.09000015258789,27938300
2017-01-04 00:00:00+00:00,58.400001525878906,58.779998779296875,58.349998474121094,58.75,25670000
2017-01-05 00:00:00+00:00,58.900001525878906,59.310001373291016,58.900001525878906,59.25,22063100
2017-01-06 00:00:00+00:00,58.970001220703125,59.11000061035156,58.90999984741211,59.04999923706055,22073700
2017-01-09 00:00:00+00:00,58.83000183105469,58.9900016784668,58.75,58.959999084472656,13962400
2017-01-10 00:00:00+00:00,58.91999816894531,59.130001068115234,58.91999816894531,58.970001220703125,16296600
2017-01-11 00:00:00+00:00,58.849998474121094,59.29999923706055,58.779998779296875,59.279998779296875,31352400
2017-01-12 00:00:00+00:00,59.36000061035156,59.380001068115234,59.11000061035156,59.369998931884766,25127300
2017-01-13 00:00:00+00:00,59.41999816894531,59.599998474121094,59.33000183105469,59.59000015258789,20901900
2017-01-17 00:00:00+00:00,59.40999984741211,59.439998626708984,59.27000045776367,59.369998931884766,22524800
2017-01-18 00:00:00+00:00,59.189998626708984,59.31999969482422,59.02000045776367,59.20000076293945,14581400
2017-01-19 00:00:00+00:00,59.099998474121094,59.18000030517578,58.869998931884766,59.04999923706055,17619300
2017-01-20 00:00:00+00:00,59.2599983215332,59.40999984741211,59.18000030517578,59.38999938964844,24974100
2017-01-23 00:00:00+00:00,59.310001373291016,59.540000915527344,59.18000030517578,59.540000915527344,43093600
2017-01-24 00:00:00+00:00,59.439998626708984,59.720001220703125,59.41999816894531,59.689998626708984,18176000
2017-01-25 00:00:00+00:00,60.0099983215332,60.33000183105469,59.9900016784668,60.310001373291016,27237600
2017-01-26 00:00:00+00:00,60.189998626708984,60.25,59.9900016784668,60.06999969482422,20838800
2017-01-27 00:00:00+00:00,60.02000045776367,60.04999923706055,59.86000061035156,59.970001220703125,13061000
2017-01-30 00:00:00+00:00,59.45000076293945,59.58000183105469,59.2599983215332,59.540000915527344,19146200
2017-01-31 00:00:00+00:00,59.650001525878906,59.7400016784668,59.38999938964844,59.630001068115234,29996800
2017-02-01 00:00:00+00:00,60.0,60.029998779296875,59.709999084472656,59.869998931884766,26726400
2017-02-02 00:00:00+00:00,59.93000030517578,59.9900016784668,59.72999954223633,59.900001525878906,14796700
2017-02-03 00:00:00+00:00,60.0099983215332,60.18000030517578,59.93000030517578,60.13999938964844,13963800
2017-02-06 00:00:00+00:00,59.52000045776367,59.709999084472656,59.47999954223633,59.709999084472656,16220200
2017-02-07 00:00:00+00:00,59.58000183105469,59.68000030517578,59.529998779296875,59.650001525878906,12123000
2017-02-08 00:00:00+00:00,59.59000015258789,59.810001373291016,59.52000045776367,59.75,16749200
2017-02-09 00:00:00+00:00,59.83000183105469,60.02000045776367,59.75,60.0,14299600
2017-02-10 00:00:00+00:00,59.93000030517578,60.18000030517578,59.90999984741211,60.13999938964844,13212100
2017-02-13 00:00:00+00:00,60.38999938964844,60.470001220703125,60.279998779296875,60.380001068115234,12694400
2017-02-14 00:00:00+00:00,60.16999816894531,60.290000915527344,59.91999816894531,60.290000915527344,14256600
2017-02-15 00:00:00+00:00,60.029998779296875,60.52000045776367,60.0099983215332,60.52000045776367,15460100
2017-02-16 00:00:00+00:00,60.540000915527344,60.65999984741211,60.459999084472656,60.65999984741211,14416500
2017-02-17 00:00:00+00:00,60.31999969482422,60.52000045776367,60.27000045776367,60.5,14938000
2017-02-21 00:00:00+00:00,60.439998626708984,60.70000076293945,60.41999816894531,60.70000076293945,11550300
2017-02-22 00:00:00+00:00,60.38999938964844,60.7400016784668,60.38999938964844,60.70000076293945,17129400
2017-02-23 00:00:00+00:00,60.880001068115234,60.93000030517578,60.66999816894531,60.83000183105469,12410600
2017-02-24 00:00:00+00:00,60.16999816894531,60.43000030517578,60.13999938964844,60.38999938964844,16198700
2017-02-27 00:00:00+00:00,60.189998626708984,60.439998626708984,60.18000030517578,60.43000030517578,14039000
2017-02-28 00:00:00+00:00,60.31999969482422,60.52000045776367,60.22999954223633,60.34000015258789,20439100
2017-03-01 00:00:00+00:00,60.75,61.119998931884766,60.72999954223633,60.970001220703125,20198000
2017-03-02 00:00:00+00:00,60.709999084472656,60.779998779296875,60.560001373291016,60.56999969482422,16452800
2017-03-03 00:00:00+00:00,60.70000076293945,61.0,60.61000061035156,60.93000030517578,19149100
2017-03-06 00:00:00+00:00,60.72999954223633,60.75,60.56999969482422,60.7400016784668,10965800
2017-03-07 00:00:00+00:00,60.470001220703125,60.630001068115234,60.380001068115234,60.529998779296875,16308800
2017-03-08 00:00:00+00:00,60.4900016784668,60.54999923706055,60.25,60.310001373291016,11568200
2017-03-09 00:00:00+00:00,60.470001220703125,60.56999969482422,60.380001068115234,60.540000915527344,13369300
2017-03-10 00:00:00+00:00,60.959999084472656,61.119998931884766,60.849998474121094,61.04999923706055,18987900
2017-03-13 00:00:00+00:00,61.20000076293945,61.380001068115234,61.189998626708984,61.369998931884766,19718700
2017-03-14 00:00:00+00:00,60.91999816894531,60.970001220703125,60.790000915527344,60.900001525878906,15953500
2017-03-15 00:00:00+00:00,61.029998779296875,61.779998779296875,61.02000045776367,61.77000045776367,22841100
2017-03-16 00:00:00+00:00,62.099998474121094,62.130001068115234,61.93000030517578,62.06999969482422,24380100
2017-03-17 00:00:00+00:00,62.18000030517578,62.349998474121094,62.060001373291016,62.22999954223633,20697400
2017-03-20 00:00:00+00:00,62.25,62.34000015258789,62.02000045776367,62.099998474121094,13484400
2017-03-21 00:00:00+00:00,62.58000183105469,62.630001068115234,61.779998779296875,61.81999969482422,23331500
2017-03-22 00:00:00+00:00,61.619998931884766,61.88999938964844,61.56999969482422,61.83000183105469,14492800
2017-03-23 00:00:00+00:00,61.72999954223633,62.099998474121094,61.72999954223633,61.970001220703125,25394800
2017-03-24 00:00:00+00:00,62.11000061035156,62.27000045776367,62.040000915527344,62.13999938964844,25264500
2017-03-27 00:00:00+00:00,62.09000015258789,62.380001068115234,62.02000045776367,62.29999923706055,30294500
2017-03-28 00:00:00+00:00,62.38999938964844,62.650001525878906,62.36000061035156,62.599998474121094,23196000
2017-03-29 00:00:00+00:00,62.290000915527344,62.630001068115234,62.279998779296875,62.599998474121094,19090800
2017-03-30 00:00:00+00:00,62.43000030517578,65.36000061035156,62.31999969482422,62.380001068115234,16049800
2017-03-31 00:00:00+00:00,62.11000061035156,62.36000061035156,62.04999923706055,62.290000915527344,30871700
2017-04-03 00:00:00+00:00,62.189998626708984,62.2400016784668,61.7599983215332,62.20000076293945,32855200
2017-04-04 00:00:00+00:00,61.93000030517578,62.18000030517578,61.849998474121094,62.18000030517578,16793800
2017-04-05 00:00:00+00:00,62.130001068115234,62.290000915527344,61.83000183105469,61.849998474121094,22710400
2017-04-06 00:00:00+00:00,61.880001068115234,61.97999954223633,61.75,61.86000061035156,17795900
2017-04-07 00:00:00+00:00,61.75,61.93000030517578,61.7400016784668,61.81999969482422,15848900
2017-04-10 00:00:00+00:00,61.72999954223633,61.849998474121094,61.68000030517578,61.75,11321500
2017-04-11 00:00:00+00:00,62.0,62.06999969482422,61.619998931884766,62.040000915527344,18663100
2017-04-12 00:00:00+00:00,61.95000076293945,62.029998779296875,61.720001220703125,61.9900016784668,25045600
2017-04-13 00:00:00+00:00,61.70000076293945,61.779998779296875,61.529998779296875,61.59000015258789,16760100
2017-04-17 00:00:00+00:00,61.849998474121094,62.02000045776367,61.84000015258789,61.970001220703125,15573500
2017-04-18 00:00:00+00:00,61.54999923706055,61.689998626708984,61.349998474121094,61.689998626708984,21171100
2017-04-19 00:00:00+00:00,61.7599983215332,61.79999923706055,61.369998931884766,61.439998626708984,13263100
2017-04-20 00:00:00+00:00,61.959999084472656,62.099998474121094,61.91999816894531,61.93000030517578,20485300
2017-04-21 00:00:00+00:00,61.93000030517578,62.02000045776367,61.84000015258789,61.970001220703125,18989800
2017-04-24 00:00:00+00:00,63.40999984741211,63.61000061035156,63.380001068115234,63.540000915527344,32694900
2017-04-25 00:00:00+00:00,63.849998474121094,64.08000183105469,63.779998779296875,63.9900016784668,24975200
2017-04-26 00:00:00+00:00,63.810001373291016,64.02999877929688,63.810001373291016,63.810001373291016,20489600
2017-04-27 00:00:00+00:00,63.91999816894531,63.91999816894531,63.75,63.869998931884766,13855700
2017-04-28 00:00:00+00:00,63.88999938964844,63.90999984741211,63.77000045776367,63.79999923706055,25361200
2017-05-01 00:00:00+00:00,63.9900016784668,64.19999694824219,63.90999984741211,64.05999755859375,22211300
2017-05-02 00:00:00+00:00,64.25,64.41999816894531,64.19000244140625,64.38999938964844,23500000
2017-05-03 00:00:00+00:00,64.22000122070312,64.33000183105469,64.0999984741211,64.26000213623047,12811000
2017-05-04 00:00:00+00:00,64.4800033569336,64.88999938964844,64.43000030517578,64.87000274658203,16359700
2017-05-05 00:00:00+00:00,64.94000244140625,65.58999633789062,64.91999816894531,65.58999633789062,18990900
2017-05-08 00:00:00+00:00,65.11000061035156,65.11000061035156,64.95999908447266,65.0999984741211,19823800
2017-05-09 00:00:00+00:00,64.9800033569336,65.04000091552734,64.80999755859375,64.94000244140625,28186600
2017-05-10 00:00:00+00:00,64.9800033569336,65.04000091552734,64.88999938964844,65.04000091552734,18524300
2017-05-11 00:00:00+00:00,64.7699966430664,64.9000015258789,64.61000061035156,64.87999725341797,18381600
2017-05-12 00:00:00+00:00,64.94000244140625,65.23999786376953,64.94000244140625,65.23999786376953,27683000
2017-05-15 00:00:00+00:00,65.37999725341797,65.56999969482422,65.36000061035156,65.56999969482422,20493900
2017-05-16 00:00:00+00:00,65.94999694824219,66.0,65.86000061035156,65.98999786376953,21931200
2017-05-17 00:00:00+00:00,65.66999816894531,65.75,65.22000122070312,65.23999786376953,30198700
2017-05-18 00:00:00+00:00,65.08000183105469,65.4000015258789,65.0199966430664,65.3499984741211,19242600
2017-05-19 00:00:00+00:00,65.80999755859375,66.12000274658203,65.77999877929688,66.11000061035156,34855500
2017-05-22 00:00:00+00:00,66.18000030517578,66.30999755859375,66.11000061035156,66.19000244140625,14692600
2017-05-23 00:00:00+00:00,66.33999633789062,66.37999725341797,66.11000061035156,66.19999694824219,12489200
2017-05-24 00:00:00+00:00,66.0199966430664,66.25,65.9800033569336,66.23999786376953,15075500
2017-05-25 00:00:00+00:00,66.23999786376953,66.33999633789062,66.1500015258789,66.23999786376953,13265300
2017-05-26 00:00:00+00:00,65.87000274658203,66.05999755859375,65.8499984741211,66.05000305175781,25971500
2017-05-30 00:00:00+00:00,65.87000274658203,66.02999877929688,65.8499984741211,65.9800033569336,14415300
2017-05-31 00:00:00+00:00,66.31999969482422,66.37999725341797,66.02999877929688,66.05999755859375,31167900
2017-06-01 00:00:00+00:00,66.30999755859375,66.51000213623047,66.25,66.48999786376953,25610000
2017-06-02 00:00:00+00:00,66.95999908447266,67.23999786376953,66.86000061035156,67.22000122070312,22765300
2017-06-05 00:00:00+00:00,66.86000061035156,66.9000015258789,66.7699966430664,66.8499984741211,14304500
2017-06-06 00:00:00+00:00,66.58000183105469,66.70999908447266,66.55999755859375,66.66000366210938,11387200
2017-06-07 00:00:00+00:00,66.7699966430664,66.87999725341797,66.44999694824219,66.68000030517578,15346400
2017-06-08 00:00:00+00:00,66.41999816894531,66.56999969482422,66.33999633789062,66.55999755859375,15425200
2017-06-09 00:00:00+00:00,66.22000122070312,66.45999908447266,66.05999755859375,66.30999755859375,20807900
2017-06-12 00:00:00+00:00,66.12000274658203,66.19000244140625,65.9800033569336,66.05999755859375,17937200
2017-06-13 00:00:00+00:00,66.47000122070312,66.61000061035156,66.37999725341797,66.56999969482422,19123700
2017-06-14 00:00:00+00:00,66.94999694824219,66.95999908447266,66.30000305175781,66.5199966430664,18739500
2017-06-15 00:00:00+00:00,65.51000213623047,65.87000274658203,65.48999786376953,65.83000183105469,22870900
2017-06-16 00:00:00+00:00,66.1500015258789,66.41000366210938,66.06999969482422,66.38999938964844,24571500
2017-06-19 00:00:00+00:00,66.63999938964844,66.79000091552734,66.5999984741211,66.66000366210938,26706100
2017-06-20 00:00:00+00:00,65.41999816894531,65.43000030517578,64.91999816894531,65.06999969482422,23798500
2017-06-21 00:00:00+00:00,64.91999816894531,65.05000305175781,64.83000183105469,64.98999786376953,10989000
2017-06-22 00:00:00+00:00,64.97000122070312,65.0999984741211,64.88999938964844,64.9800033569336,13521700
2017-06-23 00:00:00+00:00,64.98999786376953,65.25,64.9000015258789,65.13999938964844,15138700
2017-06-26 00:00:00+00:00,65.55999755859375,65.62000274658203,65.22000122070312,65.25,21872800
2017-06-27 00:00:00+00:00,65.27999877929688,65.44000244140625,65.16999816894531,65.23999786376953,17466000
2017-06-28 00:00:00+00:00,65.48999786376953,65.87000274658203,65.45999908447266,65.80999755859375,26317300
2017-06-29 00:00:00+00:00,65.61000061035156,65.62000274658203,64.87999725341797,65.16000366210938,35923300
2017-06-30 00:00:00+00:00,65.33000183105469,65.3499984741211,64.83000183105469,65.19999694824219,28866100
2017-07-03 00:00:00+00:00,65.12000274658203,65.27999877929688,65.0999984741211,65.12000274658203,9564300
2017-07-05 00:00:00+00:00,64.93000030517578,65.16000366210938,64.81999969482422,65.12000274658203,26253300
2017-07-06 00:00:00+00:00,64.69999694824219,64.97000122070312,64.62999725341797,64.83000183105469,22874100
2017-07-07 00:00:00+00:00,64.6500015258789,64.91999816894531,64.55999755859375,64.83999633789062,18885700
2017-07-10 00:00:00+00:00,64.80000305175781,65.0199966430664,64.76000213623047,65.0,10674800
2017-07-11 00:00:00+00:00,64.83000183105469,65.16000366210938,64.73999786376953,65.1500015258789,13584000
2017-07-12 00:00:00+00:00,65.55000305175781,65.75,65.52999877929688,65.66999816894531,15995600
2017-07-13 00:00:00+00:00,65.75,65.91000366210938,65.66000366210938,65.86000061035156,22520700
2017-07-14 00:00:00+00:00,66.05000305175781,66.33000183105469,66.0,66.31999969482422,14145100
2017-07-17 00:00:00+00:00,66.19000244140625,66.27999877929688,66.12000274658203,66.19000244140625,10326100
2017-07-18 00:00:00+00:00,66.12999725341797,66.25,66.08000183105469,66.25,11718200
2017-07-19 00:00:00+00:00,66.36000061035156,66.54000091552734,66.3499984741211,66.54000091552734,12542300
2017-07-20 00:00:00+00:00,66.70999908447266,66.8499984741211,66.5999984741211,66.80999755859375,13792700
2017-07-21 00:00:00+00:00,66.45999908447266,66.55000305175781,66.23999786376953,66.55000305175781,18391200
2017-07-24 00:00:00+00:00,66.25,66.38999938964844,66.08000183105469,66.37000274658203,17486100
2017-07-25 00:00:00+00:00,66.70999908447266,66.73999786376953,66.44000244140625,66.45999908447266,12297600
2017-07-26 00:00:00+00:00,66.6500015258789,66.9800033569336,66.54000091552734,66.87000274658203,19186700
2017-07-27 00:00:00+00:00,67.0,67.04000091552734,66.5,66.72000122070312,13754400
2017-07-28 00:00:00+00:00,66.55000305175781,66.80000305175781,66.4800033569336,66.79000091552734,15080800
2017-07-31 00:00:00+00:00,66.87999725341797,67.01000213623047,66.7300033569336,66.93000030517578,20998800
2017-08-01 00:00:00+00:00,67.44000244140625,67.54000091552734,67.30000305175781,67.30000305175781,16206800
2017-08-02 00:00:00+00:00,67.33999633789062,67.41999816894531,67.16000366210938,67.33000183105469,8948300
2017-08-03 00:00:00+00:00,67.30999755859375,67.48999786376953,67.26000213623047,67.37000274658203,11245900
2017-08-04 00:00:00+00:00,67.44000244140625,67.51000213623047,67.19999694824219,67.45999908447266,14178000
2017-08-07 00:00:00+00:00,67.31999969482422,67.5,67.31999969482422,67.48999786376953,11865600
2017-08-08 00:00:00+00:00,67.37000274658203,67.45999908447266,67.08999633789062,67.12999725341797,13510100
2017-08-09 00:00:00+00:00,66.7300033569336,67.05000305175781,66.69000244140625,67.0199966430664,15080100
2017-08-10 00:00:00+00:00,66.62000274658203,66.62000274658203,66.01000213623047,66.06999969482422,28825100
2017-08-11 00:00:00+00:00,66.02999877929688,66.12999725341797,65.86000061035156,65.94999694824219,27456400
2017-08-14 00:00:00+00:00,66.43000030517578,66.5999984741211,66.4000015258789,66.43000030517578,13311500
2017-08-15 00:00:00+00:00,66.3499984741211,66.41999816894531,66.13999938964844,66.37999725341797,13212200
2017-08-16 00:00:00+00:00,66.5999984741211,66.83999633789062,66.58000183105469,66.76000213623047,14030700
2017-08-17 00:00:00+00:00,66.5199966430664,66.62999725341797,66.01000213623047,66.01000213623047,18647700
2017-08-18 00:00:00+00:00,66.12000274658203,66.33000183105469,65.98999786376953,66.19000244140625,16347200
2017-08-21 00:00:00+00:00,66.16000366210938,66.2699966430664,66.0,66.16999816894531,11760800
2017-08-22 00:00:00+00:00,66.30999755859375,66.5199966430664,66.29000091552734,66.48999786376953,11528800
2017-08-23 00:00:00+00:00,66.30000305175781,66.51000213623047,66.29000091552734,66.5,13007000
2017-08-24 00:00:00+00:00,66.5199966430664,66.58999633789062,66.33999633789062,66.3499984741211,13150600
2017-08-25 00:00:00+00:00,66.58999633789062,66.91000366210938,66.56999969482422,66.75,14942000
2017-08-28 00:00:00+00:00,66.81999969482422,66.8499984741211,66.70999908447266,66.75,13422100
2017-08-29 00:00:00+00:00,66.37999725341797,66.6500015258789,66.36000061035156,66.4800033569336,11536900
2017-08-30 00:00:00+00:00,66.37000274658203,66.44999694824219,66.27999877929688,66.38999938964844,10510300
2017-08-31 00:00:00+00:00,66.6500015258789,66.94999694824219,66.62000274658203,66.9000015258789,20277900
2017-09-01 00:00:00+00:00,67.1500015258789,67.16999816894531,66.94999694824219,66.98999786376953,15541800
2017-09-05 00:00:00+00:00,66.98999786376953,66.98999786376953,66.33000183105469,66.54000091552734,18682300
2017-09-06 00:00:00+00:00,66.9000015258789,67.0999984741211,66.81999969482422,66.94999694824219,21335800
2017-09-07 00:00:00+00:00,67.5,67.52999877929688,67.33000183105469,67.5,14599300
2017-09-08 00:00:00+00:00,67.66000366210938,67.69000244140625,67.51000213623047,67.51000213623047,16168800
2017-09-11 00:00:00+00:00,67.95999908447266,68.16000366210938,67.94999694824219,68.04000091552734,19127300
2017-09-12 00:00:00+00:00,68.04000091552734,68.29000091552734,68.04000091552734,68.25,11803000
2017-09-13 00:00:00+00:00,68.11000061035156,68.1500015258789,67.81999969482422,67.87999725341797,14672800
2017-09-14 00:00:00+00:00,67.76000213623047,68.01000213623047,67.73999786376953,68.0,14862300
2017-09-15 00:00:00+00:00,68.05999755859375,68.0999984741211,67.94000244140625,68.05999755859375,16315500
2017-09-18 00:00:00+00:00,68.2300033569336,68.33999633789062,68.02999877929688,68.1500015258789,13594900
2017-09-19 00:00:00+00:00,68.43000030517578,68.48999786376953,68.30000305175781,68.47000122070312,8877200
2017-09-20 00:00:00+00:00,68.48999786376953,68.70999908447266,68.0,68.31999969482422,15309700
2017-09-21 00:00:00+00:00,68.16000366210938,68.27999877929688,68.08999633789062,68.18000030517578,10250100
2017-09-22 00:00:00+00:00,68.37999725341797,68.5,68.31999969482422,68.38999938964844,8442800
2017-09-25 00:00:00+00:00,68.11000061035156,68.2699966430664,67.87000274658203,68.0,13473900
2017-09-26 00:00:00+00:00,67.88999938964844,67.94000244140625,67.63999938964844,67.8499984741211,20026600
2017-09-27 00:00:00+00:00,67.76000213623047,68.0,67.72000122070312,67.9000015258789,17751800
2017-09-28 00:00:00+00:00,67.9000015258789,68.18000030517578,67.9000015258789,68.08000183105469,11704000
2017-09-29 00:00:00+00:00,68.08000183105469,68.55000305175781,68.08000183105469,68.4800033569336,24981400
2017-10-02 00:00:00+00:00,68.2699966430664,68.48999786376953,68.23999786376953,68.41999816894531,16475600
2017-10-03 00:00:00+00:00,68.45999908447266,68.66000366210938,68.43000030517578,68.6500015258789,12073300
2017-10-04 00:00:00+00:00,68.47000122070312,68.58999633789062,68.45999908447266,68.5199966430664,12518600
2017-10-05 00:00:00+00:00,68.38999938964844,68.51000213623047,68.3499984741211,68.4800033569336,11871200
2017-10-06 00:00:00+00:00,68.16999816894531,68.44000244140625,68.13999938964844,68.43000030517578,16923300
2017-10-09 00:00:00+00:00,68.5199966430664,68.54000091552734,68.38999938964844,68.44999694824219,5155600
2017-10-10 00:00:00+00:00,68.8499984741211,69.11000061035156,68.79000091552734,69.0999984741211,16626700
2017-10-11 00:00:00+00:00,69.06999969482422,69.29000091552734,69.05999755859375,69.2699966430664,16732400
2017-10-12 00:00:00+00:00,69.1500015258789,69.33000183105469,69.08999633789062,69.20999908447266,10774000
2017-10-13 00:00:00+00:00,69.5999984741211,69.66000366210938,69.51000213623047,69.56999969482422,12928900
2017-10-16 00:00:00+00:00,69.56999969482422,69.62000274658203,69.47000122070312,69.5199966430664,8800600
2017-10-17 00:00:00+00:00,69.3499984741211,69.38999938964844,69.20999908447266,69.33999633789062,8286800
2017-10-18 00:00:00+00:00,69.44999694824219,69.56999969482422,69.36000061035156,69.54000091552734,11793200
2017-10-19 00:00:00+00:00,69.2300033569336,69.43000030517578,69.19000244140625,69.43000030517578,10368300
2017-10-20 00:00:00+00:00,69.37999725341797,69.37999725341797,69.2300033569336,69.33999633789062,12636300
2017-10-23 00:00:00+00:00,69.37000274658203,69.4000015258789,69.13999938964844,69.19000244140625,8422200
2017-10-24 00:00:00+00:00,69.27999877929688,69.44000244140625,69.19999694824219,69.30000305175781,10586500
2017-10-25 00:00:00+00:00,69.2699966430664,69.30999755859375,68.7699966430664,69.02999877929688,11495500
2017-10-26 00:00:00+00:00,69.20999908447266,69.26000213623047,69.01000213623047,69.0199966430664,12355500
2017-10-27 00:00:00+00:00,68.9800033569336,69.19999694824219,68.88999938964844,69.18000030517578,18853800
2017-10-30 00:00:00+00:00,69.22000122070312,69.36000061035156,69.19999694824219,69.33999633789062,14308400
2017-10-31 00:00:00+00:00,69.4800033569336,69.66999816894531,69.4000015258789,69.62999725341797,24418400
2017-11-01 00:00:00+00:00,69.93000030517578,70.0,69.66999816894531,69.69999694824219,23674500
2017-11-02 00:00:00+00:00,69.6500015258789,69.91000366210938,69.62999725341797,69.91000366210938,20430900
2017-11-03 00:00:00+00:00,69.80000305175781,69.80000305175781,69.55999755859375,69.80000305175781,14078700
2017-11-06 00:00:00+00:00,69.61000061035156,69.91999816894531,69.5999984741211,69.9000015258789,11959000
2017-11-07 00:00:00+00:00,69.7699966430664,69.86000061035156,69.45999908447266,69.63999938964844,13024200
2017-11-08 00:00:00+00:00,69.75,69.9800033569336,69.70999908447266,69.87000274658203,15924200
2017-11-09 00:00:00+00:00,69.29000091552734,69.5,69.04000091552734,69.47000122070312,22577000
2017-11-10 00:00:00+00:00,69.23999786376953,69.36000061035156,69.12999725341797,69.27999877929688,11070800
2017-11-13 00:00:00+00:00,68.58999633789062,69.0199966430664,68.58000183105469,68.98999786376953,13605200
2017-11-14 00:00:00+00:00,68.86000061035156,68.98999786376953,68.69999694824219,68.94000244140625,13850100
2017-11-15 00:00:00+00:00,68.37000274658203,68.68000030517578,68.27999877929688,68.61000061035156,18547300
2017-11-16 00:00:00+00:00,69.05000305175781,69.23999786376953,68.97000122070312,69.16000366210938,17372500
2017-11-17 00:00:00+00:00,68.97000122070312,69.02999877929688,68.83999633789062,68.91000366210938,24773400
2017-11-20 00:00:00+00:00,69.12999725341797,69.2699966430664,69.05999755859375,69.05999755859375,20689600
2017-11-21 00:00:00+00:00,69.52999877929688,69.66999816894531,69.48999786376953,69.58000183105469,17104800
2017-11-22 00:00:00+00:00,69.87000274658203,69.91999816894531,69.55000305175781,69.7699966430664,17943200
2017-11-24 00:00:00+00:00,70.3499984741211,70.38999938964844,70.25,70.33999633789062,11732300
2017-11-27 00:00:00+00:00,70.19999694824219,70.26000213623047,69.91999816894531,69.91999816894531,17066500
2017-11-28 00:00:00+00:00,70.13999938964844,70.33999633789062,70.01000213623047,70.31999969482422,19389400
2017-11-29 00:00:00+00:00,70.37000274658203,70.43000030517578,69.94000244140625,70.04000091552734,19328300
2017-11-30 00:00:00+00:00,70.33000183105469,70.41000366210938,70.05000305175781,70.11000061035156,24443400
2017-12-01 00:00:00+00:00,69.76000213623047,70.01000213623047,69.4800033569336,69.83000183105469,33370400
2017-12-04 00:00:00+00:00,69.6500015258789,69.98999786376953,69.56999969482422,69.58000183105469,19355500
2017-12-05 00:00:00+00:00,69.47000122070312,69.73999786376953,69.41999816894531,69.43000030517578,15853700
2017-12-06 00:00:00+00:00,69.33000183105469,69.43000030517578,69.18000030517578,69.29000091552734,12481600
2017-12-07 00:00:00+00:00,69.54000091552734,69.63999938964844,69.2699966430664,69.47000122070312,16966100
2017-12-08 00:00:00+00:00,69.79000091552734,69.87999725341797,69.62999725341797,69.83999633789062,19106800
2017-12-11 00:00:00+00:00,69.9800033569336,70.04000091552734,69.87999725341797,70.0199966430664,20038600
2017-12-12 00:00:00+00:00,70.11000061035156,70.16999816894531,69.91000366210938,70.11000061035156,16514700
2017-12-13 00:00:00+00:00,70.22000122070312,70.51000213623047,70.16999816894531,70.37999725341797,25920500
2017-12-14 00:00:00+00:00,70.33000183105469,70.36000061035156,69.94999694824219,69.98999786376953,27424600
2017-12-15 00:00:00+00:00,69.91999816894531,70.06999969482422,69.76000213623047,69.97000122070312,32906900
2017-12-18 00:00:00+00:00,70.72000122070312,70.95999908447266,70.69999694824219,70.80000305175781,38998500
2017-12-19 00:00:00+00:00,69.94999694824219,69.9800033569336,69.69000244140625,69.80000305175781,37373700
2017-12-20 00:00:00+00:00,69.87000274658203,69.91000366210938,69.62999725341797,69.68000030517578,18729500
2017-12-21 00:00:00+00:00,69.7699966430664,70.11000061035156,69.75,69.93000030517578,22930000
2017-12-22 00:00:00+00:00,69.9000015258789,70.12000274658203,69.86000061035156,70.11000061035156,18767000
2017-12-26 00:00:00+00:00,69.9800033569336,70.16999816894531,69.91999816894531,70.08999633789062,15995000
2017-12-27 00:00:00+00:00,70.19000244140625,70.33000183105469,70.0999984741211,70.22000122070312,19835400
2017-12-28 00:00:00+00:00,70.4000015258789,70.45999908447266,70.22000122070312,70.26000213623047,20811200
2017-12-29 00:00:00+00:00,70.56999969482422,70.58000183105469,70.26000213623047,70.30999755859375,16214700
2018-01-02 00:00:00+00:00,70.52999877929688,70.8499984741211,70.41999816894531,70.83000183105469,26530000
2018-01-03 00:00:00+00:00,70.88999938964844,71.26000213623047,70.8499984741211,71.16999816894531,33384900
2018-01-04 00:00:00+00:00,71.86000061035156,72.05999755859375,71.80999755859375,71.94999694824219,23974400
2018-01-05 00:00:00+00:00,72.1500015258789,72.4000015258789,72.06999969482422,72.3499984741211,17483800
2018-01-08 00:00:00+00:00,72.26000213623047,72.3499984741211,72.18000030517578,72.33000183105469,21733700
2018-01-09 00:00:00+00:00,72.33999633789062,72.44000244140625,72.12000274658203,72.41000366210938,19138900
2018-01-10 00:00:00+00:00,72.41999816894531,72.44999694824219,72.22000122070312,72.2699966430664,18118900
2018-01-11 00:00:00+00:00,72.47000122070312,72.77999877929688,72.41000366210938,72.7699966430664,17314400
2018-01-12 00:00:00+00:00,73.02999877929688,73.51000213623047,72.95999908447266,73.5,22694300
2018-01-16 00:00:00+00:00,73.70999908447266,73.83999633789062,73.33999633789062,73.43000030517578,24617800
2018-01-17 00:00:00+00:00,73.62999725341797,74.08000183105469,73.47000122070312,73.80999755859375,21424400
2018-01-18 00:00:00+00:00,73.61000061035156,73.80000305175781,73.48999786376953,73.72000122070312,19094600
2018-01-19 00:00:00+00:00,74.08999633789062,74.13999938964844,73.86000061035156,74.12999725341797,19622600
2018-01-22 00:00:00+00:00,74.19000244140625,74.54000091552734,74.1500015258789,74.51000213623047,14992500
2018-01-23 00:00:00+00:00,74.5999984741211,74.80000305175781,74.51000213623047,74.75,15575400
2018-01-24 00:00:00+00:00,75.16000366210938,75.2300033569336,74.62999725341797,74.87999725341797,24383800
2018-01-25 00:00:00+00:00,75.18000030517578,75.20999908447266,74.44000244140625,74.58999633789062,23272500
2018-01-26 00:00:00+00:00,74.9800033569336,75.2699966430664,74.93000030517578,75.25,19192600
2018-01-29 00:00:00+00:00,74.6500015258789,74.72000122070312,74.41999816894531,74.55999755859375,26906700
2018-01-30 00:00:00+00:00,74.31999969482422,74.37000274658203,73.8499984741211,73.94000244140625,113986300
2018-01-31 00:00:00+00:00,74.19000244140625,74.2300033569336,73.70999908447266,73.83999633789062,38465500
2018-02-01 00:00:00+00:00,73.72000122070312,74.19000244140625,73.68000030517578,74.05000305175781,30876200
2018-02-02 00:00:00+00:00,73.33000183105469,73.33000183105469,72.47000122070312,72.55000305175781,36590600
2018-02-05 00:00:00+00:00,71.63999938964844,71.97000122070312,69.30999755859375,69.51000213623047,78968000
2018-02-06 00:00:00+00:00,69.41999816894531,71.06999969482422,69.26000213623047,70.87999725341797,84302300
2018-02-07 00:00:00+00:00,70.25,70.86000061035156,69.98999786376953,70.12999725341797,44411300
2018-02-08 00:00:00+00:00,70.16999816894531,70.19999694824219,68.27999877929688,68.30000305175781,59223600
2018-02-09 00:00:00+00:00,68.75,68.95999908447266,66.88999938964844,68.58999633789062,67466800
2018-02-12 00:00:00+00:00,69.0999984741211,69.77999877929688,68.87999725341797,69.63999938964844,37528600
2018-02-13 00:00:00+00:00,69.08999633789062,69.5,69.06999969482422,69.43000030517578,20574300
2018-02-14 00:00:00+00:00,69.01000213623047,70.69999694824219,68.9800033569336,70.66000366210938,31475400
2018-02-15 00:00:00+00:00,71.05999755859375,71.20999908447266,70.51000213623047,71.0999984741211,31600600
2018-02-16 00:00:00+00:00,71.20999908447266,71.72000122070312,71.18000030517578,71.41999816894531,23606400
2018-02-20 00:00:00+00:00,70.87999725341797,71.19999694824219,70.58000183105469,70.75,25286900
2018-02-21 00:00:00+00:00,70.94999694824219,71.4000015258789,70.37999725341797,70.41000366210938,30247700
2018-02-22 00:00:00+00:00,70.70999908447266,71.0999984741211,70.54000091552734,70.77999877929688,20537000
2018-02-23 00:00:00+00:00,71.04000091552734,71.43000030517578,70.9000015258789,71.33999633789062,30298500
2018-02-26 00:00:00+00:00,71.63999938964844,72.02999877929688,71.38999938964844,72.01000213623047,21007200
2018-02-27 00:00:00+00:00,71.55999755859375,71.63999938964844,70.9000015258789,70.94000244140625,22449300
2018-02-28 00:00:00+00:00,71.04000091552734,71.08000183105469,70.16999816894531,70.2699966430664,31642500
2018-03-01 00:00:00+00:00,69.69999694824219,70.04000091552734,68.75,69.08999633789062,51282100
2018-03-02 00:00:00+00:00,68.8499984741211,69.44000244140625,68.56999969482422,69.41999816894531,35512000
2018-03-05 00:00:00+00:00,68.91000366210938,69.83999633789062,68.88999938964844,69.79000091552734,18968500
2018-03-06 00:00:00+00:00,70.3499984741211,70.38999938964844,70.01000213623047,70.19999694824219,20996900
2018-03-07 00:00:00+00:00,69.86000061035156,70.22000122070312,69.66000366210938,70.18000030517578,14492500
2018-03-08 00:00:00+00:00,70.37999725341797,70.48999786376953,70.0999984741211,70.33000183105469,14883300
2018-03-09 00:00:00+00:00,70.43000030517578,70.79000091552734,70.31999969482422,70.77999877929688,17319800
2018-03-12 00:00:00+00:00,70.86000061035156,71.01000213623047,70.70999908447266,70.86000061035156,12801300
2018-03-13 00:00:00+00:00,71.0999984741211,71.1500015258789,70.26000213623047,70.38999938964844,19138100
2018-03-14 00:00:00+00:00,70.93000030517578,70.9800033569336,70.30999755859375,70.55999755859375,13670800
2018-03-15 00:00:00+00:00,70.55999755859375,70.8499984741211,70.4000015258789,70.5199966430664,21712300
2018-03-16 00:00:00+00:00,70.38999938964844,70.66000366210938,70.36000061035156,70.47000122070312,16119900
2018-03-19 00:00:00+00:00,70.20999908447266,70.22000122070312,69.52999877929688,69.9000015258789,24159700
2018-03-20 00:00:00+00:00,69.81999969482422,70.04000091552734,69.72000122070312,69.88999938964844,20578800
2018-03-21 00:00:00+00:00,69.77999877929688,70.27999877929688,69.70999908447266,70.0,17479200
2018-03-22 00:00:00+00:00,69.29000091552734,69.44000244140625,68.68000030517578,68.69999694824219,42084300
2018-03-23 00:00:00+00:00,68.81999969482422,68.91999816894531,67.91000366210938,67.94000244140625,44983200
2018-03-26 00:00:00+00:00,68.9800033569336,69.20999908447266,68.29000091552734,69.16000366210938,31279000
2018-03-27 00:00:00+00:00,69.5,69.56999969482422,68.38999938964844,68.6500015258789,36493900
2018-03-28 00:00:00+00:00,69.08000183105469,69.55999755859375,68.77999877929688,69.05000305175781,35737600
2018-03-29 00:00:00+00:00,69.55000305175781,69.9800033569336,69.37000274658203,69.68000030517578,34745000
2018-04-02 00:00:00+00:00,69.41000366210938,69.58000183105469,68.25,68.72000122070312,52362500
2018-04-03 00:00:00+00:00,69.08999633789062,69.26000213623047,68.73999786376953,69.16000366210938,30413600
2018-04-04 00:00:00+00:00,68.3499984741211,69.43000030517578,68.31999969482422,69.4000015258789,26041500
2018-04-05 00:00:00+00:00,69.7300033569336,70.05000305175781,69.69000244140625,69.86000061035156,22625800
2018-04-06 00:00:00+00:00,69.80999755859375,70.05999755859375,69.16999816894531,69.4000015258789,24999600
2018-04-09 00:00:00+00:00,70.06999969482422,70.44000244140625,69.86000061035156,69.97000122070312,18498700
2018-04-10 00:00:00+00:00,70.66999816894531,70.88999938964844,70.5199966430664,70.72000122070312,19233800
2018-04-11 00:00:00+00:00,70.56999969482422,70.86000061035156,70.4000015258789,70.44999694824219,21099100
2018-04-12 00:00:00+00:00,70.54000091552734,70.81999969482422,70.5,70.72000122070312,18012500
2018-04-13 00:00:00+00:00,70.95999908447266,70.97000122070312,70.55000305175781,70.79000091552734,14515400
2018-04-16 00:00:00+00:00,70.97000122070312,71.0,70.73999786376953,70.9000015258789,15678300
2018-04-17 00:00:00+00:00,71.02999877929688,71.36000061035156,70.95999908447266,71.22000122070312,17545600
2018-04-18 00:00:00+00:00,71.5199966430664,71.69000244140625,71.44999694824219,71.58999633789062,17035100
2018-04-19 00:00:00+00:00,71.51000213623047,71.61000061035156,71.11000061035156,71.31999969482422,20004000
2018-04-20 00:00:00+00:00,71.08999633789062,71.1500015258789,70.91000366210938,71.05000305175781,27586500
2018-04-23 00:00:00+00:00,70.98999786376953,71.06999969482422,70.7699966430664,70.95999908447266,17696000
2018-04-24 00:00:00+00:00,71.08999633789062,71.18000030517578,70.45999908447266,70.66999816894531,22013400
2018-04-25 00:00:00+00:00,70.41000366210938,70.63999938964844,70.19000244140625,70.55000305175781,18280700
2018-04-26 00:00:00+00:00,70.9000015258789,71.01000213623047,70.72000122070312,70.9000015258789,23697700
2018-04-27 00:00:00+00:00,70.87999725341797,71.05000305175781,70.69000244140625,70.97000122070312,15395400
2018-04-30 00:00:00+00:00,70.88999938964844,71.13999938964844,70.69000244140625,70.73999786376953,21883700
2018-05-01 00:00:00+00:00,70.66000366210938,70.72000122070312,70.16999816894531,70.48999786376953,17308000
2018-05-02 00:00:00+00:00,70.8499984741211,70.94000244140625,70.41000366210938,70.45999908447266,16409400
2018-05-03 00:00:00+00:00,70.58000183105469,70.7699966430664,70.05000305175781,70.68000030517578,19854600
2018-05-04 00:00:00+00:00,70.16999816894531,71.0,70.12999725341797,70.93000030517578,17022600
2018-05-07 00:00:00+00:00,70.87999725341797,71.12000274658203,70.80999755859375,70.94000244140625,8172600
2018-05-08 00:00:00+00:00,70.69000244140625,70.94999694824219,70.55999755859375,70.94999694824219,12400300
2018-05-09 00:00:00+00:00,70.8499984741211,71.19999694824219,70.79000091552734,71.12000274658203,15414000
2018-05-10 00:00:00+00:00,71.33999633789062,71.58000183105469,71.20999908447266,71.58000183105469,18107500
2018-05-11 00:00:00+00:00,71.80000305175781,71.91000366210938,71.68000030517578,71.7699966430664,19083700
2018-05-14 00:00:00+00:00,72.02999877929688,72.0999984741211,71.81999969482422,71.9000015258789,17790300
2018-05-15 00:00:00+00:00,71.27999877929688,71.5199966430664,71.0999984741211,71.37999725341797,18330100
2018-05-16 00:00:00+00:00,71.30999755859375,71.52999877929688,71.2300033569336,71.4800033569336,13758300
2018-05-17 00:00:00+00:00,71.51000213623047,71.70999908447266,71.38999938964844,71.58999633789062,16191300
2018-05-18 00:00:00+00:00,71.37999725341797,71.44999694824219,71.2300033569336,71.33000183105469,21815600
2018-05-21 00:00:00+00:00,71.69000244140625,71.77999877929688,71.5999984741211,71.77999877929688,13441700
2018-05-22 00:00:00+00:00,71.87999725341797,71.94000244140625,71.61000061035156,71.69000244140625,12897900
2018-05-23 00:00:00+00:00,70.77999877929688,70.91999816894531,70.55999755859375,70.9000015258789,23332600
2018-05-24 00:00:00+00:00,70.77999877929688,70.80999755859375,70.20999908447266,70.68000030517578,21542400
2018-05-25 00:00:00+00:00,70.16999816894531,70.31999969482422,70.02999877929688,70.22000122070312,17225600
2018-05-29 00:00:00+00:00,69.13999938964844,69.37999725341797,68.52999877929688,68.79000091552734,57008900
2018-05-30 00:00:00+00:00,69.37999725341797,69.88999938964844,69.19000244140625,69.83999633789062,25531900
2018-05-31 00:00:00+00:00,69.62999725341797,69.69999694824219,69.11000061035156,69.4000015258789,47992800
2018-06-01 00:00:00+00:00,69.91999816894531,70.0199966430664,69.63999938964844,70.0,39232600
2018-06-04 00:00:00+00:00,70.45999908447266,70.54000091552734,70.18000030517578,70.20999908447266,18561900
2018-06-05 00:00:00+00:00,70.22000122070312,70.25,69.91999816894531,70.0999984741211,16641000
2018-06-06 00:00:00+00:00,70.3499984741211,70.7300033569336,70.18000030517578,70.7300033569336,25445400
2018-06-07 00:00:00+00:00,70.79000091552734,70.81999969482422,70.19999694824219,70.33000183105469,25977000
2018-06-08 00:00:00+00:00,70.2699966430664,70.5,70.08999633789062,70.41000366210938,23206300
2018-06-11 00:00:00+00:00,70.66999816894531,71.02999877929688,70.61000061035156,70.86000061035156,26145100
2018-06-12 00:00:00+00:00,70.72000122070312,70.76000213623047,70.3499984741211,70.41000366210938,22706300
2018-06-13 00:00:00+00:00,70.63999938964844,70.70999908447266,70.22000122070312,70.51000213623047,20486700
2018-06-14 00:00:00+00:00,70.51000213623047,70.72000122070312,70.31999969482422,70.36000061035156,24099000
2018-06-15 00:00:00+00:00,70.02999877929688,70.04000091552734,69.7300033569336,70.0,31433500
2018-06-18 00:00:00+00:00,69.2300033569336,69.5199966430664,69.13999938964844,69.5,30778500
2018-06-19 00:00:00+00:00,67.16000366210938,67.56999969482422,67.05999755859375,67.5199966430664,30397600
2018-06-20 00:00:00+00:00,67.77999877929688,67.83000183105469,67.4000015258789,67.56999969482422,38687300
2018-06-21 00:00:00+00:00,67.38999938964844,67.38999938964844,67.0199966430664,67.08999633789062,23793400
2018-06-22 00:00:00+00:00,67.94999694824219,68.12999725341797,67.66000366210938,67.80000305175781,26146100
2018-06-25 00:00:00+00:00,67.31999969482422,67.38999938964844,66.68000030517578,66.86000061035156,39388300
2018-06-26 00:00:00+00:00,67.08000183105469,67.11000061035156,66.70999908447266,66.9800033569336,23117500
2018-06-27 00:00:00+00:00,67.04000091552734,67.30000305175781,66.31999969482422,66.3499984741211,29616800
2018-06-28 00:00:00+00:00,66.33000183105469,66.68000030517578,66.19000244140625,66.5999984741211,21384800
2018-06-29 00:00:00+00:00,67.12000274658203,67.37000274658203,66.91000366210938,66.97000122070312,32031400
2018-07-02 00:00:00+00:00,66.0199966430664,66.43000030517578,66.0,66.36000061035156,39167900
2018-07-03 00:00:00+00:00,66.88999938964844,66.98999786376953,66.52999877929688,66.55999755859375,14919900
2018-07-05 00:00:00+00:00,67.16999816894531,67.2699966430664,66.97000122070312,67.22000122070312,18593200
2018-07-06 00:00:00+00:00,67.30999755859375,67.72000122070312,67.23999786376953,67.58000183105469,16641600
2018-07-09 00:00:00+00:00,68.12000274658203,68.25,67.94999694824219,68.2300033569336,20682100
2018-07-10 00:00:00+00:00,68.11000061035156,68.2699966430664,68.06999969482422,68.19999694824219,18981400
2018-07-11 00:00:00+00:00,67.43000030517578,67.61000061035156,66.86000061035156,67.05999755859375,30172400
2018-07-12 00:00:00+00:00,67.41999816894531,67.6500015258789,67.30000305175781,67.58000183105469,18810600
2018-07-13 00:00:00+00:00,67.61000061035156,67.81999969482422,67.47000122070312,67.79000091552734,17206900
2018-07-16 00:00:00+00:00,67.7699966430664,67.86000061035156,67.6500015258789,67.76000213623047,15422200
2018-07-17 00:00:00+00:00,67.58000183105469,67.95999908447266,67.54000091552734,67.87999725341797,16965000
2018-07-18 00:00:00+00:00,67.83000183105469,68.04000091552734,67.72000122070312,67.88999938964844,13712400
2018-07-19 00:00:00+00:00,67.54000091552734,67.87999725341797,67.47000122070312,67.75,26316500
2018-07-20 00:00:00+00:00,67.7699966430664,68.18000030517578,67.76000213623047,68.06999969482422,28610200
2018-07-23 00:00:00+00:00,68.06999969482422,68.13999938964844,67.94000244140625,68.06999969482422,10192900
2018-07-24 00:00:00+00:00,68.63999938964844,68.80000305175781,68.36000061035156,68.47000122070312,17645500
2018-07-25 00:00:00+00:00,68.45999908447266,69.08999633789062,68.23999786376953,68.9800033569336,29698900
2018-07-26 00:00:00+00:00,68.72000122070312,68.8499984741211,68.5999984741211,68.66999816894531,23009400
2018-07-27 00:00:00+00:00,68.97000122070312,69.11000061035156,68.7300033569336,68.80000305175781,28911800
2018-07-30 00:00:00+00:00,69.04000091552734,69.08999633789062,68.7699966430664,68.79000091552734,17630300
2018-07-31 00:00:00+00:00,69.04000091552734,69.0999984741211,68.75,68.87999725341797,25087500
2018-08-01 00:00:00+00:00,68.7699966430664,68.80000305175781,68.44000244140625,68.52999877929688,25402700
2018-08-02 00:00:00+00:00,67.79000091552734,68.08000183105469,67.72000122070312,68.08000183105469,24343200
2018-08-03 00:00:00+00:00,67.81999969482422,68.1500015258789,67.77999877929688,68.12000274658203,14176200
2018-08-06 00:00:00+00:00,67.69999694824219,67.93000030517578,67.58000183105469,67.83000183105469,12077900
2018-08-07 00:00:00+00:00,68.51000213623047,68.54000091552734,68.30000305175781,68.36000061035156,17495500
2018-08-08 00:00:00+00:00,68.27999877929688,68.43000030517578,68.12999725341797,68.30000305175781,13812800
2018-08-09 00:00:00+00:00,68.31999969482422,68.38999938964844,68.05999755859375,68.0999984741211,11964700
2018-08-10 00:00:00+00:00,66.86000061035156,66.98999786376953,66.61000061035156,66.73999786376953,28624600
2018-08-13 00:00:00+00:00,66.6500015258789,66.77999877929688,66.3499984741211,66.5,24817700
2018-08-14 00:00:00+00:00,66.58999633789062,66.6500015258789,66.37000274658203,66.48999786376953,22596700
2018-08-15 00:00:00+00:00,65.61000061035156,65.69000244140625,65.1500015258789,65.52999877929688,41602700
2018-08-16 00:00:00+00:00,65.95999908447266,66.23999786376953,65.93000030517578,65.98999786376953,23297100
2018-08-17 00:00:00+00:00,65.97000122070312,66.55000305175781,65.91000366210938,66.37999725341797,25722900
2018-08-20 00:00:00+00:00,66.63999938964844,66.81999969482422,66.62000274658203,66.73999786376953,16229300
2018-08-21 00:00:00+00:00,67.16999816894531,67.36000061035156,66.98999786376953,67.1500015258789,15670100
2018-08-22 00:00:00+00:00,67.44999694824219,67.52999877929688,67.33000183105469,67.41000366210938,13217500
2018-08-23 00:00:00+00:00,67.06999969482422,67.22000122070312,66.87000274658203,66.93000030517578,22030700
2018-08-24 00:00:00+00:00,67.2300033569336,67.45999908447266,67.13999938964844,67.31999969482422,21816600
2018-08-27 00:00:00+00:00,67.91000366210938,68.2699966430664,67.87000274658203,68.22000122070312,24820300
2018-08-28 00:00:00+00:00,68.38999938964844,68.44999694824219,68.12000274658203,68.16000366210938,19866800
2018-08-29 00:00:00+00:00,68.16000366210938,68.54000091552734,68.08000183105469,68.52999877929688,18107700
2018-08-30 00:00:00+00:00,67.94999694824219,68.05000305175781,67.70999908447266,67.87999725341797,20743000
2018-08-31 00:00:00+00:00,67.45999908447266,67.69000244140625,67.08000183105469,67.33999633789062,30945900
2018-09-04 00:00:00+00:00,66.5,66.77999877929688,66.41999816894531,66.7699966430664,25303400
2018-09-05 00:00:00+00:00,66.33999633789062,66.41999816894531,65.95999908447266,66.16000366210938,26850800
2018-09-06 00:00:00+00:00,66.05999755859375,66.22000122070312,65.6500015258789,65.95999908447266,25557900
2018-09-07 00:00:00+00:00,65.33000183105469,65.62999725341797,65.23999786376953,65.43000030517578,22989400
2018-09-10 00:00:00+00:00,65.94999694824219,65.98999786376953,65.75,65.83000183105469,15646700
2018-09-11 00:00:00+00:00,65.5,65.91000366210938,65.4000015258789,65.88999938964844,17652700
2018-09-12 00:00:00+00:00,65.95999908447266,66.33000183105469,65.91000366210938,66.16999816894531,19372500
2018-09-13 00:00:00+00:00,66.80999755859375,66.87000274658203,66.48999786376953,66.66000366210938,26009600
2018-09-14 00:00:00+00:00,66.86000061035156,66.94000244140625,66.5999984741211,66.76000213623047,21047500
2018-09-17 00:00:00+00:00,67.08999633789062,67.20999908447266,66.80999755859375,66.81999969482422,13679100
2018-09-18 00:00:00+00:00,67.30999755859375,67.62000274658203,67.30000305175781,67.5199966430664,20734400
2018-09-19 00:00:00+00:00,67.58999633789062,67.86000061035156,67.58999633789062,67.76000213623047,15330300
2018-09-20 00:00:00+00:00,68.47000122070312,68.68000030517578,68.29000091552734,68.5999984741211,24625300
2018-09-21 00:00:00+00:00,68.58000183105469,68.73999786376953,68.5199966430664,68.62999725341797,19003300
2018-09-24 00:00:00+00:00,68.63999938964844,68.66000366210938,68.31999969482422,68.31999969482422,20382700
2018-09-25 00:00:00+00:00,68.8499984741211,68.88999938964844,68.63999938964844,68.66000366210938,19623000
2018-09-26 00:00:00+00:00,68.62999725341797,69.12999725341797,68.62000274658203,68.69000244140625,26899900
2018-09-27 00:00:00+00:00,68.55999755859375,68.86000061035156,68.4800033569336,68.55000305175781,21555300
2018-09-28 00:00:00+00:00,67.93000030517578,68.2699966430664,67.8499984741211,67.98999786376953,37330500
2018-10-01 00:00:00+00:00,68.20999908447266,68.31999969482422,68.05000305175781,68.06999969482422,27922300
2018-10-02 00:00:00+00:00,67.55000305175781,67.77999877929688,67.47000122070312,67.72000122070312,18689200
2018-10-03 00:00:00+00:00,67.83999633789062,67.87999725341797,67.54000091552734,67.5999984741211,19372300
2018-10-04 00:00:00+00:00,67.16999816894531,67.19999694824219,66.5,66.80999755859375,38671500
2018-10-05 00:00:00+00:00,66.6500015258789,66.70999908447266,66.16000366210938,66.41000366210938,28116900
2018-10-08 00:00:00+00:00,65.69000244140625,66.11000061035156,65.54000091552734,66.08999633789062,24471300
2018-10-09 00:00:00+00:00,65.4000015258789,66.01000213623047,65.31999969482422,65.91999816894531,23011200
2018-10-10 00:00:00+00:00,65.68000030517578,65.68000030517578,64.37999725341797,64.5199966430664,64586200
2018-10-11 00:00:00+00:00,64.33000183105469,64.54000091552734,63.189998626708984,63.619998931884766,119275100
2018-10-12 00:00:00+00:00,64.11000061035156,64.13999938964844,63.18000030517578,63.849998474121094,66647600
2018-10-15 00:00:00+00:00,63.689998626708984,64.04000091552734,63.5099983215332,63.70000076293945,32702300
2018-10-16 00:00:00+00:00,64.52999877929688,64.91999816894531,64.43000030517578,64.79000091552734,35959100
2018-10-17 00:00:00+00:00,64.58999633789062,64.66999816894531,64.12000274658203,64.41999816894531,26566600
2018-10-18 00:00:00+00:00,64.16999816894531,64.25,63.18000030517578,63.380001068115234,48286500
2018-10-19 00:00:00+00:00,63.720001220703125,64.0999984741211,63.70000076293945,63.7400016784668,31924100
2018-10-22 00:00:00+00:00,63.79999923706055,63.849998474121094,63.27000045776367,63.459999084472656,28641300
2018-10-23 00:00:00+00:00,62.41999816894531,63.130001068115234,62.04999923706055,62.86000061035156,54694300
2018-10-24 00:00:00+00:00,62.5,62.540000915527344,61.040000915527344,61.08000183105469,62942300
2018-10-25 00:00:00+00:00,61.58000183105469,62.16999816894531,61.34000015258789,61.849998474121094,47758100
2018-10-26 00:00:00+00:00,61.09000015258789,61.83000183105469,60.58000183105469,61.43000030517578,72008800
2018-10-29 00:00:00+00:00,62.099998474121094,62.22999954223633,60.77000045776367,61.2599983215332,60675300
2018-10-30 00:00:00+00:00,61.38999938964844,62.0099983215332,61.29999923706055,62.0,50851500
2018-10-31 00:00:00+00:00,62.5099983215332,62.79999923706055,62.400001525878906,62.459999084472656,49348900
2018-11-01 00:00:00+00:00,63.0,63.27000045776367,62.7599983215332,63.2599983215332,42760200
2018-11-02 00:00:00+00:00,63.83000183105469,63.91999816894531,62.97999954223633,63.349998474121094,39087900
2018-11-05 00:00:00+00:00,63.38999938964844,63.5099983215332,63.15999984741211,63.349998474121094,23002700
2018-11-06 00:00:00+00:00,63.369998931884766,63.65999984741211,63.310001373291016,63.61000061035156,18973700
2018-11-07 00:00:00+00:00,64.19000244140625,64.5,63.97999954223633,64.45999908447266,34148400
2018-11-08 00:00:00+00:00,64.22000122070312,64.3499984741211,63.689998626708984,63.83000183105469,31336600
2018-11-09 00:00:00+00:00,63.40999984741211,63.52000045776367,63.11000061035156,63.40999984741211,27581700
2018-11-12 00:00:00+00:00,62.970001220703125,62.9900016784668,62.290000915527344,62.369998931884766,31068900
2018-11-13 00:00:00+00:00,62.529998779296875,63.08000183105469,62.369998931884766,62.63999938964844,37193900
2018-11-14 00:00:00+00:00,63.08000183105469,63.130001068115234,62.34000015258789,62.689998626708984,51506100
2018-11-15 00:00:00+00:00,62.279998779296875,63.02000045776367,61.970001220703125,62.88999938964844,54666300
2018-11-16 00:00:00+00:00,62.47999954223633,63.029998779296875,62.380001068115234,62.959999084472656,30723600
2018-11-19 00:00:00+00:00,62.91999816894531,62.95000076293945,62.25,62.40999984741211,30409700
2018-11-20 00:00:00+00:00,61.56999969482422,61.83000183105469,61.18000030517578,61.33000183105469,41209700
2018-11-21 00:00:00+00:00,62.09000015258789,62.439998626708984,61.9900016784668,62.189998626708984,32720600
2018-11-23 00:00:00+00:00,61.65999984741211,61.97999954223633,61.65999984741211,61.779998779296875,13336500
2018-11-26 00:00:00+00:00,62.560001373291016,62.77000045776367,62.5,62.709999084472656,31007400
2018-11-27 00:00:00+00:00,62.34000015258789,62.5099983215332,62.15999984741211,62.470001220703125,38111400
2018-11-28 00:00:00+00:00,62.560001373291016,63.40999984741211,62.279998779296875,63.36000061035156,40600800
2018-11-29 00:00:00+00:00,62.9900016784668,63.25,62.83000183105469,63.040000915527344,31259700
2018-11-30 00:00:00+00:00,62.68000030517578,62.84000015258789,62.4900016784668,62.77000045776367,32068600
2018-12-03 00:00:00+00:00,63.75,63.75,63.36000061035156,63.599998474121094,43673900
2018-12-04 00:00:00+00:00,63.279998779296875,63.34000015258789,61.88999938964844,61.95000076293945,50079600
2018-12-06 00:00:00+00:00,60.900001525878906,61.41999816894531,60.22999954223633,61.369998931884766,78905500
2018-12-07 00:00:00+00:00,61.459999084472656,61.70000076293945,60.61000061035156,60.75,54090300
2018-12-10 00:00:00+00:00,60.4900016784668,60.599998474121094,59.65999984741211,60.279998779296875,61630500
2018-12-11 00:00:00+00:00,60.900001525878906,60.91999816894531,60.11000061035156,60.470001220703125,71163600
2018-12-12 00:00:00+00:00,61.41999816894531,61.779998779296875,61.36000061035156,61.36000061035156,45925600
2018-12-13 00:00:00+00:00,61.47999954223633,61.630001068115234,61.189998626708984,61.25,44498200
2018-12-14 00:00:00+00:00,60.59000015258789,60.849998474121094,60.40999984741211,60.459999084472656,50416200
2018-12-17 00:00:00+00:00,60.45000076293945,60.52000045776367,59.72999954223633,59.97999954223633,58508500
2018-12-18 00:00:00+00:00,59.619998931884766,59.81999969482422,59.20000076293945,59.38999938964844,48896500
2018-12-19 00:00:00+00:00,59.63999938964844,60.099998474121094,58.58000183105469,58.81999969482422,68491500
2018-12-20 00:00:00+00:00,58.900001525878906,59.06999969482422,58.349998474121094,58.58000183105469,97602600
2018-12-21 00:00:00+00:00,58.16999816894531,58.5099983215332,57.47999954223633,57.560001373291016,93622500
2018-12-24 00:00:00+00:00,57.560001373291016,57.790000915527344,56.84000015258789,56.88999938964844,47120300
2018-12-26 00:00:00+00:00,57.25,58.29999923706055,56.77000045776367,58.209999084472656,69827600
2018-12-27 00:00:00+00:00,57.54999923706055,58.380001068115234,57.11000061035156,58.380001068115234,76591200
2018-12-28 00:00:00+00:00,58.959999084472656,58.9900016784668,58.52000045776367,58.689998626708984,68541800
2018-12-31 00:00:00+00:00,59.02000045776367,59.060001373291016,58.58000183105469,58.779998779296875,62878800
2019-01-02 00:00:00+00:00,58.0,58.66999816894531,57.97999954223633,58.65999984741211,38723200
2019-01-03 00:00:00+00:00,58.52000045776367,58.54999923706055,58.029998779296875,58.130001068115234,35012600
2019-01-04 00:00:00+00:00,59.08000183105469,60.119998931884766,58.9900016784668,59.90999984741211,47001700
2019-01-07 00:00:00+00:00,59.9900016784668,60.41999816894531,59.81999969482422,60.13999938964844,30335900
2019-01-08 00:00:00+00:00,60.72999954223633,60.7599983215332,60.349998474121094,60.529998779296875,26444600
2019-01-09 00:00:00+00:00,61.08000183105469,61.34000015258789,60.90999984741211,61.209999084472656,34615300
2019-01-10 00:00:00+00:00,60.970001220703125,61.459999084472656,60.91999816894531,61.45000076293945,33699300
2019-01-11 00:00:00+00:00,60.97999954223633,61.15999984741211,60.849998474121094,61.029998779296875,40655600
2019-01-14 00:00:00+00:00,60.58000183105469,60.95000076293945,60.54999923706055,60.75,28319800
2019-01-15 00:00:00+00:00,60.90999984741211,61.15999984741211,60.709999084472656,61.06999969482422,35202700
2019-01-16 00:00:00+00:00,61.130001068115234,61.310001373291016,61.099998474121094,61.2400016784668,38473900
2019-01-17 00:00:00+00:00,60.880001068115234,61.56999969482422,60.86000061035156,61.459999084472656,28896000
2019-01-18 00:00:00+00:00,62.06999969482422,62.150001525878906,61.84000015258789,62.08000183105469,39380800
2019-01-22 00:00:00+00:00,61.43000030517578,61.5099983215332,61.0,61.119998931884766,36637900
2019-01-23 00:00:00+00:00,61.63999938964844,61.689998626708984,61.150001525878906,61.400001525878906,21725600
2019-01-24 00:00:00+00:00,61.43000030517578,61.650001525878906,61.2599983215332,61.470001220703125,21843800
2019-01-25 00:00:00+00:00,62.060001373291016,62.279998779296875,62.02000045776367,62.16999816894531,31128800
2019-01-28 00:00:00+00:00,61.66999816894531,61.88999938964844,61.58000183105469,61.83000183105469,28738200
2019-01-29 00:00:00+00:00,62.209999084472656,62.34000015258789,61.970001220703125,61.970001220703125,23933700
2019-01-30 00:00:00+00:00,62.27000045776367,62.900001525878906,62.11000061035156,62.650001525878906,30465700
2019-01-31 00:00:00+00:00,62.560001373291016,62.83000183105469,62.40999984741211,62.68000030517578,33012500
2019-02-01 00:00:00+00:00,62.689998626708984,62.83000183105469,62.5,62.65999984741211,22056000
2019-02-04 00:00:00+00:00,62.56999969482422,62.91999816894531,62.45000076293945,62.88999938964844,20260600
2019-02-05 00:00:00+00:00,63.290000915527344,63.43000030517578,63.20000076293945,63.380001068115234,29367100
2019-02-06 00:00:00+00:00,63.220001220703125,63.29999923706055,62.959999084472656,63.060001373291016,19675600
2019-02-07 00:00:00+00:00,62.56999969482422,62.66999816894531,62.09000015258789,62.220001220703125,33930700
2019-02-08 00:00:00+00:00,61.81999969482422,62.029998779296875,61.61000061035156,62.02000045776367,21440400
2019-02-11 00:00:00+00:00,61.959999084472656,62.09000015258789,61.81999969482422,61.959999084472656,22453000
2019-02-12 00:00:00+00:00,62.540000915527344,62.709999084472656,62.5,62.68000030517578,28176300
2019-02-13 00:00:00+00:00,62.900001525878906,63.04999923706055,62.689998626708984,62.689998626708984,22923500
2019-02-14 00:00:00+00:00,62.70000076293945,62.91999816894531,62.529998779296875,62.709999084472656,23166900
2019-02-15 00:00:00+00:00,63.34000015258789,63.619998931884766,62.709999084472656,63.619998931884766,29544700
2019-02-19 00:00:00+00:00,63.40999984741211,63.970001220703125,63.40999984741211,63.86000061035156,19126800
2019-02-20 00:00:00+00:00,63.939998626708984,64.30000305175781,63.93000030517578,64.04000091552734,27833100
2019-02-21 00:00:00+00:00,63.9900016784668,64.04000091552734,63.75,63.90999984741211,19709600
2019-02-22 00:00:00+00:00,64.0999984741211,64.2699966430664,64.0199966430664,64.12000274658203,19653800
2019-02-25 00:00:00+00:00,64.5199966430664,64.58000183105469,64.27999877929688,64.30999755859375,21208900
2019-02-26 00:00:00+00:00,64.41999816894531,64.7699966430664,64.38999938964844,64.62000274658203,23246200
2019-02-27 00:00:00+00:00,64.5,64.58000183105469,64.30000305175781,64.36000061035156,19933400
2019-02-28 00:00:00+00:00,64.30999755859375,64.45999908447266,64.19999694824219,64.2699966430664,27730700
2019-03-01 00:00:00+00:00,64.63999938964844,64.75,64.38999938964844,64.62000274658203,26191800
2019-03-04 00:00:00+00:00,64.68000030517578,64.70999908447266,64.12000274658203,64.37999725341797,22255100
2019-03-05 00:00:00+00:00,64.36000061035156,64.61000061035156,64.2699966430664,64.44000244140625,22315100
2019-03-06 00:00:00+00:00,64.55000305175781,64.56999969482422,64.25,64.27999877929688,14060100
2019-03-07 00:00:00+00:00,64.0,64.06999969482422,63.45000076293945,63.459999084472656,29445800
2019-03-08 00:00:00+00:00,63.06999969482422,63.470001220703125,63.060001373291016,63.470001220703125,21427600
2019-03-11 00:00:00+00:00,63.5099983215332,64.04000091552734,63.5099983215332,64.0199966430664,16204800
2019-03-12 00:00:00+00:00,63.9900016784668,64.11000061035156,63.900001525878906,63.97999954223633,31559400
2019-03-13 00:00:00+00:00,64.22000122070312,64.58999633789062,64.22000122070312,64.52999877929688,17856300
2019-03-14 00:00:00+00:00,64.48999786376953,64.6500015258789,64.38999938964844,64.5199966430664,20861400
2019-03-15 00:00:00+00:00,64.97000122070312,65.23999786376953,64.93000030517578,65.22000122070312,44272000
2019-03-18 00:00:00+00:00,65.33000183105469,65.4800033569336,65.22000122070312,65.44999694824219,27734300
2019-03-19 00:00:00+00:00,65.83999633789062,65.87999725341797,65.44000244140625,65.58000183105469,32094800
2019-03-20 00:00:00+00:00,65.33000183105469,65.91999816894531,65.11000061035156,65.61000061035156,33136000
2019-03-21 00:00:00+00:00,65.16999816894531,65.62999725341797,65.16000366210938,65.56999969482422,34686500
2019-03-22 00:00:00+00:00,64.8499984741211,64.95999908447266,64.27999877929688,64.30999755859375,36194200
2019-03-25 00:00:00+00:00,64.26000213623047,64.44999694824219,64.0999984741211,64.4000015258789,26707900
2019-03-26 00:00:00+00:00,64.87000274658203,64.94000244140625,64.61000061035156,64.72000122070312,36734400
2019-03-27 00:00:00+00:00,64.88999938964844,64.97000122070312,64.30999755859375,64.75,21772300
2019-03-28 00:00:00+00:00,64.62999725341797,64.70999908447266,64.36000061035156,64.58999633789062,16531200
2019-03-29 00:00:00+00:00,64.87000274658203,64.9000015258789,64.56999969482422,64.86000061035156,23423900
2019-04-01 00:00:00+00:00,65.4800033569336,65.70999908447266,65.38999938964844,65.69000244140625,33228100
2019-04-02 00:00:00+00:00,65.5999984741211,65.73999786376953,65.43000030517578,65.70999908447266,18209100
2019-04-03 00:00:00+00:00,66.16999816894531,66.37999725341797,66.08999633789062,66.22000122070312,25471600
2019-04-04 00:00:00+00:00,65.98999786376953,66.12999725341797,65.95999908447266,66.08000183105469,23580500
2019-04-05 00:00:00+00:00,66.02999877929688,66.25,66.02999877929688,66.25,27828800
2019-04-08 00:00:00+00:00,66.23999786376953,66.29000091552734,66.08000183105469,66.29000091552734,21464100
2019-04-09 00:00:00+00:00,66.05000305175781,66.05999755859375,65.83999633789062,65.87000274658203,17074900
2019-04-10 00:00:00+00:00,65.95999908447266,66.13999938964844,65.87999725341797,66.12000274658203,25289300
2019-04-11 00:00:00+00:00,66.05000305175781,66.12999725341797,65.8499984741211,65.9800033569336,16309400
2019-04-12 00:00:00+00:00,66.41999816894531,66.47000122070312,66.29000091552734,66.44000244140625,31507700
2019-04-15 00:00:00+00:00,66.48999786376953,66.51000213623047,66.33000183105469,66.47000122070312,11608000
2019-04-16 00:00:00+00:00,66.7300033569336,66.73999786376953,66.47000122070312,66.5199966430664,19958100
2019-04-17 00:00:00+00:00,66.8499984741211,66.87000274658203,66.5999984741211,66.70999908447266,23540000
2019-04-18 00:00:00+00:00,66.70999908447266,66.75,66.51000213623047,66.66999816894531,21794000
2019-04-22 00:00:00+00:00,66.45999908447266,66.66999816894531,66.41999816894531,66.55999755859375,21336700
2019-04-23 00:00:00+00:00,66.44000244140625,66.72000122070312,66.4000015258789,66.69000244140625,17741400
2019-04-24 00:00:00+00:00,66.33999633789062,66.4000015258789,66.11000061035156,66.2300033569336,26417500
2019-04-25 00:00:00+00:00,66.0199966430664,66.19999694824219,65.95999908447266,66.18000030517578,16020300
2019-04-26 00:00:00+00:00,66.30000305175781,66.45999908447266,66.19999694824219,66.44999694824219,17705700
2019-04-29 00:00:00+00:00,66.4800033569336,66.73999786376953,66.43000030517578,66.72000122070312,16992700
2019-04-30 00:00:00+00:00,66.69999694824219,66.87000274658203,66.4800033569336,66.76000213623047,36645900
2019-05-01 00:00:00+00:00,66.86000061035156,66.9800033569336,66.33000183105469,66.37999725341797,25870800
2019-05-02 00:00:00+00:00,66.44000244140625,66.47000122070312,66.11000061035156,66.27999877929688,21120700
2019-05-03 00:00:00+00:00,66.58999633789062,66.98999786376953,66.55000305175781,66.98999786376953,22117400
2019-05-06 00:00:00+00:00,65.5199966430664,66.31999969482422,65.5,66.2300033569336,24641100
2019-05-07 00:00:00+00:00,65.62999725341797,65.69000244140625,64.86000061035156,65.06999969482422,30661400
2019-05-08 00:00:00+00:00,65.08999633789062,65.38999938964844,64.97000122070312,65.1500015258789,31028300
2019-05-09 00:00:00+00:00,64.44000244140625,64.91999816894531,64.2300033569336,64.8499984741211,28991500
2019-05-10 00:00:00+00:00,64.83999633789062,65.3499984741211,64.47000122070312,65.33000183105469,34968000
2019-05-13 00:00:00+00:00,64.12999725341797,64.22000122070312,63.709999084472656,63.810001373291016,42253200
2019-05-14 00:00:00+00:00,64.2699966430664,64.62000274658203,64.20999908447266,64.44999694824219,32214000
2019-05-15 00:00:00+00:00,63.97999954223633,64.79000091552734,63.95000076293945,64.68000030517578,39054900
2019-05-16 00:00:00+00:00,64.91999816894531,65.41000366210938,64.91000366210938,65.19999694824219,27414300
2019-05-17 00:00:00+00:00,64.80000305175781,65.11000061035156,64.72000122070312,64.7699966430664,35566300
2019-05-20 00:00:00+00:00,64.51000213623047,64.7300033569336,64.3499984741211,64.51000213623047,27914500
2019-05-21 00:00:00+00:00,64.86000061035156,65.02999877929688,64.69999694824219,64.94000244140625,20838900
2019-05-22 00:00:00+00:00,64.62000274658203,64.83000183105469,64.61000061035156,64.68000030517578,22818000
2019-05-23 00:00:00+00:00,64.0,64.16000366210938,63.81999969482422,64.08999633789062,29106800
2019-05-24 00:00:00+00:00,64.7699966430664,64.79000091552734,64.54000091552734,64.77999877929688,23320000
2019-05-28 00:00:00+00:00,64.7300033569336,64.83999633789062,64.12999725341797,64.1500015258789,32637000
2019-05-29 00:00:00+00:00,63.68000030517578,63.75,63.439998626708984,63.7400016784668,32910400
2019-05-30 00:00:00+00:00,63.81999969482422,63.9900016784668,63.7400016784668,63.97999954223633,28874300
2019-05-31 00:00:00+00:00,63.130001068115234,63.470001220703125,63.06999969482422,63.400001525878906,34278600
2019-06-03 00:00:00+00:00,63.59000015258789,63.869998931884766,63.40999984741211,63.77000045776367,36735900
2019-06-04 00:00:00+00:00,64.20999908447266,64.55999755859375,64.04000091552734,64.5,34241600
2019-06-05 00:00:00+00:00,64.79000091552734,64.80000305175781,64.37999725341797,64.4800033569336,19015300
2019-06-06 00:00:00+00:00,64.7300033569336,64.87999725341797,64.55999755859375,64.73999786376953,28586900
2019-06-07 00:00:00+00:00,65.36000061035156,65.7300033569336,65.33000183105469,65.55999755859375,31020100
2019-06-10 00:00:00+00:00,65.7300033569336,65.91999816894531,65.66999816894531,65.73999786376953,21435800
2019-06-11 00:00:00+00:00,66.33999633789062,66.36000061035156,65.9800033569336,66.06999969482422,22255000
2019-06-12 00:00:00+00:00,65.80999755859375,65.9000015258789,65.55000305175781,65.58000183105469,17110500
2019-06-13 00:00:00+00:00,65.73999786376953,65.7699966430664,65.47000122070312,65.63999938964844,24194500
2019-06-14 00:00:00+00:00,65.25,65.25,65.08999633789062,65.16000366210938,37202100
2019-06-17 00:00:00+00:00,63.79999923706055,63.959999084472656,63.7599983215332,63.83000183105469,22615800
2019-06-18 00:00:00+00:00,64.3499984741211,64.70999908447266,64.33000183105469,64.68000030517578,34024300
2019-06-19 00:00:00+00:00,64.83000183105469,65.19999694824219,64.77999877929688,65.08000183105469,25092700
2019-06-20 00:00:00+00:00,65.83000183105469,65.86000061035156,65.44000244140625,65.6500015258789,32817400
2019-06-21 00:00:00+00:00,65.37000274658203,65.55999755859375,65.31999969482422,65.37000274658203,25032400
2019-06-24 00:00:00+00:00,65.55999755859375,65.63999938964844,65.48999786376953,65.51000213623047,23238800
2019-06-25 00:00:00+00:00,65.58000183105469,65.5999984741211,65.12000274658203,65.12000274658203,24373000
2019-06-26 00:00:00+00:00,65.37000274658203,65.41000366210938,65.19999694824219,65.19999694824219,13170700
2019-06-27 00:00:00+00:00,65.37000274658203,65.47000122070312,65.33000183105469,65.36000061035156,14439800
2019-06-28 00:00:00+00:00,65.63999938964844,65.80000305175781,65.5999984741211,65.7300033569336,27667900
2019-07-01 00:00:00+00:00,66.38999938964844,66.38999938964844,65.87999725341797,66.04000091552734,25538600
2019-07-02 00:00:00+00:00,66.16999816894531,66.29000091552734,66.12999725341797,66.2300033569336,26045900
2019-07-03 00:00:00+00:00,66.58999633789062,66.72000122070312,66.55000305175781,66.68000030517578,14359300
2019-07-05 00:00:00+00:00,66.0999984741211,66.20999908447266,65.76000213623047,66.16999816894531,21696200
2019-07-08 00:00:00+00:00,65.80000305175781,65.91999816894531,65.75,65.79000091552734,15839500
2019-07-09 00:00:00+00:00,65.33000183105469,65.54000091552734,65.30000305175781,65.51000213623047,11661800
2019-07-10 00:00:00+00:00,65.81999969482422,65.93000030517578,65.62000274658203,65.73999786376953,15051500
2019-07-11 00:00:00+00:00,65.87000274658203,65.9000015258789,65.55000305175781,65.72000122070312,14023800
2019-07-12 00:00:00+00:00,65.69000244140625,65.80000305175781,65.58999633789062,65.80000305175781,14459500
2019-07-15 00:00:00+00:00,65.87000274658203,65.91999816894531,65.76000213623047,65.86000061035156,12363200
2019-07-16 00:00:00+00:00,65.66999816894531,65.80000305175781,65.52999877929688,65.58999633789062,23641400
2019-07-17 00:00:00+00:00,65.76000213623047,65.76000213623047,65.47000122070312,65.5,13318800
2019-07-18 00:00:00+00:00,65.25,65.69999694824219,65.18000030517578,65.69999694824219,18639700
2019-07-19 00:00:00+00:00,65.66999816894531,65.75,65.4800033569336,65.51000213623047,16908600
2019-07-22 00:00:00+00:00,65.5999984741211,65.66000366210938,65.47000122070312,65.58000183105469,15203900
2019-07-23 00:00:00+00:00,65.9800033569336,66.05000305175781,65.83999633789062,65.98999786376953,22078400
2019-07-24 00:00:00+00:00,65.80999755859375,66.04000091552734,65.80000305175781,66.04000091552734,11192500
2019-07-25 00:00:00+00:00,65.83999633789062,65.86000061035156,65.30000305175781,65.37000274658203,24288100
2019-07-26 00:00:00+00:00,65.55000305175781,65.5999984741211,65.47000122070312,65.5,16616500
2019-07-29 00:00:00+00:00,65.72000122070312,65.7300033569336,65.52999877929688,65.63999938964844,11655500
2019-07-30 00:00:00+00:00,64.9000015258789,64.94000244140625,64.7300033569336,64.87999725341797,24945300
2019-07-31 00:00:00+00:00,64.8499984741211,65.04000091552734,64.0,64.44999694824219,32619000
2019-08-01 00:00:00+00:00,64.52999877929688,65.06999969482422,64.01000213623047,64.2699966430664,38568600
2019-08-02 00:00:00+00:00,64.0199966430664,64.0199966430664,63.45000076293945,63.70000076293945,37778000
2019-08-05 00:00:00+00:00,62.779998779296875,62.779998779296875,61.83000183105469,62.11000061035156,54766700
2019-08-06 00:00:00+00:00,62.599998474121094,62.689998626708984,62.08000183105469,62.529998779296875,33907400
2019-08-07 00:00:00+00:00,62.27000045776367,62.88999938964844,62.09000015258789,62.77000045776367,41814700
2019-08-08 00:00:00+00:00,63.02000045776367,63.540000915527344,62.939998626708984,63.380001068115234,29156400
2019-08-09 00:00:00+00:00,63.189998626708984,63.2400016784668,62.790000915527344,62.939998626708984,23227400
2019-08-12 00:00:00+00:00,62.689998626708984,62.869998931884766,62.33000183105469,62.439998626708984,21906000
2019-08-13 00:00:00+00:00,62.31999969482422,63.20000076293945,62.2599983215332,63.029998779296875,30781900
2019-08-14 00:00:00+00:00,61.86000061035156,61.939998626708984,61.29999923706055,61.29999923706055,39692900
2019-08-15 00:00:00+00:00,61.58000183105469,61.70000076293945,61.2599983215332,61.5099983215332,40936100
2019-08-16 00:00:00+00:00,61.86000061035156,62.310001373291016,61.86000061035156,62.25,22856400
2019-08-19 00:00:00+00:00,62.81999969482422,62.849998474121094,62.619998931884766,62.630001068115234,22998600
2019-08-20 00:00:00+00:00,62.61000061035156,62.630001068115234,62.34000015258789,62.41999816894531,21710200
2019-08-21 00:00:00+00:00,63.099998474121094,63.099998474121094,62.86000061035156,62.86000061035156,25971800
2019-08-22 00:00:00+00:00,62.88999938964844,62.970001220703125,62.5099983215332,62.7400016784668,20505100
2019-08-23 00:00:00+00:00,62.59000015258789,63.0099983215332,61.95000076293945,61.959999084472656,34410500
2019-08-26 00:00:00+00:00,62.59000015258789,62.61000061035156,62.2599983215332,62.470001220703125,27774800
2019-08-27 00:00:00+00:00,62.77000045776367,62.81999969482422,62.41999816894531,62.41999816894531,24511400
2019-08-28 00:00:00+00:00,62.27000045776367,62.630001068115234,62.09000015258789,62.41999816894531,25028400
2019-08-29 00:00:00+00:00,63.02000045776367,63.09000015258789,62.79999923706055,62.959999084472656,19046700
2019-08-30 00:00:00+00:00,63.400001525878906,63.41999816894531,62.93000030517578,63.209999084472656,33527300
2019-09-03 00:00:00+00:00,62.849998474121094,63.099998474121094,62.779998779296875,63.09000015258789,33998200
2019-09-04 00:00:00+00:00,63.7400016784668,63.97999954223633,63.65999984741211,63.97999954223633,25619300
2019-09-05 00:00:00+00:00,64.43000030517578,64.56999969482422,64.30999755859375,64.31999969482422,22265900
2019-09-06 00:00:00+00:00,64.51000213623047,64.69000244140625,64.45999908447266,64.52999877929688,21338300
2019-09-09 00:00:00+00:00,64.7300033569336,64.7300033569336,64.56999969482422,64.72000122070312,15965600
2019-09-10 00:00:00+00:00,64.5999984741211,64.88999938964844,64.47000122070312,64.83000183105469,19028800
2019-09-11 00:00:00+00:00,65.0199966430664,65.20999908447266,64.95999908447266,65.19000244140625,18413200
2019-09-12 00:00:00+00:00,65.23999786376953,65.66000366210938,65.1500015258789,65.56999969482422,30292200
2019-09-13 00:00:00+00:00,65.88999938964844,66.08000183105469,65.80000305175781,65.94000244140625,22132200
2019-09-16 00:00:00+00:00,65.52999877929688,65.56999969482422,65.30999755859375,65.3499984741211,31083600
2019-09-17 00:00:00+00:00,65.25,65.62000274658203,65.19000244140625,65.56999969482422,23554300
2019-09-18 00:00:00+00:00,65.41000366210938,65.58000183105469,65.11000061035156,65.48999786376953,17807600
2019-09-19 00:00:00+00:00,65.83000183105469,65.94000244140625,65.69000244140625,65.70999908447266,18972500
2019-09-20 00:00:00+00:00,65.79000091552734,65.9000015258789,65.4800033569336,65.55999755859375,35368700
2019-09-23 00:00:00+00:00,65.19999694824219,65.44000244140625,65.12999725341797,65.38999938964844,15457000
2019-09-24 00:00:00+00:00,65.55000305175781,65.61000061035156,65.0999984741211,65.13999938964844,32233100
2019-09-25 00:00:00+00:00,64.79000091552734,65.05000305175781,64.55999755859375,64.94999694824219,21342600
2019-09-26 00:00:00+00:00,65.30000305175781,65.3499984741211,65.08000183105469,65.19000244140625,25098000
2019-09-27 00:00:00+00:00,65.19000244140625,65.30000305175781,64.83000183105469,64.97000122070312,20607400
2019-09-30 00:00:00+00:00,64.97000122070312,65.23999786376953,64.94999694824219,65.20999908447266,25423400
2019-10-01 00:00:00+00:00,65.0199966430664,65.06999969482422,64.45999908447266,64.56999969482422,42550500
2019-10-02 00:00:00+00:00,63.72999954223633,63.779998779296875,63.099998474121094,63.25,43464100
2019-10-03 00:00:00+00:00,63.2599983215332,63.689998626708984,62.97999954223633,63.66999816894531,39571700
2019-10-04 00:00:00+00:00,63.720001220703125,64.19999694824219,63.68000030517578,64.16999816894531,18837500
2019-10-07 00:00:00+00:00,64.12000274658203,64.41000366210938,64.08000183105469,64.08999633789062,19228000
2019-10-08 00:00:00+00:00,63.7599983215332,63.810001373291016,63.439998626708984,63.4900016784668,27797800
2019-10-09 00:00:00+00:00,63.91999816894531,64.08000183105469,63.77000045776367,63.95000076293945,22989500
2019-10-10 00:00:00+00:00,63.91999816894531,64.43000030517578,63.880001068115234,64.4000015258789,25532400
2019-10-11 00:00:00+00:00,65.37000274658203,65.81999969482422,65.37000274658203,65.55000305175781,37665600
2019-10-14 00:00:00+00:00,65.23999786376953,65.41000366210938,65.19999694824219,65.27999877929688,12662000
2019-10-15 00:00:00+00:00,65.55999755859375,66.25,65.51000213623047,66.04000091552734,24932600
2019-10-16 00:00:00+00:00,66.0199966430664,66.29000091552734,65.97000122070312,66.13999938964844,28518700
2019-10-17 00:00:00+00:00,66.4800033569336,66.52999877929688,66.12999725341797,66.30000305175781,26853900
2019-10-18 00:00:00+00:00,66.20999908447266,66.37999725341797,66.01000213623047,66.2699966430664,21446100
2019-10-21 00:00:00+00:00,66.70999908447266,66.75,66.58999633789062,66.62999725341797,29016200
2019-10-22 00:00:00+00:00,66.68000030517578,66.91000366210938,66.45999908447266,66.47000122070312,21293000
2019-10-23 00:00:00+00:00,66.5999984741211,66.83000183105469,66.5199966430664,66.83000183105469,14206200
2019-10-24 00:00:00+00:00,67.06999969482422,67.08000183105469,66.81999969482422,66.94999694824219,23429100
2019-10-25 00:00:00+00:00,66.76000213623047,67.06999969482422,66.75,67.0199966430664,17184200
2019-10-28 00:00:00+00:00,67.12000274658203,67.33999633789062,67.11000061035156,67.31999969482422,16490600
2019-10-29 00:00:00+00:00,67.05999755859375,67.33000183105469,67.02999877929688,67.30000305175781,15251900
2019-10-30 00:00:00+00:00,67.23999786376953,67.58000183105469,66.91999816894531,67.58000183105469,22592900
2019-10-31 00:00:00+00:00,67.37000274658203,67.41999816894531,67.11000061035156,67.41999816894531,22047900
2019-11-01 00:00:00+00:00,67.8499984741211,68.0199966430664,67.80999755859375,68.0199966430664,32338600
2019-11-04 00:00:00+00:00,68.4800033569336,68.52999877929688,68.2300033569336,68.37000274658203,20429900
2019-11-05 00:00:00+00:00,68.29000091552734,68.3499984741211,68.11000061035156,68.23999786376953,15727300
2019-11-06 00:00:00+00:00,68.30999755859375,68.37999725341797,68.11000061035156,68.20999908447266,16600200
2019-11-07 00:00:00+00:00,68.58999633789062,68.63999938964844,68.38999938964844,68.41999816894531,21271500
2019-11-08 00:00:00+00:00,68.18000030517578,68.37999725341797,68.02999877929688,68.37999725341797,10298800
2019-11-11 00:00:00+00:00,68.0199966430664,68.30999755859375,68.0199966430664,68.29000091552734,8544000
2019-11-12 00:00:00+00:00,68.27999877929688,68.45999908447266,68.18000030517578,68.31999969482422,18570100
2019-11-13 00:00:00+00:00,67.83999633789062,68.12000274658203,67.81999969482422,68.08000183105469,21006500
2019-11-14 00:00:00+00:00,67.7300033569336,67.93000030517578,67.66000366210938,67.88999938964844,17870900
2019-11-15 00:00:00+00:00,68.05000305175781,68.31999969482422,68.05000305175781,68.31999969482422,23494600
2019-11-18 00:00:00+00:00,68.23999786376953,68.45999908447266,68.12999725341797,68.4000015258789,20587500
2019-11-19 00:00:00+00:00,68.5999984741211,68.62999725341797,68.22000122070312,68.30999755859375,18664800
2019-11-20 00:00:00+00:00,67.94000244140625,68.0999984741211,67.68000030517578,67.87999725341797,20655200
2019-11-21 00:00:00+00:00,67.87000274658203,67.9000015258789,67.62000274658203,67.79000091552734,14293400
2019-11-22 00:00:00+00:00,68.05999755859375,68.11000061035156,67.81999969482422,67.9800033569336,14969300
2019-11-25 00:00:00+00:00,68.27999877929688,68.5199966430664,68.27999877929688,68.5199966430664,19329100
2019-11-26 00:00:00+00:00,68.41000366210938,68.54000091552734,68.36000061035156,68.4800033569336,24276000
2019-11-27 00:00:00+00:00,68.56999969482422,68.69000244140625,68.54000091552734,68.66000366210938,16942100
2019-11-29 00:00:00+00:00,68.22000122070312,68.33999633789062,68.13999938964844,68.18000030517578,11587200
2019-12-02 00:00:00+00:00,68.0999984741211,68.13999938964844,67.52999877929688,67.83000183105469,38855400
2019-12-03 00:00:00+00:00,67.2300033569336,67.62000274658203,67.0199966430664,67.58000183105469,28161500
2019-12-04 00:00:00+00:00,68.0,68.20999908447266,67.94000244140625,68.19999694824219,21762200
2019-12-05 00:00:00+00:00,68.23999786376953,68.23999786376953,67.95999908447266,68.06999969482422,21039700
2019-12-06 00:00:00+00:00,68.62000274658203,68.70999908447266,68.55000305175781,68.69000244140625,23179600
2019-12-09 00:00:00+00:00,68.56999969482422,68.68000030517578,68.33000183105469,68.33000183105469,21946200
2019-12-10 00:00:00+00:00,68.26000213623047,68.5,68.13999938964844,68.36000061035156,23419000
2019-12-11 00:00:00+00:00,68.38999938964844,68.79000091552734,68.37000274658203,68.72000122070312,16546800
2019-12-12 00:00:00+00:00,68.63999938964844,69.25,68.5999984741211,69.18000030517578,30690900
2019-12-13 00:00:00+00:00,69.55999755859375,69.9800033569336,69.4000015258789,69.66000366210938,46988400
2019-12-16 00:00:00+00:00,69.5999984741211,69.70999908447266,69.51000213623047,69.62000274658203,34004700
2019-12-17 00:00:00+00:00,69.30000305175781,69.4000015258789,69.22000122070312,69.22000122070312,28111100
2019-12-18 00:00:00+00:00,69.13999938964844,69.20999908447266,69.01000213623047,69.12999725341797,18590900
2019-12-19 00:00:00+00:00,68.98999786376953,69.1500015258789,68.93000030517578,69.12999725341797,25939200
2019-12-20 00:00:00+00:00,69.29000091552734,69.31999969482422,69.16000366210938,69.18000030517578,38587700
2019-12-23 00:00:00+00:00,69.23999786376953,69.33000183105469,69.18000030517578,69.29000091552734,21313800
2019-12-24 00:00:00+00:00,69.27999877929688,69.27999877929688,69.16000366210938,69.22000122070312,5947000
2019-12-26 00:00:00+00:00,69.3499984741211,69.54000091552734,69.2699966430664,69.5199966430664,8372000
2019-12-27 00:00:00+00:00,69.83999633789062,69.8499984741211,69.58999633789062,69.63999938964844,16281600
2019-12-30 00:00:00+00:00,69.76000213623047,69.7699966430664,69.0999984741211,69.12000274658203,24069000
2019-12-31 00:00:00+00:00,69.19000244140625,69.4800033569336,68.97000122070312,69.44000244140625,20142100
2020-01-02 00:00:00+00:00,69.95999908447266,70.16000366210938,69.83999633789062,70.13999938964844,24749300
2020-01-03 00:00:00+00:00,69.19000244140625,69.69999694824219,69.19000244140625,69.2699966430664,29921500
2020-01-06 00:00:00+00:00,69.16000366210938,69.56999969482422,69.1500015258789,69.54000091552734,22636400
2020-01-07 00:00:00+00:00,69.5199966430664,69.54000091552734,69.30000305175781,69.3499984741211,15107500
2020-01-08 00:00:00+00:00,69.2699966430664,69.73999786376953,69.26000213623047,69.55000305175781,14249500
2020-01-09 00:00:00+00:00,69.68000030517578,69.75,69.54000091552734,69.70999908447266,13749100
2020-01-10 00:00:00+00:00,69.66000366210938,69.77999877929688,69.37000274658203,69.44999694824219,33832300
2020-01-13 00:00:00+00:00,69.51000213623047,69.8499984741211,69.37000274658203,69.80999755859375,16443000
2020-01-14 00:00:00+00:00,69.68000030517578,70.0,69.66999816894531,69.87999725341797,28826600
2020-01-15 00:00:00+00:00,69.81999969482422,69.98999786376953,69.79000091552734,69.87999725341797,12217900
2020-01-16 00:00:00+00:00,69.98999786376953,70.19999694824219,69.91000366210938,70.16999816894531,12883400
2020-01-17 00:00:00+00:00,70.36000061035156,70.41999816894531,70.20999908447266,70.37999725341797,18473700
2020-01-21 00:00:00+00:00,70.05999755859375,70.13999938964844,69.80999755859375,69.81999969482422,20026600
2020-01-22 00:00:00+00:00,70.13999938964844,70.16000366210938,69.91000366210938,69.95999908447266,14047000
2020-01-23 00:00:00+00:00,69.69999694824219,69.86000061035156,69.36000061035156,69.79000091552734,18720200
2020-01-24 00:00:00+00:00,70.08000183105469,70.08000183105469,69.37000274658203,69.48999786376953,24107500
2020-01-27 00:00:00+00:00,68.1500015258789,68.41999816894531,68.05000305175781,68.05000305175781,32766700
2020-01-28 00:00:00+00:00,68.36000061035156,68.73999786376953,68.26000213623047,68.69000244140625,18001700
2020-01-29 00:00:00+00:00,68.81999969482422,68.93000030517578,68.5999984741211,68.69999694824219,14916600
2020-01-30 00:00:00+00:00,68.1500015258789,68.66999816894531,67.9800033569336,68.63999938964844,26285300
2020-01-31 00:00:00+00:00,68.0,68.02999877929688,67.26000213623047,67.4800033569336,40101600
2020-02-03 00:00:00+00:00,67.66999816894531,67.98999786376953,67.5999984741211,67.63999938964844,35288000
2020-02-04 00:00:00+00:00,68.66000366210938,68.87000274658203,68.58999633789062,68.7699966430664,32540000
2020-02-05 00:00:00+00:00,69.43000030517578,69.4800033569336,69.19999694824219,69.43000030517578,28162100
2020-02-06 00:00:00+00:00,69.63999938964844,69.68000030517578,69.5,69.62000274658203,23422500
2020-02-07 00:00:00+00:00,69.20999908447266,69.25,68.94000244140625,68.95999908447266,22188200
2020-02-10 00:00:00+00:00,68.8499984741211,69.12999725341797,68.8499984741211,69.0999984741211,13957600
2020-02-11 00:00:00+00:00,69.58000183105469,69.70999908447266,69.43000030517578,69.56999969482422,16040600
2020-02-12 00:00:00+00:00,69.80000305175781,69.86000061035156,69.68000030517578,69.80999755859375,13218100
2020-02-13 00:00:00+00:00,69.18000030517578,69.51000213623047,69.0999984741211,69.31999969482422,20113100
2020-02-14 00:00:00+00:00,69.30999755859375,69.33000183105469,69.0199966430664,69.19999694824219,15005100
2020-02-18 00:00:00+00:00,68.69999694824219,68.9000015258789,68.62000274658203,68.76000213623047,29201900
2020-02-19 00:00:00+00:00,69.0,69.11000061035156,68.94000244140625,68.98999786376953,16232700
2020-02-20 00:00:00+00:00,68.72000122070312,68.87000274658203,68.19000244140625,68.58000183105469,24607700
2020-02-21 00:00:00+00:00,68.36000061035156,68.41999816894531,68.05999755859375,68.26000213623047,24361900
2020-02-24 00:00:00+00:00,65.51000213623047,66.02999877929688,65.5,65.52999877929688,51653500
2020-02-25 00:00:00+00:00,65.83000183105469,65.88999938964844,64.3499984741211,64.44999694824219,55520000
2020-02-26 00:00:00+00:00,65.0,65.43000030517578,64.4800033569336,64.52999877929688,64966000
2020-02-27 00:00:00+00:00,63.5099983215332,64.19999694824219,62.59000015258789,62.619998931884766,80201400
2020-02-28 00:00:00+00:00,61.2599983215332,62.349998474121094,60.66999816894531,62.2400016784668,122342000
2020-03-02 00:00:00+00:00,62.22999954223633,63.16999816894531,61.709999084472656,63.040000915527344,78735900
2020-03-03 00:00:00+00:00,63.56999969482422,64.2699966430664,62.04999923706055,62.529998779296875,77691700
2020-03-04 00:00:00+00:00,63.630001068115234,64.47000122070312,63.099998474121094,64.4000015258789,41681700
2020-03-05 00:00:00+00:00,62.959999084472656,63.369998931884766,62.40999984741211,62.689998626708984,46294000
2020-03-06 00:00:00+00:00,61.560001373291016,62.099998474121094,61.15999984741211,61.75,64277200
2020-03-09 00:00:00+00:00,57.630001068115234,58.810001373291016,56.7599983215332,56.959999084472656,68431000
2020-03-10 00:00:00+00:00,59.20000076293945,59.369998931884766,57.189998626708984,59.060001373291016,110061600
2020-03-11 00:00:00+00:00,57.540000915527344,57.689998626708984,55.689998626708984,56.04999923706055,77459000
2020-03-12 00:00:00+00:00,51.79999923706055,51.959999084472656,49.209999084472656,49.88999938964844,91385100
2020-03-13 00:00:00+00:00,53.119998931884766,53.29999923706055,49.77000045776367,52.90999984741211,73588700
2020-03-16 00:00:00+00:00,46.59000015258789,49.06999969482422,45.77000045776367,47.45000076293945,54122400
2020-03-17 00:00:00+00:00,48.119998931884766,49.900001525878906,47.36000061035156,49.7599983215332,55045400
2020-03-18 00:00:00+00:00,46.68000030517578,48.119998931884766,45.72999954223633,46.90999984741211,74919600
2020-03-19 00:00:00+00:00,46.86000061035156,48.70000076293945,46.459999084472656,47.63999938964844,65863000
2020-03-20 00:00:00+00:00,48.869998931884766,49.38999938964844,47.0,47.04999923706055,62803000
2020-03-23 00:00:00+00:00,47.34000015258789,47.630001068115234,46.189998626708984,46.5,61708000
2020-03-24 00:00:00+00:00,50.029998779296875,50.810001373291016,49.43000030517578,50.439998626708984,51118500
2020-03-25 00:00:00+00:00,51.0,52.90999984741211,50.279998779296875,52.08000183105469,60405600
2020-03-26 00:00:00+00:00,52.380001068115234,54.5,52.380001068115234,54.40999984741211,60511800
2020-03-27 00:00:00+00:00,52.439998626708984,53.7400016784668,52.040000915527344,52.86000061035156,53372400
2020-03-30 00:00:00+00:00,53.04999923706055,53.970001220703125,52.70000076293945,53.93000030517578,45987700
2020-03-31 00:00:00+00:00,53.09000015258789,53.939998626708984,52.79999923706055,53.459999084472656,64906600
2020-04-01 00:00:00+00:00,51.72999954223633,52.27000045776367,51.04999923706055,51.09000015258789,40960200
2020-04-02 00:00:00+00:00,51.16999816894531,52.29999923706055,51.0099983215332,52.09000015258789,38008700
2020-04-03 00:00:00+00:00,51.2599983215332,51.470001220703125,50.59000015258789,50.900001525878906,33029800
2020-04-06 00:00:00+00:00,52.75,53.79999923706055,52.59000015258789,53.599998474121094,42257500
2020-04-07 00:00:00+00:00,55.41999816894531,55.4900016784668,53.79999923706055,53.900001525878906,36678000
2020-04-08 00:00:00+00:00,54.04999923706055,54.58000183105469,53.599998474121094,54.34000015258789,35282900
2020-04-09 00:00:00+00:00,55.18000030517578,55.77000045776367,55.0,55.56999969482422,42218200
2020-04-13 00:00:00+00:00,55.400001525878906,55.4900016784668,54.619998931884766,55.040000915527344,33424700
2020-04-14 00:00:00+00:00,55.91999816894531,56.43000030517578,55.810001373291016,56.02000045776367,36915600
2020-04-15 00:00:00+00:00,54.45000076293945,54.70000076293945,54.119998931884766,54.27000045776367,30158700
2020-04-16 00:00:00+00:00,54.47999954223633,54.560001373291016,53.779998779296875,54.29999923706055,37284200
2020-04-17 00:00:00+00:00,55.599998474121094,55.810001373291016,55.119998931884766,55.7400016784668,36205100
2020-04-20 00:00:00+00:00,55.060001373291016,55.77000045776367,54.900001525878906,54.90999984741211,25077400
2020-04-21 00:00:00+00:00,54.099998474121094,54.52000045776367,53.66999816894531,53.84000015258789,35535300
2020-04-22 00:00:00+00:00,54.7599983215332,54.869998931884766,54.5099983215332,54.75,28732700
2020-04-23 00:00:00+00:00,54.86000061035156,55.650001525878906,54.45000076293945,54.58000183105469,34733400
2020-04-24 00:00:00+00:00,54.9900016784668,55.2599983215332,54.56999969482422,55.209999084472656,30445100
2020-04-27 00:00:00+00:00,55.58000183105469,56.06999969482422,55.4900016784668,55.939998626708984,30786900
2020-04-28 00:00:00+00:00,57.08000183105469,57.099998474121094,56.31999969482422,56.36000061035156,35115400
2020-04-29 00:00:00+00:00,57.540000915527344,57.970001220703125,57.40999984741211,57.77000045776367,34921800
2020-04-30 00:00:00+00:00,56.9900016784668,57.09000015258789,56.2599983215332,56.56999969482422,52183100
2020-05-01 00:00:00+00:00,55.72999954223633,55.810001373291016,55.11000061035156,55.34000015258789,32088300
2020-05-04 00:00:00+00:00,54.91999816894531,55.33000183105469,54.70000076293945,55.31999969482422,23432000
2020-05-05 00:00:00+00:00,55.72999954223633,55.939998626708984,55.33000183105469,55.41999816894531,23459100
2020-05-06 00:00:00+00:00,55.849998474121094,55.88999938964844,55.060001373291016,55.060001373291016,22596000
2020-05-07 00:00:00+00:00,55.869998931884766,56.15999984741211,55.619998931884766,55.88999938964844,30628700
2020-05-08 00:00:00+00:00,56.58000183105469,56.849998474121094,56.4900016784668,56.84000015258789,20445800
2020-05-11 00:00:00+00:00,56.5,56.95000076293945,56.40999984741211,56.790000915527344,30772300
2020-05-12 00:00:00+00:00,56.959999084472656,57.02000045776367,56.06999969482422,56.06999969482422,59246700
2020-05-13 00:00:00+00:00,56.40999984741211,56.41999816894531,55.369998931884766,55.63999938964844,31920300
2020-05-14 00:00:00+00:00,54.349998474121094,55.189998626708984,54.0099983215332,55.11000061035156,41217500
2020-05-15 00:00:00+00:00,55.040000915527344,55.380001068115234,54.79999923706055,55.15999984741211,34086000
2020-05-18 00:00:00+00:00,56.560001373291016,57.52000045776367,56.529998779296875,57.38999938964844,39999500
2020-05-19 00:00:00+00:00,56.970001220703125,57.22999954223633,56.59000015258789,56.599998474121094,31462400
2020-05-20 00:00:00+00:00,57.68000030517578,58.060001373291016,57.54999923706055,57.779998779296875,32827600
2020-05-21 00:00:00+00:00,57.59000015258789,57.75,56.939998626708984,57.11000061035156,27554400
2020-05-22 00:00:00+00:00,56.83000183105469,56.9900016784668,56.58000183105469,56.95000076293945,27513100
2020-05-26 00:00:00+00:00,58.689998626708984,58.90999984741211,58.540000915527344,58.58000183105469,46679700
2020-05-27 00:00:00+00:00,59.310001373291016,59.34000015258789,58.66999816894531,59.290000915527344,33723400
2020-05-28 00:00:00+00:00,60.060001373291016,60.52000045776367,59.81999969482422,59.849998474121094,40630200
2020-05-29 00:00:00+00:00,59.7599983215332,59.79999923706055,59.0099983215332,59.63999938964844,47437100
2020-06-01 00:00:00+00:00,60.130001068115234,60.9900016784668,60.08000183105469,60.970001220703125,30195300
2020-06-02 00:00:00+00:00,61.34000015258789,61.65999984741211,61.25,61.540000915527344,31663000
2020-06-03 00:00:00+00:00,62.31999969482422,63.189998626708984,62.29999923706055,63.0099983215332,29773100
2020-06-04 00:00:00+00:00,62.61000061035156,63.119998931884766,62.56999969482422,62.7400016784668,26190300
2020-06-05 00:00:00+00:00,63.97999954223633,64.31999969482422,63.70000076293945,63.81999969482422,31208000
2020-06-08 00:00:00+00:00,64.16999816894531,64.66000366210938,63.790000915527344,64.6500015258789,29644000
2020-06-09 00:00:00+00:00,63.540000915527344,64.02999877929688,63.45000076293945,63.810001373291016,30176500
2020-06-10 00:00:00+00:00,64.04000091552734,64.22000122070312,63.43000030517578,63.66999816894531,27492200
2020-06-11 00:00:00+00:00,61.97999954223633,62.18000030517578,60.130001068115234,60.2599983215332,54699700
2020-06-12 00:00:00+00:00,61.86000061035156,62.0099983215332,60.439998626708984,61.29999923706055,57668900
2020-06-15 00:00:00+00:00,59.31999969482422,60.84000015258789,59.130001068115234,60.689998626708984,30698700
2020-06-16 00:00:00+00:00,61.900001525878906,62.02000045776367,60.7599983215332,61.439998626708984,37029400
2020-06-17 00:00:00+00:00,61.91999816894531,62.02000045776367,61.4900016784668,61.66999816894531,26238300
2020-06-18 00:00:00+00:00,61.16999816894531,61.54999923706055,61.04999923706055,61.34000015258789,20035700
2020-06-19 00:00:00+00:00,62.040000915527344,62.060001373291016,60.95000076293945,61.040000915527344,32270800
2020-06-22 00:00:00+00:00,61.45000076293945,61.849998474121094,61.209999084472656,61.77000045776367,20743000
2020-06-23 00:00:00+00:00,62.4900016784668,62.61000061035156,62.040000915527344,62.11000061035156,20897800
2020-06-24 00:00:00+00:00,61.38999938964844,61.529998779296875,60.34000015258789,60.52000045776367,34030900
2020-06-25 00:00:00+00:00,60.58000183105469,61.439998626708984,60.29999923706055,61.380001068115234,26357100
2020-06-26 00:00:00+00:00,61.22999954223633,61.290000915527344,60.400001525878906,60.4900016784668,32279300
2020-06-29 00:00:00+00:00,60.790000915527344,61.099998474121094,60.439998626708984,60.97999954223633,23749700
2020-06-30 00:00:00+00:00,60.54999923706055,61.099998474121094,60.45000076293945,60.869998931884766,32612900
2020-07-01 00:00:00+00:00,60.79999923706055,61.290000915527344,60.75,61.099998474121094,25243100
2020-07-02 00:00:00+00:00,61.95000076293945,62.2599983215332,61.68000030517578,61.77000045776367,20854100
2020-07-06 00:00:00+00:00,62.70000076293945,62.88999938964844,62.45000076293945,62.779998779296875,21537100
2020-07-07 00:00:00+00:00,62.209999084472656,62.47999954223633,61.84000015258789,61.86000061035156,17394200
2020-07-08 00:00:00+00:00,61.869998931884766,62.40999984741211,61.7599983215332,62.380001068115234,17363400
2020-07-09 00:00:00+00:00,62.290000915527344,62.29999923706055,61.25,61.66999816894531,26098200
2020-07-10 00:00:00+00:00,61.91999816894531,62.36000061035156,61.72999954223633,62.33000183105469,22008800
2020-07-13 00:00:00+00:00,62.68000030517578,63.029998779296875,61.84000015258789,61.93000030517578,20515500
2020-07-14 00:00:00+00:00,62.04999923706055,62.90999984741211,61.97999954223633,62.84000015258789,35121300
2020-07-15 00:00:00+00:00,63.790000915527344,63.9900016784668,63.380001068115234,63.54999923706055,28888600
2020-07-16 00:00:00+00:00,63.150001525878906,63.40999984741211,63.029998779296875,63.13999938964844,24677200
2020-07-17 00:00:00+00:00,63.290000915527344,63.52000045776367,63.130001068115234,63.5099983215332,19641800
2020-07-20 00:00:00+00:00,63.5099983215332,63.84000015258789,63.33000183105469,63.81999969482422,17996600
2020-07-21 00:00:00+00:00,64.1500015258789,64.31999969482422,63.90999984741211,63.95000076293945,21179700
2020-07-22 00:00:00+00:00,63.95000076293945,64.20999908447266,63.84000015258789,64.12000274658203,18023400
2020-07-23 00:00:00+00:00,63.970001220703125,64.22000122070312,63.45000076293945,63.61000061035156,16080700
2020-07-24 00:00:00+00:00,63.220001220703125,63.459999084472656,63.08000183105469,63.2599983215332,16017900
2020-07-27 00:00:00+00:00,63.869998931884766,64.19999694824219,63.810001373291016,64.08999633789062,16368200
2020-07-28 00:00:00+00:00,63.75,64.05000305175781,63.650001525878906,63.68000030517578,20470300
2020-07-29 00:00:00+00:00,63.970001220703125,64.45999908447266,63.84000015258789,64.3499984741211,20055900
2020-07-30 00:00:00+00:00,62.83000183105469,63.52000045776367,62.310001373291016,63.400001525878906,24664100
2020-07-31 00:00:00+00:00,63.0099983215332,63.02000045776367,61.65999984741211,62.04999923706055,36002300
2020-08-03 00:00:00+00:00,62.689998626708984,63.27000045776367,62.540000915527344,63.2599983215332,23609700
2020-08-04 00:00:00+00:00,62.970001220703125,63.61000061035156,62.939998626708984,63.61000061035156,16236800
2020-08-05 00:00:00+00:00,64.08999633789062,64.26000213623047,63.72999954223633,63.81999969482422,17901300
2020-08-06 00:00:00+00:00,63.56999969482422,63.9900016784668,63.400001525878906,63.88999938964844,17210500
2020-08-07 00:00:00+00:00,63.27000045776367,63.63999938964844,63.20000076293945,63.630001068115234,14988900
2020-08-10 00:00:00+00:00,63.68000030517578,63.849998474121094,63.470001220703125,63.84000015258789,10049000
2020-08-11 00:00:00+00:00,64.93000030517578,64.97000122070312,64.0199966430664,64.06999969482422,31465500
2020-08-12 00:00:00+00:00,65.3499984741211,65.76000213623047,65.26000213623047,65.48999786376953,28638500
2020-08-13 00:00:00+00:00,65.41000366210938,65.58000183105469,65.01000213623047,65.19999694824219,17783100
2020-08-14 00:00:00+00:00,64.73999786376953,64.94000244140625,64.62000274658203,64.80000305175781,10874100
2020-08-17 00:00:00+00:00,65.11000061035156,65.31999969482422,65.0999984741211,65.29000091552734,11429900
2020-08-18 00:00:00+00:00,65.52999877929688,65.62000274658203,65.05999755859375,65.25,23832500
2020-08-19 00:00:00+00:00,65.54000091552734,65.62000274658203,64.91999816894531,64.95999908447266,15591900
2020-08-20 00:00:00+00:00,64.3499984741211,64.86000061035156,64.29000091552734,64.75,19825800
2020-08-21 00:00:00+00:00,64.01000213623047,64.43000030517578,63.97999954223633,64.41999816894531,15926400
2020-08-24 00:00:00+00:00,65.38999938964844,65.4000015258789,65.0,65.2699966430664,14627700
2020-08-25 00:00:00+00:00,65.62999725341797,65.63999938964844,64.95999908447266,65.30999755859375,18507500
2020-08-26 00:00:00+00:00,65.33999633789062,65.7699966430664,65.26000213623047,65.69000244140625,19549800
2020-08-27 00:00:00+00:00,65.7300033569336,65.76000213623047,64.77999877929688,65.0199966430664,24413900
2020-08-28 00:00:00+00:00,65.41000366210938,65.51000213623047,65.05999755859375,65.4800033569336,15197300
2020-08-31 00:00:00+00:00,65.30999755859375,65.5199966430664,64.94999694824219,64.9800033569336,24929800
2020-09-01 00:00:00+00:00,65.0199966430664,65.18000030517578,64.76000213623047,65.05000305175781,23945500
2020-09-02 00:00:00+00:00,65.5199966430664,65.97000122070312,65.2699966430664,65.91999816894531,20748400
2020-09-03 00:00:00+00:00,65.70999908447266,65.7699966430664,64.16000366210938,64.43000030517578,43834300
2020-09-04 00:00:00+00:00,64.69000244140625,64.8499984741211,63.349998474121094,64.5199966430664,33992800
2020-09-08 00:00:00+00:00,63.72999954223633,64.2699966430664,63.5,63.72999954223633,26869600
2020-09-09 00:00:00+00:00,64.75,65.16000366210938,64.62999725341797,64.91999816894531,23374000
2020-09-10 00:00:00+00:00,65.2699966430664,65.37000274658203,64.16000366210938,64.16000366210938,30361000
2020-09-11 00:00:00+00:00,64.94999694824219,65.13999938964844,64.52999877929688,64.80000305175781,29958900
2020-09-14 00:00:00+00:00,65.3499984741211,65.44999694824219,65.0999984741211,65.1500015258789,14663300
2020-09-15 00:00:00+00:00,65.80999755859375,65.83999633789062,65.43000030517578,65.56999969482422,17678700
2020-09-16 00:00:00+00:00,65.76000213623047,66.0199966430664,65.44999694824219,65.56999969482422,18052600
2020-09-17 00:00:00+00:00,65.18000030517578,65.68000030517578,65.12000274658203,65.66000366210938,18149700
2020-09-18 00:00:00+00:00,65.47000122070312,65.5,64.91000366210938,65.12999725341797,27897500
2020-09-21 00:00:00+00:00,63.5099983215332,63.560001373291016,62.79999923706055,63.47999954223633,39928700
2020-09-22 00:00:00+00:00,63.47999954223633,63.54999923706055,62.88999938964844,63.459999084472656,15810800
2020-09-23 00:00:00+00:00,63.84000015258789,63.880001068115234,62.86000061035156,62.93000030517578,18325800
2020-09-24 00:00:00+00:00,62.77000045776367,63.279998779296875,62.45000076293945,62.869998931884766,25234900
2020-09-25 00:00:00+00:00,62.33000183105469,63.099998474121094,62.13999938964844,63.08000183105469,24180700
2020-09-28 00:00:00+00:00,63.88999938964844,64.05000305175781,63.779998779296875,64.02999877929688,18102700
2020-09-29 00:00:00+00:00,64.02999877929688,64.2300033569336,63.720001220703125,63.959999084472656,16168300
2020-09-30 00:00:00+00:00,63.720001220703125,64.12999725341797,63.43000030517578,63.650001525878906,37083000
2020-10-01 00:00:00+00:00,64.0,64.06999969482422,63.63999938964844,64.0199966430664,33266700
2020-10-02 00:00:00+00:00,63.2400016784668,64.05000305175781,63.20000076293945,63.88999938964844,25285500
2020-10-05 00:00:00+00:00,64.41000366210938,64.87999725341797,64.38999938964844,64.86000061035156,14564100
2020-10-06 00:00:00+00:00,64.91000366210938,64.94999694824219,64.04000091552734,64.16999816894531,22901400
2020-10-07 00:00:00+00:00,64.62000274658203,64.80999755859375,64.48999786376953,64.72000122070312,17055500
2020-10-08 00:00:00+00:00,65.01000213623047,65.19000244140625,64.94000244140625,65.16999816894531,13385000
2020-10-09 00:00:00+00:00,65.51000213623047,65.72000122070312,65.41999816894531,65.68000030517578,22181600
2020-10-12 00:00:00+00:00,65.83000183105469,66.11000061035156,65.7699966430664,66.05999755859375,9676100
2020-10-13 00:00:00+00:00,65.5199966430664,65.5199966430664,65.19000244140625,65.31999969482422,16260500
2020-10-14 00:00:00+00:00,65.52999877929688,65.63999938964844,65.1500015258789,65.20999908447266,13144000
2020-10-15 00:00:00+00:00,63.939998626708984,64.5,63.91999816894531,64.44000244140625,20631800
2020-10-16 00:00:00+00:00,64.6500015258789,65.0199966430664,64.5999984741211,64.73999786376953,15792600
2020-10-19 00:00:00+00:00,65.08999633789062,65.16999816894531,64.41999816894531,64.5,14736400
2020-10-20 00:00:00+00:00,64.97000122070312,65.18000030517578,64.80999755859375,64.81999969482422,23268000
2020-10-21 00:00:00+00:00,64.72000122070312,65.04000091552734,64.48999786376953,64.51000213623047,21699100
2020-10-22 00:00:00+00:00,64.44000244140625,64.66999816894531,64.0999984741211,64.55999755859375,20533700
2020-10-23 00:00:00+00:00,64.94999694824219,64.9800033569336,64.58000183105469,64.9800033569336,19334200
2020-10-26 00:00:00+00:00,64.16000366210938,64.23999786376953,63.41999816894531,63.810001373291016,17745700
2020-10-27 00:00:00+00:00,63.70000076293945,63.72999954223633,63.220001220703125,63.310001373291016,19616900
2020-10-28 00:00:00+00:00,61.90999984741211,62.040000915527344,61.369998931884766,61.41999816894531,36132600
2020-10-29 00:00:00+00:00,61.459999084472656,61.90999984741211,61.13999938964844,61.709999084472656,30898400
2020-10-30 00:00:00+00:00,61.439998626708984,61.529998779296875,60.970001220703125,61.38999938964844,35889900
2020-11-02 00:00:00+00:00,62.08000183105469,62.2400016784668,61.77000045776367,62.189998626708984,24388600
2020-11-03 00:00:00+00:00,63.40999984741211,64.05000305175781,63.33000183105469,63.81999969482422,26474500
2020-11-04 00:00:00+00:00,64.0999984741211,65.06999969482422,63.84000015258789,64.5199966430664,26490200
2020-11-05 00:00:00+00:00,66.01000213623047,66.19000244140625,65.66999816894531,66.06999969482422,28528300
2020-11-06 00:00:00+00:00,66.31999969482422,66.48999786376953,66.0999984741211,66.20999908447266,21980100
2020-11-09 00:00:00+00:00,69.36000061035156,69.37999725341797,68.12000274658203,68.13999938964844,43606500
2020-11-10 00:00:00+00:00,68.7300033569336,69.12000274658203,68.55000305175781,68.75,37172600
2020-11-11 00:00:00+00:00,69.23999786376953,69.37999725341797,69.05000305175781,69.33000183105469,16643200
2020-11-12 00:00:00+00:00,68.75,68.97000122070312,68.16000366210938,68.31999969482422,24076600
2020-11-13 00:00:00+00:00,68.75,69.41000366210938,68.72000122070312,69.37000274658203,21594600
2020-11-16 00:00:00+00:00,70.06999969482422,70.13999938964844,69.70999908447266,70.08999633789062,20294600
2020-11-17 00:00:00+00:00,69.83999633789062,70.22000122070312,69.66000366210938,70.0199966430664,18574500
2020-11-18 00:00:00+00:00,70.12999725341797,70.3499984741211,69.6500015258789,69.6500015258789,15018000
2020-11-19 00:00:00+00:00,69.63999938964844,70.19000244140625,69.5199966430664,70.13999938964844,24048000
2020-11-20 00:00:00+00:00,70.12000274658203,70.44000244140625,70.05000305175781,70.3499984741211,18571900
2020-11-23 00:00:00+00:00,70.5999984741211,70.69000244140625,70.01000213623047,70.26000213623047,14340300
2020-11-24 00:00:00+00:00,70.91000366210938,71.37999725341797,70.83000183105469,71.30999755859375,23399300
2020-11-25 00:00:00+00:00,70.88999938964844,71.4000015258789,70.76000213623047,71.22000122070312,19214900
2020-11-27 00:00:00+00:00,71.37999725341797,71.7699966430664,71.37000274658203,71.70999908447266,11839100
2020-11-30 00:00:00+00:00,71.45999908447266,71.52999877929688,70.08999633789062,70.1500015258789,46146500
2020-12-01 00:00:00+00:00,71.33999633789062,71.86000061035156,71.30000305175781,71.80000305175781,29860500
2020-12-02 00:00:00+00:00,71.44999694824219,71.87999725341797,71.4000015258789,71.80999755859375,20864700
2020-12-03 00:00:00+00:00,72.05999755859375,72.2699966430664,71.80999755859375,71.93000030517578,16572700
2020-12-04 00:00:00+00:00,72.33999633789062,72.55999755859375,72.30999755859375,72.54000091552734,18956100
2020-12-07 00:00:00+00:00,72.0199966430664,72.22000122070312,71.77999877929688,71.94999694824219,19537700
2020-12-08 00:00:00+00:00,71.77999877929688,72.23999786376953,71.77999877929688,72.19999694824219,12428100
2020-12-09 00:00:00+00:00,72.63999938964844,72.63999938964844,71.83999633789062,72.30000305175781,18355000
2020-12-10 00:00:00+00:00,71.91000366210938,72.55999755859375,71.91000366210938,72.4000015258789,20871300
2020-12-11 00:00:00+00:00,71.95999908447266,72.19000244140625,71.75,72.18000030517578,21812000
2020-12-14 00:00:00+00:00,71.95999908447266,72.06999969482422,71.4800033569336,71.52999877929688,26176400
2020-12-15 00:00:00+00:00,71.81999969482422,72.30999755859375,71.70999908447266,72.26000213623047,24075700
2020-12-16 00:00:00+00:00,72.37000274658203,72.62000274658203,72.1500015258789,72.54000091552734,15642300
2020-12-17 00:00:00+00:00,73.16999816894531,73.27999877929688,72.9800033569336,73.05000305175781,18633100
2020-12-18 00:00:00+00:00,73.0,73.0199966430664,72.55999755859375,72.66999816894531,27367900
2020-12-21 00:00:00+00:00,70.88999938964844,71.91000366210938,70.66999816894531,71.73999786376953,31488000
2020-12-22 00:00:00+00:00,71.58999633789062,71.66999816894531,71.33999633789062,71.55999755859375,20355000
2020-12-23 00:00:00+00:00,72.16999816894531,72.44000244140625,72.11000061035156,72.33000183105469,13577300
2020-12-24 00:00:00+00:00,72.30000305175781,72.44000244140625,72.19000244140625,72.36000061035156,7252900
2020-12-28 00:00:00+00:00,73.12000274658203,73.1500015258789,72.8499984741211,72.94999694824219,11142200
2020-12-29 00:00:00+00:00,73.80000305175781,73.86000061035156,73.31999969482422,73.41999816894531,17541500
2020-12-30 00:00:00+00:00,73.80999755859375,74.0,73.47000122070312,73.5199966430664,15147100
2020-12-31 00:00:00+00:00,73.44000244140625,73.44999694824219,72.79000091552734,72.95999908447266,34218500
2021-01-04 00:00:00+00:00,74.38999938964844,74.41999816894531,73.05000305175781,73.33999633789062,26703400
2021-01-05 00:00:00+00:00,73.58000183105469,74.27999877929688,73.5199966430664,74.0999984741211,19748500
2021-01-06 00:00:00+00:00,74.30000305175781,75.31999969482422,74.22000122070312,74.94999694824219,25426900
2021-01-07 00:00:00+00:00,74.8499984741211,75.13999938964844,74.77999877929688,75.02999877929688,18783700
2021-01-08 00:00:00+00:00,75.58000183105469,75.7300033569336,74.94999694824219,75.7300033569336,25272200
2021-01-11 00:00:00+00:00,74.3499984741211,74.95999908447266,74.33000183105469,74.73999786376953,23190200
2021-01-12 00:00:00+00:00,74.68000030517578,75.12999725341797,74.47000122070312,75.08000183105469,20914000
2021-01-13 00:00:00+00:00,74.95999908447266,75.16000366210938,74.81999969482422,74.9800033569336,15580700
2021-01-14 00:00:00+00:00,75.20999908447266,75.75,75.19999694824219,75.58000183105469,22607500
2021-01-15 00:00:00+00:00,74.61000061035156,74.76000213623047,73.97000122070312,74.4000015258789,27355900
2021-01-19 00:00:00+00:00,74.97000122070312,75.0199966430664,74.62999725341797,74.94000244140625,20162300
2021-01-20 00:00:00+00:00,75.05000305175781,75.45999908447266,74.91000366210938,75.44999694824219,14419000
2021-01-21 00:00:00+00:00,75.5,75.56999969482422,75.04000091552734,75.51000213623047,20536300
2021-01-22 00:00:00+00:00,74.86000061035156,75.27999877929688,74.83000183105469,75.1500015258789,18854700
2021-01-25 00:00:00+00:00,74.58000183105469,75.06999969482422,74.13999938964844,75.05999755859375,21748100
2021-01-26 00:00:00+00:00,75.16999816894531,75.2699966430664,74.9000015258789,75.16999816894531,14175200
2021-01-27 00:00:00+00:00,73.79000091552734,74.2300033569336,73.18000030517578,73.44999694824219,31245200
2021-01-28 00:00:00+00:00,73.63999938964844,74.33999633789062,73.56999969482422,73.91999816894531,26658600
2021-01-29 00:00:00+00:00,73.04000091552734,73.26000213623047,72.0,72.38999938964844,42149500
2021-02-01 00:00:00+00:00,73.27999877929688,73.33000183105469,72.93000030517578,73.25,23243900
2021-02-02 00:00:00+00:00,73.6500015258789,74.05000305175781,73.47000122070312,73.98999786376953,20388500
2021-02-03 00:00:00+00:00,74.0199966430664,74.20999908447266,73.80999755859375,74.16999816894531,11345800
2021-02-04 00:00:00+00:00,73.88999938964844,74.25,73.81999969482422,74.25,10500300
2021-02-05 00:00:00+00:00,74.61000061035156,74.75,74.31999969482422,74.70999908447266,10955600
2021-02-08 00:00:00+00:00,75.25,75.43000030517578,75.02999877929688,75.2300033569336,16405600
2021-02-09 00:00:00+00:00,75.33999633789062,75.69000244140625,75.26000213623047,75.63999938964844,16337600
2021-02-10 00:00:00+00:00,75.87000274658203,75.93000030517578,75.06999969482422,75.37999725341797,15402800
2021-02-11 00:00:00+00:00,75.79000091552734,75.9000015258789,75.5,75.88999938964844,12314100
2021-02-12 00:00:00+00:00,75.68000030517578,76.3499984741211,75.66999816894531,76.30999755859375,11946800
2021-02-16 00:00:00+00:00,76.98999786376953,77.16999816894531,76.72000122070312,76.86000061035156,20225600
2021-02-17 00:00:00+00:00,76.30000305175781,76.52999877929688,76.01000213623047,76.41000366210938,19198800
2021-02-18 00:00:00+00:00,75.8499984741211,76.08000183105469,75.48999786376953,76.02999877929688,19191700
2021-02-19 00:00:00+00:00,76.33999633789062,76.58999633789062,76.13999938964844,76.25,14962300
2021-02-22 00:00:00+00:00,76.0199966430664,76.5199966430664,75.97000122070312,76.05999755859375,19515800
2021-02-23 00:00:00+00:00,75.97000122070312,76.37000274658203,75.30000305175781,76.12999725341797,25014500
2021-02-24 00:00:00+00:00,75.66000366210938,76.44999694824219,75.47000122070312,76.37000274658203,21877600
2021-02-25 00:00:00+00:00,76.5,76.68000030517578,74.94000244140625,75.06999969482422,36921800
2021-02-26 00:00:00+00:00,74.86000061035156,74.86000061035156,73.95999908447266,74.01000213623047,48798100
2021-03-01 00:00:00+00:00,74.9000015258789,75.45999908447266,74.86000061035156,75.4000015258789,24268100
2021-03-02 00:00:00+00:00,75.33999633789062,75.58000183105469,75.11000061035156,75.31999969482422,22204900
2021-03-03 00:00:00+00:00,75.08999633789062,75.41000366210938,74.75,74.86000061035156,20856100
2021-03-04 00:00:00+00:00,74.93000030517578,75.23999786376953,73.72000122070312,74.1500015258789,34648600
2021-03-05 00:00:00+00:00,74.61000061035156,74.75,73.55999755859375,74.62999725341797,29694200
2021-03-08 00:00:00+00:00,74.31999969482422,74.9000015258789,74.13999938964844,74.37000274658203,25080900
2021-03-09 00:00:00+00:00,75.18000030517578,75.5199966430664,75.05999755859375,75.37000274658203,19060200
2021-03-10 00:00:00+00:00,75.69999694824219,75.79000091552734,75.33000183105469,75.69000244140625,19467400
2021-03-11 00:00:00+00:00,75.93000030517578,76.22000122070312,75.75,76.08999633789062,15485300
2021-03-12 00:00:00+00:00,75.68000030517578,76.30999755859375,75.6500015258789,76.27999877929688,16342500
2021-03-15 00:00:00+00:00,76.16999816894531,76.37999725341797,75.72000122070312,76.33999633789062,17320100
2021-03-16 00:00:00+00:00,76.5199966430664,76.58000183105469,76.33999633789062,76.47000122070312,16662600
2021-03-17 00:00:00+00:00,76.20999908447266,77.01000213623047,76.11000061035156,76.91999816894531,16305000
2021-03-18 00:00:00+00:00,76.54000091552734,77.05999755859375,76.20999908447266,76.22000122070312,23176300
2021-03-19 00:00:00+00:00,76.20999908447266,76.51000213623047,75.7699966430664,76.43000030517578,31465200
2021-03-22 00:00:00+00:00,76.30000305175781,76.69000244140625,76.23999786376953,76.5,27978200
2021-03-23 00:00:00+00:00,75.9800033569336,76.08999633789062,75.33999633789062,75.44000244140625,22514200
2021-03-24 00:00:00+00:00,75.2300033569336,75.58999633789062,75.05000305175781,75.05999755859375,20717000
2021-03-25 00:00:00+00:00,75.0,75.66000366210938,74.83000183105469,75.62000274658203,25183000
2021-03-26 00:00:00+00:00,75.87999725341797,76.62000274658203,75.87000274658203,76.5999984741211,27419100
2021-03-29 00:00:00+00:00,76.13999938964844,76.43000030517578,75.91999816894531,76.30000305175781,18381600
2021-03-30 00:00:00+00:00,75.88999938964844,76.2699966430664,75.80999755859375,76.19999694824219,15377400
2021-03-31 00:00:00+00:00,75.87999725341797,76.2300033569336,75.81999969482422,75.87000274658203,32191600
2021-04-01 00:00:00+00:00,76.26000213623047,76.93000030517578,76.20999908447266,76.86000061035156,26312600
2021-04-05 00:00:00+00:00,77.48999786376953,78.05000305175781,77.36000061035156,77.9800033569336,20340500
2021-04-06 00:00:00+00:00,77.05000305175781,77.2699966430664,76.95999908447266,77.1500015258789,18995900
2021-04-07 00:00:00+00:00,77.16999816894531,77.41999816894531,77.11000061035156,77.30999755859375,14349400
2021-04-08 00:00:00+00:00,77.66000366210938,77.87000274658203,77.5199966430664,77.75,15502500
2021-04-09 00:00:00+00:00,77.69000244140625,78.05000305175781,77.69000244140625,77.98999786376953,16330500
2021-04-12 00:00:00+00:00,77.66999816894531,77.73999786376953,77.44000244140625,77.55999755859375,13729500
2021-04-13 00:00:00+00:00,77.66999816894531,78.02999877929688,77.62000274658203,78.01000213623047,12712500
2021-04-14 00:00:00+00:00,78.05000305175781,78.3499984741211,78.0,78.06999969482422,13079200
2021-04-15 00:00:00+00:00,78.55999755859375,78.75,78.48999786376953,78.72000122070312,20480100
2021-04-16 00:00:00+00:00,79.0199966430664,79.30999755859375,78.9000015258789,79.29000091552734,17058700
2021-04-19 00:00:00+00:00,79.37000274658203,79.41999816894531,78.94000244140625,79.1500015258789,15206800
2021-04-20 00:00:00+00:00,78.23999786376953,78.33000183105469,77.55000305175781,77.7300033569336,29570100
2021-04-21 00:00:00+00:00,77.58000183105469,78.55999755859375,77.55999755859375,78.52999877929688,15615600
2021-04-22 00:00:00+00:00,78.70999908447266,78.77999877929688,78.13999938964844,78.2699966430664,22677800
2021-04-23 00:00:00+00:00,78.55000305175781,79.2300033569336,78.52999877929688,79.06999969482422,18607900
2021-04-26 00:00:00+00:00,79.0999984741211,79.2300033569336,79.0,79.12999725341797,14052100
2021-04-27 00:00:00+00:00,78.73999786376953,78.93000030517578,78.63999938964844,78.87000274658203,13612200
2021-04-28 00:00:00+00:00,78.80999755859375,79.26000213623047,78.73999786376953,79.06999969482422,14288600
2021-04-29 00:00:00+00:00,79.33999633789062,79.37999725341797,78.61000061035156,79.0999984741211,16411000
2021-04-30 00:00:00+00:00,78.62000274658203,78.75,77.83000183105469,78.11000061035156,28951400
2021-05-03 00:00:00+00:00,78.75,79.05999755859375,78.56999969482422,78.97000122070312,21382200
2021-05-04 00:00:00+00:00,78.11000061035156,78.30999755859375,77.41000366210938,77.80000305175781,29144900
2021-05-05 00:00:00+00:00,78.6500015258789,79.02999877929688,78.47000122070312,78.86000061035156,17680000
2021-05-06 00:00:00+00:00,78.95999908447266,79.54000091552734,78.70999908447266,79.51000213623047,21533100
2021-05-07 00:00:00+00:00,79.6500015258789,80.44999694824219,79.56999969482422,80.41000366210938,23316000
2021-05-10 00:00:00+00:00,80.66999816894531,80.66999816894531,79.91999816894531,79.9800033569336,16927500
2021-05-11 00:00:00+00:00,78.52999877929688,79.11000061035156,78.41999816894531,78.93000030517578,34624600
2021-05-12 00:00:00+00:00,78.38999938964844,78.73999786376953,77.51000213623047,77.66999816894531,32608200
2021-05-13 00:00:00+00:00,77.69000244140625,78.41999816894531,77.66000366210938,78.25,36208800
2021-05-14 00:00:00+00:00,79.01000213623047,79.63999938964844,78.95999908447266,79.55999755859375,18601700
2021-05-17 00:00:00+00:00,79.0999984741211,79.41999816894531,79.02999877929688,79.41000366210938,16699500
2021-05-18 00:00:00+00:00,80.04000091552734,80.06999969482422,79.58000183105469,79.58000183105469,16526900
2021-05-19 00:00:00+00:00,78.58999633789062,79.19000244140625,78.22000122070312,78.87999725341797,30391700
2021-05-20 00:00:00+00:00,79.38999938964844,80.05000305175781,79.36000061035156,79.91999816894531,21650300
2021-05-21 00:00:00+00:00,80.18000030517578,80.20999908447266,79.76000213623047,80.02999877929688,26751600
2021-05-24 00:00:00+00:00,80.25,80.62000274658203,80.19000244140625,80.5199966430664,12267900
2021-05-25 00:00:00+00:00,80.7699966430664,80.83999633789062,80.41000366210938,80.54000091552734,14338900
2021-05-26 00:00:00+00:00,80.44999694824219,80.62999725341797,80.3499984741211,80.48999786376953,12732000
2021-05-27 00:00:00+00:00,80.62000274658203,80.79000091552734,80.4000015258789,80.63999938964844,16211200
2021-05-28 00:00:00+00:00,80.83999633789062,81.1500015258789,80.79000091552734,80.83000183105469,21449500
2021-06-01 00:00:00+00:00,81.5,81.5199966430664,81.0199966430664,81.12000274658203,27524200
2021-06-02 00:00:00+00:00,81.2699966430664,81.51000213623047,81.16000366210938,81.38999938964844,13561200
2021-06-03 00:00:00+00:00,80.95999908447266,81.08999633789062,80.75,80.98999786376953,16987600
2021-06-04 00:00:00+00:00,81.52999877929688,81.73999786376953,81.4000015258789,81.68000030517578,13335200
2021-06-07 00:00:00+00:00,81.87000274658203,81.98999786376953,81.7699966430664,81.94999694824219,16738700
2021-06-08 00:00:00+00:00,82.02999877929688,82.11000061035156,81.7699966430664,81.91000366210938,13218700
2021-06-09 00:00:00+00:00,81.87999725341797,81.94000244140625,81.61000061035156,81.69000244140625,20203600
2021-06-10 00:00:00+00:00,80.66999816894531,80.94999694824219,80.58000183105469,80.80999755859375,16555200
2021-06-11 00:00:00+00:00,80.91000366210938,81.05999755859375,80.69000244140625,81.0,12864700
2021-06-14 00:00:00+00:00,80.93000030517578,81.16000366210938,80.87999725341797,81.13999938964844,17044400
2021-06-15 00:00:00+00:00,81.20999908447266,81.2699966430664,81.06999969482422,81.23999786376953,17729200
2021-06-16 00:00:00+00:00,81.30999755859375,81.4000015258789,80.47000122070312,80.73999786376953,21706700
2021-06-17 00:00:00+00:00,80.22000122070312,80.38999938964844,79.80000305175781,80.18000030517578,27756300
2021-06-18 00:00:00+00:00,78.7300033569336,78.93000030517578,78.43000030517578,78.5199966430664,36755100
2021-06-21 00:00:00+00:00,78.87000274658203,79.5999984741211,78.75,79.55000305175781,20228000
2021-06-22 00:00:00+00:00,79.31999969482422,79.75,79.1500015258789,79.55999755859375,14010200
2021-06-23 00:00:00+00:00,79.47000122070312,79.52999877929688,78.93000030517578,79.05000305175781,17074600
2021-06-24 00:00:00+00:00,79.63999938964844,79.8499984741211,79.58999633789062,79.80999755859375,19833300
2021-06-25 00:00:00+00:00,79.98999786376953,80.05000305175781,79.83000183105469,79.9800033569336,12418800
2021-06-28 00:00:00+00:00,79.69999694824219,79.76000213623047,79.36000061035156,79.47000122070312,26952900
2021-06-29 00:00:00+00:00,79.62999725341797,79.68000030517578,79.38999938964844,79.48999786376953,9357500
2021-06-30 00:00:00+00:00,78.76000213623047,79.05999755859375,78.55000305175781,78.87999725341797,33578500
2021-07-01 00:00:00+00:00,78.88999938964844,79.12000274658203,78.69999694824219,79.06999969482422,28075400
2021-07-02 00:00:00+00:00,79.08000183105469,79.36000061035156,78.87999725341797,79.33999633789062,13712600
2021-07-06 00:00:00+00:00,79.37999725341797,79.4000015258789,78.54000091552734,78.81999969482422,21289800
2021-07-07 00:00:00+00:00,79.16000366210938,79.3499984741211,78.83000183105469,79.25,21686400
2021-07-08 00:00:00+00:00,77.9800033569336,78.37000274658203,77.75,78.2300033569336,24175500
2021-07-09 00:00:00+00:00,79.05000305175781,79.61000061035156,78.97000122070312,79.55999755859375,35200100
2021-07-12 00:00:00+00:00,79.58000183105469,79.94000244140625,79.51000213623047,79.9000015258789,11995800
2021-07-13 00:00:00+00:00,79.61000061035156,79.79000091552734,79.36000061035156,79.4800033569336,15689500
2021-07-14 00:00:00+00:00,79.81999969482422,79.83000183105469,79.55999755859375,79.66000366210938,14023600
2021-07-15 00:00:00+00:00,78.9000015258789,79.0999984741211,78.5999984741211,78.9000015258789,21637900
2021-07-16 00:00:00+00:00,78.8499984741211,78.9000015258789,78.18000030517578,78.31999969482422,23034100
2021-07-19 00:00:00+00:00,77.08999633789062,77.2300033569336,76.4800033569336,76.9000015258789,44844800
2021-07-20 00:00:00+00:00,76.72000122070312,77.61000061035156,76.62000274658203,77.45999908447266,30309900
2021-07-21 00:00:00+00:00,78.01000213623047,78.69000244140625,77.97000122070312,78.63999938964844,22928600
2021-07-22 00:00:00+00:00,78.93000030517578,78.97000122070312,78.4800033569336,78.66999816894531,15874000
2021-07-23 00:00:00+00:00,79.19000244140625,79.37000274658203,79.02999877929688,79.22000122070312,16550600
2021-07-26 00:00:00+00:00,79.06999969482422,79.36000061035156,79.06999969482422,79.33000183105469,14870900
2021-07-27 00:00:00+00:00,78.97000122070312,79.06999969482422,78.62999725341797,79.01000213623047,20952500
2021-07-28 00:00:00+00:00,79.0199966430664,79.5,78.88999938964844,79.3499984741211,19700600
2021-07-29 00:00:00+00:00,80.01000213623047,80.12000274658203,79.87999725341797,79.9000015258789,23670000
2021-07-30 00:00:00+00:00,79.58999633789062,79.83999633789062,79.33000183105469,79.48999786376953,23997100
2021-08-02 00:00:00+00:00,80.13999938964844,80.27999877929688,79.73999786376953,79.88999938964844,25364000
2021-08-03 00:00:00+00:00,80.2300033569336,80.4800033569336,79.9000015258789,80.45999908447266,19028100
2021-08-04 00:00:00+00:00,80.51000213623047,80.6500015258789,80.19000244140625,80.22000122070312,12852000
2021-08-05 00:00:00+00:00,80.62999725341797,80.70999908447266,80.5199966430664,80.61000061035156,11868900
2021-08-06 00:00:00+00:00,80.43000030517578,80.5199966430664,80.18000030517578,80.30999755859375,10892500
2021-08-09 00:00:00+00:00,80.33000183105469,80.37999725341797,80.18000030517578,80.2699966430664,7897000
2021-08-10 00:00:00+00:00,80.2699966430664,80.44999694824219,80.22000122070312,80.44999694824219,10438200
2021-08-11 00:00:00+00:00,80.93000030517578,81.05000305175781,80.76000213623047,81.0,14996100
2021-08-12 00:00:00+00:00,80.83000183105469,80.95999908447266,80.66999816894531,80.93000030517578,12443200
2021-08-13 00:00:00+00:00,81.19000244140625,81.44999694824219,81.12000274658203,81.41999816894531,14590400
2021-08-16 00:00:00+00:00,80.79000091552734,81.01000213623047,80.52999877929688,81.0,19192300
2021-08-17 00:00:00+00:00,80.23999786376953,80.41999816894531,79.88999938964844,80.23999786376953,23555000
2021-08-18 00:00:00+00:00,80.22000122070312,80.52999877929688,79.91999816894531,79.93000030517578,16384700
2021-08-19 00:00:00+00:00,78.88999938964844,79.3499984741211,78.8499984741211,79.13999938964844,30515300
2021-08-20 00:00:00+00:00,78.91000366210938,79.47000122070312,78.81999969482422,79.44999694824219,15774200
2021-08-23 00:00:00+00:00,79.87999725341797,80.27999877929688,79.8499984741211,80.19000244140625,22524800
2021-08-24 00:00:00+00:00,80.16000366210938,80.48999786376953,80.08000183105469,80.36000061035156,13722900
2021-08-25 00:00:00+00:00,80.27999877929688,80.47000122070312,80.1500015258789,80.38999938964844,12891400
2021-08-26 00:00:00+00:00,80.12999725341797,80.23999786376953,79.8499984741211,79.97000122070312,16927900
2021-08-27 00:00:00+00:00,79.98999786376953,80.7699966430664,79.95999908447266,80.69999694824219,24935800
2021-08-30 00:00:00+00:00,80.66999816894531,80.80000305175781,80.55999755859375,80.68000030517578,8142000
2021-08-31 00:00:00+00:00,80.81999969482422,80.83000183105469,80.48999786376953,80.63999938964844,18738400
2021-09-01 00:00:00+00:00,81.26000213623047,81.58999633789062,81.20999908447266,81.37000274658203,30472100
2021-09-02 00:00:00+00:00,81.70999908447266,81.87999725341797,81.61000061035156,81.69999694824219,13827400
2021-09-03 00:00:00+00:00,81.80000305175781,82.18000030517578,81.69000244140625,82.06999969482422,16303200
2021-09-07 00:00:00+00:00,82.19999694824219,82.29000091552734,82.08000183105469,82.12999725341797,13967800
2021-09-08 00:00:00+00:00,81.77999877929688,81.91999816894531,81.3499984741211,81.4800033569336,22764200
2021-09-09 00:00:00+00:00,81.44999694824219,81.76000213623047,81.2699966430664,81.33999633789062,18963300
2021-09-10 00:00:00+00:00,81.91999816894531,81.9800033569336,81.13999938964844,81.16000366210938,26709900
2021-09-13 00:00:00+00:00,81.94999694824219,81.95999908447266,81.5199966430664,81.80000305175781,22335000
2021-09-14 00:00:00+00:00,82.04000091552734,82.05000305175781,81.37999725341797,81.45999908447266,19177500
2021-09-15 00:00:00+00:00,81.37999725341797,81.70999908447266,81.22000122070312,81.69999694824219,26233800
2021-09-16 00:00:00+00:00,81.3499984741211,81.58999633789062,81.12999725341797,81.56999969482422,25765500
2021-09-17 00:00:00+00:00,81.06999969482422,81.20999908447266,80.2300033569336,80.5,37070600
2021-09-20 00:00:00+00:00,78.73999786376953,79.19999694824219,78.33000183105469,79.01000213623047,45028000
2021-09-21 00:00:00+00:00,80.08000183105469,80.20999908447266,79.68000030517578,79.79000091552734,37472300
2021-09-22 00:00:00+00:00,80.18000030517578,80.80000305175781,80.12000274658203,80.19000244140625,28718400
2021-09-23 00:00:00+00:00,80.81999969482422,81.22000122070312,80.7699966430664,81.05999755859375,31257800
2021-09-24 00:00:00+00:00,80.22000122070312,80.5,80.16999816894531,80.30000305175781,20066300
2021-09-27 00:00:00+00:00,80.06999969482422,80.33000183105469,79.97000122070312,80.25,15526500
2021-09-28 00:00:00+00:00,79.04000091552734,79.08000183105469,78.23999786376953,78.5,48064900
2021-09-29 00:00:00+00:00,78.70999908447266,78.76000213623047,78.23999786376953,78.31999969482422,31733200
2021-09-30 00:00:00+00:00,78.4000015258789,78.5199966430664,77.81999969482422,78.01000213623047,39506300
2021-10-01 00:00:00+00:00,78.05000305175781,78.37999725341797,77.5,78.19999694824219,44524800
2021-10-04 00:00:00+00:00,77.95999908447266,78.05999755859375,77.0999984741211,77.37999725341797,32751400
2021-10-05 00:00:00+00:00,77.55000305175781,78.19000244140625,77.45999908447266,77.91000366210938,25903300
2021-10-06 00:00:00+00:00,76.6500015258789,77.43000030517578,76.43000030517578,77.38999938964844,36917200
2021-10-07 00:00:00+00:00,77.80999755859375,78.30999755859375,77.80000305175781,77.98999786376953,19908700
2021-10-08 00:00:00+00:00,78.19000244140625,78.25,77.83999633789062,77.9800033569336,23628700
2021-10-11 00:00:00+00:00,78.16000366210938,78.41000366210938,77.72000122070312,77.7300033569336,23542500
2021-10-12 00:00:00+00:00,77.87000274658203,78.04000091552734,77.62999725341797,77.7699966430664,18697400
2021-10-13 00:00:00+00:00,78.18000030517578,78.63999938964844,78.0,78.54000091552734,23073600
2021-10-14 00:00:00+00:00,79.29000091552734,79.4000015258789,79.11000061035156,79.31999969482422,19304400
2021-10-15 00:00:00+00:00,79.76000213623047,80.0,79.66999816894531,79.9800033569336,24447200
2021-10-18 00:00:00+00:00,79.37999725341797,79.68000030517578,79.23999786376953,79.63999938964844,19044700
2021-10-19 00:00:00+00:00,79.94999694824219,80.25,79.9000015258789,80.12000274658203,14649000
2021-10-20 00:00:00+00:00,80.19999694824219,80.5,80.12000274658203,80.4000015258789,11235500
2021-10-21 00:00:00+00:00,79.87999725341797,80.1500015258789,79.83999633789062,80.0199966430664,16278800
2021-10-22 00:00:00+00:00,80.37000274658203,80.66000366210938,80.1500015258789,80.5,22173500
2021-10-25 00:00:00+00:00,80.29000091552734,80.47000122070312,80.05999755859375,80.33999633789062,13658000
2021-10-26 00:00:00+00:00,80.83000183105469,80.83000183105469,80.38999938964844,80.5,10552900
2021-10-27 00:00:00+00:00,80.51000213623047,80.62999725341797,80.16000366210938,80.18000030517578,18449000
2021-10-28 00:00:00+00:00,80.56999969482422,81.0199966430664,80.55000305175781,80.95999908447266,15260200
2021-10-29 00:00:00+00:00,80.2699966430664,80.55000305175781,80.19000244140625,80.48999786376953,25406900
2021-11-01 00:00:00+00:00,80.94999694824219,81.30000305175781,80.79000091552734,81.2699966430664,20337400
2021-11-02 00:00:00+00:00,81.02999877929688,81.20999908447266,80.9800033569336,81.0999984741211,10184500
2021-11-03 00:00:00+00:00,81.06999969482422,81.79000091552734,80.94000244140625,81.76000213623047,14911000
2021-11-04 00:00:00+00:00,81.52999877929688,81.70999908447266,81.3499984741211,81.70999908447266,14083300
2021-11-05 00:00:00+00:00,81.69999694824219,81.83000183105469,81.4800033569336,81.83000183105469,15593600
2021-11-08 00:00:00+00:00,81.87000274658203,82.0,81.7300033569336,81.81999969482422,9065900
2021-11-09 00:00:00+00:00,81.87000274658203,81.91999816894531,81.38999938964844,81.63999938964844,16011200
2021-11-10 00:00:00+00:00,81.30000305175781,81.44000244140625,80.54000091552734,80.6500015258789,21546800
2021-11-11 00:00:00+00:00,81.05999755859375,81.16000366210938,80.88999938964844,80.94000244140625,9264600
2021-11-12 00:00:00+00:00,81.20999908447266,81.44000244140625,81.0999984741211,81.37999725341797,14817900
2021-11-15 00:00:00+00:00,81.58000183105469,81.5999984741211,81.18000030517578,81.2300033569336,14064500
2021-11-16 00:00:00+00:00,81.22000122070312,81.30999755859375,81.0199966430664,81.05000305175781,12167900
2021-11-17 00:00:00+00:00,80.87999725341797,81.02999877929688,80.80000305175781,80.94999694824219,10415400
2021-11-18 00:00:00+00:00,80.94000244140625,81.08000183105469,80.6500015258789,81.02999877929688,13236800
2021-11-19 00:00:00+00:00,80.58999633789062,80.66999816894531,80.29000091552734,80.33999633789062,20761900
2021-11-22 00:00:00+00:00,80.2300033569336,80.47000122070312,79.8499984741211,79.87000274658203,17802300
2021-11-23 00:00:00+00:00,79.69999694824219,79.98999786376953,79.37000274658203,79.79000091552734,26736800
2021-11-24 00:00:00+00:00,78.66000366210938,79.2699966430664,78.62000274658203,79.26000213623047,20238700
2021-11-26 00:00:00+00:00,77.7300033569336,77.81999969482422,76.86000061035156,77.12999725341797,37776000
2021-11-29 00:00:00+00:00,77.73999786376953,77.80999755859375,77.16999816894531,77.5199966430664,31913600
2021-11-30 00:00:00+00:00,77.3499984741211,77.58999633789062,76.16999816894531,76.83999633789062,52770800
2021-12-01 00:00:00+00:00,77.88999938964844,78.25,76.38999938964844,76.4000015258789,43883900
2021-12-02 00:00:00+00:00,76.87999725341797,77.58999633789062,76.80000305175781,77.3499984741211,42264500
2021-12-03 00:00:00+00:00,77.5999984741211,77.69999694824219,76.56999969482422,77.02999877929688,46147500
2021-12-06 00:00:00+00:00,77.55000305175781,77.91999816894531,77.27999877929688,77.7699966430664,30884300
2021-12-07 00:00:00+00:00,78.7699966430664,79.43000030517578,78.7699966430664,79.41000366210938,28244900
2021-12-08 00:00:00+00:00,79.47000122070312,79.68000030517578,79.27999877929688,79.55999755859375,21619400
2021-12-09 00:00:00+00:00,79.04000091552734,79.12999725341797,78.83999633789062,78.9000015258789,32026500
2021-12-10 00:00:00+00:00,79.04000091552734,79.13999938964844,78.77999877929688,79.06999969482422,23412200
2021-12-13 00:00:00+00:00,77.38999938964844,77.48999786376953,76.9000015258789,76.98999786376953,27594700
2021-12-14 00:00:00+00:00,76.66999816894531,76.95999908447266,76.23999786376953,76.58000183105469,30040400
2021-12-15 00:00:00+00:00,76.79000091552734,77.63999938964844,76.43000030517578,77.62000274658203,31109400
2021-12-16 00:00:00+00:00,78.0,78.08000183105469,77.44000244140625,77.62999725341797,44621100
2021-12-17 00:00:00+00:00,77.05999755859375,77.25,76.5999984741211,76.6500015258789,44476200
2021-12-20 00:00:00+00:00,76.19999694824219,76.52999877929688,76.0,76.4800033569336,26303400
2021-12-21 00:00:00+00:00,76.8499984741211,77.37000274658203,76.79000091552734,77.33000183105469,22744100
2021-12-22 00:00:00+00:00,77.22000122070312,78.0999984741211,77.18000030517578,78.05000305175781,21609700
2021-12-23 00:00:00+00:00,78.12999725341797,78.69000244140625,78.12000274658203,78.51000213623047,28320000
2021-12-27 00:00:00+00:00,78.55000305175781,79.12000274658203,78.54000091552734,79.12000274658203,15219700
2021-12-28 00:00:00+00:00,79.19999694824219,79.38999938964844,79.11000061035156,79.1500015258789,15631300
2021-12-29 00:00:00+00:00,79.05000305175781,79.22000122070312,78.93000030517578,79.12000274658203,15046900
2021-12-30 00:00:00+00:00,79.02999877929688,79.12999725341797,78.69000244140625,78.75,20617500
2021-12-31 00:00:00+00:00,78.73999786376953,79.08000183105469,78.62999725341797,78.68000030517578,23252200
2022-01-03 00:00:00+00:00,79.13999938964844,79.22000122070312,78.77999877929688,79.19000244140625,24096900
2022-01-04 00:00:00+00:00,79.68000030517578,79.87999725341797,79.43000030517578,79.63999938964844,24314300
2022-01-05 00:00:00+00:00,79.94000244140625,80.04000091552734,78.94000244140625,78.94000244140625,24704100
2022-01-06 00:00:00+00:00,78.68000030517578,78.91999816894531,78.33000183105469,78.54000091552734,32472900
2022-01-07 00:00:00+00:00,78.5,78.88999938964844,78.19999694824219,78.7699966430664,22833900
2022-01-10 00:00:00+00:00,77.88999938964844,78.08999633789062,77.36000061035156,78.04000091552734,45587600
2022-01-11 00:00:00+00:00,78.08999633789062,78.91999816894531,77.87000274658203,78.88999938964844,30847000
2022-01-12 00:00:00+00:00,79.37999725341797,79.72000122070312,79.30000305175781,79.66000366210938,30780700
2022-01-13 00:00:00+00:00,79.88999938964844,79.94000244140625,78.9800033569336,79.08000183105469,24991200
2022-01-14 00:00:00+00:00,78.77999877929688,79.16000366210938,78.51000213623047,79.0,26136500
2022-01-18 00:00:00+00:00,78.06999969482422,78.26000213623047,77.66000366210938,77.83999633789062,37504600
2022-01-19 00:00:00+00:00,78.2300033569336,78.37999725341797,77.70999908447266,77.7699966430664,34437700
2022-01-20 00:00:00+00:00,78.05000305175781,78.44999694824219,77.29000091552734,77.38999938964844,38225400
2022-01-21 00:00:00+00:00,77.1500015258789,77.23999786376953,76.20999908447266,76.33999633789062,60761300
2022-01-24 00:00:00+00:00,74.91000366210938,75.61000061035156,73.55000305175781,75.58000183105469,85455900
2022-01-25 00:00:00+00:00,74.68000030517578,75.62999725341797,74.0999984741211,75.12000274658203,54516800
2022-01-26 00:00:00+00:00,76.04000091552734,76.16999816894531,74.45999908447266,74.83000183105469,55217000
2022-01-27 00:00:00+00:00,74.97000122070312,75.30999755859375,74.19000244140625,74.4800033569336,46252100
2022-01-28 00:00:00+00:00,73.9800033569336,74.73999786376953,73.52999877929688,74.7300033569336,44588300
2022-01-31 00:00:00+00:00,74.70999908447266,75.86000061035156,74.69000244140625,75.81999969482422,38299200
2022-02-01 00:00:00+00:00,76.29000091552734,76.55000305175781,75.75,76.54000091552734,53240700
2022-02-02 00:00:00+00:00,77.16000366210938,77.20999908447266,76.7300033569336,77.11000061035156,35225900
2022-02-03 00:00:00+00:00,76.38999938964844,76.6500015258789,75.87000274658203,75.88999938964844,46207200
2022-02-04 00:00:00+00:00,75.75,76.41999816894531,75.5199966430664,76.06999969482422,32188300
2022-02-07 00:00:00+00:00,76.12999725341797,76.58999633789062,76.05999755859375,76.19999694824219,17045500
2022-02-08 00:00:00+00:00,76.19000244140625,76.69999694824219,76.0,76.58999633789062,27066900
2022-02-09 00:00:00+00:00,77.66000366210938,77.8499984741211,77.5199966430664,77.83000183105469,26858900
2022-02-10 00:00:00+00:00,76.72000122070312,77.9000015258789,76.68000030517578,76.83999633789062,27349500
2022-02-11 00:00:00+00:00,76.80999755859375,77.11000061035156,75.45999908447266,75.68000030517578,51519400
2022-02-14 00:00:00+00:00,75.37000274658203,75.44999694824219,74.66999816894531,75.19000244140625,45356000
2022-02-15 00:00:00+00:00,76.08000183105469,76.61000061035156,76.0,76.56999969482422,30223600
2022-02-16 00:00:00+00:00,76.2699966430664,77.0199966430664,76.2300033569336,76.86000061035156,22557600
2022-02-17 00:00:00+00:00,76.29000091552734,76.33000183105469,75.58999633789062,75.62000274658203,34691300
2022-02-18 00:00:00+00:00,75.66000366210938,75.86000061035156,75.08000183105469,75.30000305175781,34752000
2022-02-22 00:00:00+00:00,74.62000274658203,75.05000305175781,73.93000030517578,74.41999816894531,32967600
2022-02-23 00:00:00+00:00,75.16999816894531,75.18000030517578,73.66000366210938,73.80999755859375,39771800
2022-02-24 00:00:00+00:00,71.11000061035156,72.86000061035156,70.9800033569336,72.81999969482422,72044600
2022-02-25 00:00:00+00:00,73.45999908447266,74.68000030517578,73.4000015258789,74.63999938964844,47641800
2022-02-28 00:00:00+00:00,73.11000061035156,74.16000366210938,72.87999725341797,73.22000122070312,50821600
2022-03-01 00:00:00+00:00,72.91000366210938,73.12000274658203,71.2300033569336,71.62000274658203,49003900
2022-03-02 00:00:00+00:00,72.12999725341797,72.72000122070312,71.87000274658203,72.5199966430664,43906000
2022-03-03 00:00:00+00:00,72.22000122070312,72.2699966430664,70.87999725341797,71.08999633789062,44389700
2022-03-04 00:00:00+00:00,69.11000061035156,69.27999877929688,68.43000030517578,69.02999877929688,54455500
2022-03-07 00:00:00+00:00,68.58999633789062,68.69999694824219,66.54000091552734,66.83999633789062,55499400
2022-03-08 00:00:00+00:00,67.48999786376953,68.73999786376953,66.55000305175781,67.41999816894531,56682500
2022-03-09 00:00:00+00:00,69.54000091552734,70.70999908447266,69.1500015258789,70.23999786376953,55565000
2022-03-10 00:00:00+00:00,69.25,69.86000061035156,68.98999786376953,69.4000015258789,33804200
2022-03-11 00:00:00+00:00,69.95999908447266,70.05999755859375,68.55000305175781,68.6500015258789,32380700
2022-03-14 00:00:00+00:00,69.69000244140625,70.16999816894531,69.13999938964844,69.27999877929688,32048200
2022-03-15 00:00:00+00:00,69.6500015258789,70.0999984741211,69.30999755859375,69.94000244140625,36961200
2022-03-16 00:00:00+00:00,71.4000015258789,72.5,70.77999877929688,72.44999694824219,44821400
2022-03-17 00:00:00+00:00,72.13999938964844,73.20999908447266,72.08000183105469,73.05999755859375,35025600
2022-03-18 00:00:00+00:00,72.44999694824219,73.83000183105469,72.31999969482422,73.7699966430664,36684100
2022-03-21 00:00:00+00:00,73.55999755859375,73.72000122070312,72.93000030517578,73.30999755859375,29985700
2022-03-22 00:00:00+00:00,73.76000213623047,74.13999938964844,73.69999694824219,74.0,21840800
2022-03-23 00:00:00+00:00,73.18000030517578,73.5199966430664,73.02999877929688,73.04000091552734,22375800
2022-03-24 00:00:00+00:00,73.27999877929688,73.72000122070312,73.16000366210938,73.72000122070312,22098200
2022-03-25 00:00:00+00:00,73.66000366210938,73.86000061035156,73.25,73.76000213623047,18372100
2022-03-28 00:00:00+00:00,73.29000091552734,73.56999969482422,72.95999908447266,73.5199966430664,24829900
2022-03-29 00:00:00+00:00,75.18000030517578,75.37999725341797,74.48999786376953,75.1500015258789,25591200
2022-03-30 00:00:00+00:00,74.87999725341797,75.13999938964844,74.55999755859375,74.83999633789062,22487000
2022-03-31 00:00:00+00:00,74.30000305175781,74.58000183105469,73.5199966430664,73.5999984741211,31677200
2022-04-01 00:00:00+00:00,74.05999755859375,74.30999755859375,73.73999786376953,74.29000091552734,23182800
2022-04-04 00:00:00+00:00,74.12999725341797,74.62000274658203,74.05000305175781,74.58999633789062,20875700
2022-04-05 00:00:00+00:00,74.11000061035156,74.37999725341797,73.38999938964844,73.58000183105469,27759400
2022-04-06 00:00:00+00:00,72.66000366210938,73.08999633789062,72.29000091552734,72.69999694824219,30692700
2022-04-07 00:00:00+00:00,72.7699966430664,73.0999984741211,72.23999786376953,72.86000061035156,27838500
2022-04-08 00:00:00+00:00,72.58999633789062,73.19000244140625,72.48999786376953,72.88999938964844,21937200
2022-04-11 00:00:00+00:00,72.58000183105469,72.75,72.06999969482422,72.12000274658203,22149900
2022-04-12 00:00:00+00:00,72.2300033569336,72.41000366210938,71.4000015258789,71.58000183105469,28916200
2022-04-13 00:00:00+00:00,71.56999969482422,72.38999938964844,71.56999969482422,72.3499984741211,20164900
2022-04-14 00:00:00+00:00,72.48999786376953,72.62000274658203,71.9800033569336,72.0199966430664,19861900
2022-04-18 00:00:00+00:00,71.69999694824219,72.12999725341797,71.47000122070312,71.5999984741211,18508900
2022-04-19 00:00:00+00:00,71.18000030517578,72.02999877929688,71.18000030517578,71.94000244140625,24863500
2022-04-20 00:00:00+00:00,72.5,72.66000366210938,72.19999694824219,72.41999816894531,30249800
2022-04-21 00:00:00+00:00,73.08999633789062,73.22000122070312,71.51000213623047,71.63999938964844,32960800
2022-04-22 00:00:00+00:00,71.52999877929688,71.54000091552734,70.4000015258789,70.47000122070312,34878400
2022-04-25 00:00:00+00:00,69.70999908447266,70.19000244140625,69.16000366210938,70.12999725341797,37193600
2022-04-26 00:00:00+00:00,69.56999969482422,69.61000061035156,68.12999725341797,68.16999816894531,41284200
2022-04-27 00:00:00+00:00,68.43000030517578,68.94999694824219,68.06999969482422,68.4800033569336,43593100
2022-04-28 00:00:00+00:00,68.91000366210938,69.62000274658203,68.30000305175781,69.44999694824219,32154000
2022-04-29 00:00:00+00:00,69.69999694824219,70.12000274658203,68.56999969482422,68.63999938964844,54305300
2022-05-02 00:00:00+00:00,68.38999938964844,68.73999786376953,67.66000366210938,68.47000122070312,45813900
2022-05-03 00:00:00+00:00,68.93000030517578,69.23999786376953,68.69999694824219,68.9800033569336,39643500
2022-05-04 00:00:00+00:00,69.0,70.30999755859375,68.19999694824219,70.19000244140625,47419100
2022-05-05 00:00:00+00:00,69.18000030517578,69.22000122070312,67.41999816894531,67.93000030517578,38827000
2022-05-06 00:00:00+00:00,67.44000244140625,67.69000244140625,66.8499984741211,67.2699966430664,48268900
2022-05-09 00:00:00+00:00,66.04000091552734,66.1500015258789,65.11000061035156,65.23999786376953,50145000
2022-05-10 00:00:00+00:00,66.4000015258789,66.44000244140625,65.23999786376953,65.7300033569336,57682400
2022-05-11 00:00:00+00:00,65.91000366210938,66.7699966430664,65.26000213623047,65.33999633789062,49751100
2022-05-12 00:00:00+00:00,64.93000030517578,65.80000305175781,64.62999725341797,65.18000030517578,39410900
2022-05-13 00:00:00+00:00,66.13999938964844,67.0199966430664,66.12000274658203,66.98999786376953,34682200
2022-05-16 00:00:00+00:00,66.69000244140625,67.3499984741211,66.47000122070312,67.05000305175781,21254300
2022-05-17 00:00:00+00:00,68.16000366210938,68.3499984741211,67.77999877929688,68.30000305175781,31487000
2022-05-18 00:00:00+00:00,67.70999908447266,67.80999755859375,66.56999969482422,66.66999816894531,23553000
2022-05-19 00:00:00+00:00,66.58999633789062,67.69999694824219,66.56999969482422,67.30999755859375,35999600
2022-05-20 00:00:00+00:00,68.08000183105469,68.1500015258789,66.91000366210938,67.7699966430664,36357000
2022-05-23 00:00:00+00:00,68.48999786376953,69.06999969482422,68.37000274658203,68.91999816894531,23838500
2022-05-24 00:00:00+00:00,68.69999694824219,69.04000091552734,68.33999633789062,68.80999755859375,19504600
2022-05-25 00:00:00+00:00,68.33999633789062,69.13999938964844,68.33999633789062,68.83000183105469,18826400
2022-05-26 00:00:00+00:00,68.93000030517578,69.76000213623047,68.91999816894531,69.58999633789062,20930500
2022-05-27 00:00:00+00:00,70.04000091552734,70.44999694824219,70.0,70.43000030517578,13697600
2022-05-31 00:00:00+00:00,70.19000244140625,70.47000122070312,69.83999633789062,70.01000213623047,25025200
2022-06-01 00:00:00+00:00,70.41999816894531,70.45999908447266,69.05999755859375,69.2699966430664,28336400
2022-06-02 00:00:00+00:00,69.83000183105469,70.7300033569336,69.58000183105469,70.70999908447266,21642000
2022-06-03 00:00:00+00:00,69.80999755859375,70.0,69.5,69.69999694824219,21327200
2022-06-06 00:00:00+00:00,70.51000213623047,70.61000061035156,69.83000183105469,69.9800033569336,15192300
2022-06-07 00:00:00+00:00,69.27999877929688,70.22000122070312,69.2699966430664,70.19000244140625,19039600
2022-06-08 00:00:00+00:00,69.41999816894531,69.72000122070312,69.12999725341797,69.20999908447266,21219400
2022-06-09 00:00:00+00:00,67.3499984741211,67.51000213623047,66.26000213623047,66.29000091552734,25675700
2022-06-10 00:00:00+00:00,65.05999755859375,65.12999725341797,64.48999786376953,64.69000244140625,34102000
2022-06-13 00:00:00+00:00,63.029998779296875,63.369998931884766,62.439998626708984,62.54999923706055,54218000
2022-06-14 00:00:00+00:00,62.529998779296875,62.72999954223633,61.41999816894531,61.959999084472656,38601700
2022-06-15 00:00:00+00:00,62.63999938964844,63.470001220703125,61.86000061035156,63.119998931884766,37790700
2022-06-16 00:00:00+00:00,61.59000015258789,62.18000030517578,61.34000015258789,61.72999954223633,38025300
2022-06-17 00:00:00+00:00,61.68000030517578,62.0,61.119998931884766,61.47999954223633,43097500
2022-06-21 00:00:00+00:00,62.56999969482422,62.77000045776367,62.380001068115234,62.40999984741211,31891400
2022-06-22 00:00:00+00:00,61.709999084472656,62.56999969482422,61.619998931884766,61.9900016784668,30368200
2022-06-23 00:00:00+00:00,61.849998474121094,62.0,61.27000045776367,61.91999816894531,26482500
2022-06-24 00:00:00+00:00,62.790000915527344,63.790000915527344,62.7400016784668,63.77000045776367,31235000
2022-06-27 00:00:00+00:00,63.65999984741211,63.939998626708984,63.43000030517578,63.5,20987600
2022-06-28 00:00:00+00:00,64.0199966430664,64.22000122070312,63.04999923706055,63.06999969482422,19187400
2022-06-29 00:00:00+00:00,63.099998474121094,63.290000915527344,62.790000915527344,62.83000183105469,18226800
2022-06-30 00:00:00+00:00,61.709999084472656,62.59000015258789,61.470001220703125,62.4900016784668,37316200
2022-07-01 00:00:00+00:00,61.709999084472656,62.650001525878906,61.5,62.63999938964844,26046600
2022-07-05 00:00:00+00:00,60.65999984741211,61.31999969482422,60.40999984741211,61.29999923706055,30911300
2022-07-06 00:00:00+00:00,61.20000076293945,61.4900016784668,60.86000061035156,61.349998474121094,18030000
2022-07-07 00:00:00+00:00,61.86000061035156,62.290000915527344,61.849998474121094,62.279998779296875,17215100
2022-07-08 00:00:00+00:00,62.119998931884766,62.560001373291016,61.849998474121094,62.349998474121094,13135200
2022-07-11 00:00:00+00:00,61.56999969482422,61.75,61.290000915527344,61.34000015258789,15757900
2022-07-12 00:00:00+00:00,61.2400016784668,61.83000183105469,61.189998626708984,61.33000183105469,16350500
2022-07-13 00:00:00+00:00,60.58000183105469,61.54999923706055,60.5099983215332,61.29999923706055,17907500
2022-07-14 00:00:00+00:00,59.9900016784668,60.4900016784668,59.540000915527344,60.439998626708984,25329100
2022-07-15 00:00:00+00:00,60.880001068115234,61.439998626708984,60.61000061035156,61.400001525878906,28570100
2022-07-18 00:00:00+00:00,62.2599983215332,62.41999816894531,61.54999923706055,61.650001525878906,23785600
2022-07-19 00:00:00+00:00,62.81999969482422,63.349998474121094,62.7599983215332,63.33000183105469,25474500
2022-07-20 00:00:00+00:00,63.130001068115234,63.31999969482422,62.59000015258789,62.90999984741211,18738200
2022-07-21 00:00:00+00:00,62.77000045776367,63.630001068115234,62.689998626708984,63.560001373291016,19165500
2022-07-22 00:00:00+00:00,63.83000183105469,64.19000244140625,63.150001525878906,63.400001525878906,18771500
2022-07-25 00:00:00+00:00,63.880001068115234,63.970001220703125,63.54999923706055,63.88999938964844,17451300
2022-07-26 00:00:00+00:00,63.41999816894531,63.47999954223633,63.0,63.0,11610000
2022-07-27 00:00:00+00:00,63.63999938964844,64.55999755859375,63.43000030517578,64.48999786376953,20945500
2022-07-28 00:00:00+00:00,64.38999938964844,64.94000244140625,64.01000213623047,64.81999969482422,19385400
2022-07-29 00:00:00+00:00,64.94000244140625,65.76000213623047,64.76000213623047,65.72000122070312,23958000
2022-08-01 00:00:00+00:00,65.69999694824219,66.08000183105469,65.48999786376953,65.80999755859375,19450500
2022-08-02 00:00:00+00:00,65.27999877929688,65.45999908447266,64.73999786376953,64.76000213623047,17857700
2022-08-03 00:00:00+00:00,65.05000305175781,65.26000213623047,64.6500015258789,65.13999938964844,16011100
2022-08-04 00:00:00+00:00,65.26000213623047,65.58999633789062,65.18000030517578,65.47000122070312,15153600
2022-08-05 00:00:00+00:00,64.66000366210938,65.12000274658203,64.56999969482422,65.01000213623047,15130400
2022-08-08 00:00:00+00:00,65.52999877929688,65.76000213623047,65.04000091552734,65.16000366210938,12069100
2022-08-09 00:00:00+00:00,65.12999725341797,65.23999786376953,64.69999694824219,64.80999755859375,10867800
2022-08-10 00:00:00+00:00,66.16999816894531,66.48999786376953,65.94000244140625,66.2699966430664,16870800
2022-08-11 00:00:00+00:00,66.52999877929688,66.73999786376953,66.13999938964844,66.25,11539400
2022-08-12 00:00:00+00:00,66.29000091552734,66.7699966430664,66.12999725341797,66.76000213623047,13680300
2022-08-15 00:00:00+00:00,66.19000244140625,66.41000366210938,66.05999755859375,66.36000061035156,15733100
2022-08-16 00:00:00+00:00,65.94999694824219,66.45999908447266,65.94999694824219,66.33999633789062,13497100
2022-08-17 00:00:00+00:00,65.69999694824219,66.16999816894531,65.47000122070312,65.80999755859375,14822100
2022-08-18 00:00:00+00:00,65.7300033569336,65.76000213623047,65.36000061035156,65.58999633789062,14303900
2022-08-19 00:00:00+00:00,64.97000122070312,65.04000091552734,64.54000091552734,64.69000244140625,20257600
2022-08-22 00:00:00+00:00,63.9900016784668,64.01000213623047,63.43000030517578,63.59000015258789,20062200
2022-08-23 00:00:00+00:00,63.43000030517578,64.08999633789062,63.349998474121094,63.619998931884766,19101400
2022-08-24 00:00:00+00:00,63.349998474121094,63.90999984741211,63.279998779296875,63.70000076293945,12086600
2022-08-25 00:00:00+00:00,63.86000061035156,64.41999816894531,63.720001220703125,64.4000015258789,13980500
2022-08-26 00:00:00+00:00,64.43000030517578,64.5,62.66999816894531,62.709999084472656,19338300
2022-08-29 00:00:00+00:00,62.43000030517578,62.83000183105469,62.369998931884766,62.56999969482422,16199700
2022-08-30 00:00:00+00:00,62.9900016784668,63.060001373291016,61.9900016784668,62.119998931884766,24907400
2022-08-31 00:00:00+00:00,62.119998931884766,62.349998474121094,61.68000030517578,61.70000076293945,32178200
2022-09-01 00:00:00+00:00,60.79999923706055,60.93000030517578,60.22999954223633,60.869998931884766,33526300
2022-09-02 00:00:00+00:00,61.38999938964844,61.84000015258789,60.279998779296875,60.470001220703125,28234000
2022-09-06 00:00:00+00:00,60.7599983215332,60.88999938964844,60.11000061035156,60.31999969482422,21862300
2022-09-07 00:00:00+00:00,59.84000015258789,60.86000061035156,59.83000183105469,60.849998474121094,21289000
2022-09-08 00:00:00+00:00,60.16999816894531,60.970001220703125,60.060001373291016,60.88999938964844,17589900
2022-09-09 00:00:00+00:00,62.060001373291016,62.5,62.02000045776367,62.439998626708984,22655100
2022-09-12 00:00:00+00:00,63.220001220703125,63.59000015258789,63.150001525878906,63.310001373291016,22338600
2022-09-13 00:00:00+00:00,62.130001068115234,62.47999954223633,61.060001373291016,61.11000061035156,26513900
2022-09-14 00:00:00+00:00,61.29999923706055,61.56999969482422,60.95000076293945,61.310001373291016,19052800
2022-09-15 00:00:00+00:00,60.86000061035156,61.400001525878906,60.66999816894531,60.77000045776367,23181900
2022-09-16 00:00:00+00:00,60.2400016784668,60.619998931884766,60.060001373291016,60.400001525878906,31914300
2022-09-19 00:00:00+00:00,59.709999084472656,60.650001525878906,59.70000076293945,60.61000061035156,19597500
2022-09-20 00:00:00+00:00,59.77000045776367,59.900001525878906,59.22999954223633,59.58000183105469,23429600
2022-09-21 00:00:00+00:00,59.529998779296875,60.040000915527344,58.75,58.79999923706055,22678800
2022-09-22 00:00:00+00:00,59.029998779296875,59.150001525878906,58.349998474121094,58.630001068115234,25400900
2022-09-23 00:00:00+00:00,57.290000915527344,57.349998474121094,56.310001373291016,56.7599983215332,33958900
2022-09-26 00:00:00+00:00,56.18000030517578,56.689998626708984,55.619998931884766,55.91999816894531,41892400
2022-09-27 00:00:00+00:00,56.189998626708984,56.4900016784668,55.220001220703125,55.540000915527344,38742700
2022-09-28 00:00:00+00:00,55.52000045776367,57.029998779296875,55.349998474121094,56.880001068115234,35116000
2022-09-29 00:00:00+00:00,56.0099983215332,56.25,55.439998626708984,56.209999084472656,30971600
2022-09-30 00:00:00+00:00,55.959999084472656,56.70000076293945,55.88999938964844,56.0099983215332,38527600
2022-10-03 00:00:00+00:00,56.59000015258789,57.36000061035156,56.36000061035156,57.119998931884766,37451600
2022-10-04 00:00:00+00:00,58.630001068115234,59.5,58.61000061035156,59.40999984741211,32480200
2022-10-05 00:00:00+00:00,58.41999816894531,59.11000061035156,58.09000015258789,58.779998779296875,28550700
2022-10-06 00:00:00+00:00,58.09000015258789,58.380001068115234,57.689998626708984,57.75,28668800
2022-10-07 00:00:00+00:00,57.47999954223633,57.54999923706055,56.63999938964844,56.83000183105469,22200000
2022-10-10 00:00:00+00:00,56.79999923706055,56.86000061035156,56.18000030517578,56.5099983215332,26510200
2022-10-11 00:00:00+00:00,56.13999938964844,56.790000915527344,55.709999084472656,55.88999938964844,26577200
2022-10-12 00:00:00+00:00,55.7400016784668,56.040000915527344,55.54999923706055,55.709999084472656,24455800
2022-10-13 00:00:00+00:00,54.7400016784668,57.119998931884766,54.61000061035156,56.86000061035156,48010100
2022-10-14 00:00:00+00:00,57.220001220703125,57.400001525878906,55.95000076293945,56.0099983215332,28145900
2022-10-17 00:00:00+00:00,57.22999954223633,57.650001525878906,57.220001220703125,57.38999938964844,32731000
2022-10-18 00:00:00+00:00,58.2400016784668,58.29999923706055,57.380001068115234,57.79999923706055,26876700
2022-10-19 00:00:00+00:00,57.2599983215332,57.5,56.709999084472656,57.09000015258789,22958200
2022-10-20 00:00:00+00:00,57.13999938964844,57.79999923706055,56.83000183105469,56.959999084472656,25989700
2022-10-21 00:00:00+00:00,56.439998626708984,58.0099983215332,56.220001220703125,57.9900016784668,37761800
2022-10-24 00:00:00+00:00,57.779998779296875,58.25,57.4900016784668,58.0,20327600
2022-10-25 00:00:00+00:00,58.41999816894531,59.33000183105469,58.40999984741211,59.279998779296875,21583300
2022-10-26 00:00:00+00:00,59.2599983215332,60.25,59.2400016784668,59.84000015258789,27095500
2022-10-27 00:00:00+00:00,59.630001068115234,60.08000183105469,59.25,59.279998779296875,20349600
2022-10-28 00:00:00+00:00,59.189998626708984,59.869998931884766,59.08000183105469,59.869998931884766,19235500
2022-10-31 00:00:00+00:00,59.20000076293945,59.439998626708984,59.11000061035156,59.310001373291016,27032700
2022-11-01 00:00:00+00:00,60.5,60.52000045776367,59.5099983215332,59.779998779296875,42687000
2022-11-02 00:00:00+00:00,59.869998931884766,60.650001525878906,58.90999984741211,58.90999984741211,30497700
2022-11-03 00:00:00+00:00,58.11000061035156,58.689998626708984,58.060001373291016,58.40999984741211,23604200
2022-11-04 00:00:00+00:00,60.16999816894531,60.81999969482422,59.790000915527344,60.75,33756400
2022-11-07 00:00:00+00:00,60.970001220703125,61.209999084472656,60.709999084472656,60.939998626708984,19904600
2022-11-08 00:00:00+00:00,61.36000061035156,62.0099983215332,61.220001220703125,61.630001068115234,19882900
2022-11-09 00:00:00+00:00,61.20000076293945,61.63999938964844,60.7599983215332,60.77000045776367,22418600
2022-11-10 00:00:00+00:00,63.27000045776367,64.18000030517578,62.91999816894531,64.18000030517578,29640900
2022-11-11 00:00:00+00:00,64.76000213623047,65.55999755859375,64.51000213623047,65.45999908447266,24071300
2022-11-14 00:00:00+00:00,64.93000030517578,65.3499984741211,64.7699966430664,64.7699966430664,21599900
2022-11-15 00:00:00+00:00,65.81999969482422,65.93000030517578,64.5999984741211,65.19999694824219,34956600
2022-11-16 00:00:00+00:00,65.30000305175781,65.41000366210938,64.86000061035156,65.05000305175781,22730400
2022-11-17 00:00:00+00:00,64.22000122070312,65.05999755859375,64.19999694824219,65.0199966430664,21271100
2022-11-18 00:00:00+00:00,65.31999969482422,65.33000183105469,64.93000030517578,65.1500015258789,18431100
2022-11-21 00:00:00+00:00,64.5999984741211,64.77999877929688,64.37000274658203,64.66000366210938,21877400
2022-11-22 00:00:00+00:00,65.06999969482422,65.58000183105469,64.97000122070312,65.55999755859375,14698700
2022-11-23 00:00:00+00:00,65.68000030517578,66.37999725341797,65.68000030517578,66.27999877929688,13400800
2022-11-25 00:00:00+00:00,66.36000061035156,66.76000213623047,66.36000061035156,66.62000274658203,10934400
2022-11-28 00:00:00+00:00,66.29000091552734,66.56999969482422,65.72000122070312,65.76000213623047,18618500
2022-11-29 00:00:00+00:00,65.91999816894531,66.31999969482422,65.79000091552734,65.94999694824219,17666900
2022-11-30 00:00:00+00:00,66.47000122070312,67.3499984741211,65.83000183105469,67.12000274658203,41966500
2022-12-01 00:00:00+00:00,67.87000274658203,68.05999755859375,67.41999816894531,67.7699966430664,24209700
2022-12-02 00:00:00+00:00,67.13999938964844,67.93000030517578,67.13999938964844,67.72000122070312,36230700
2022-12-05 00:00:00+00:00,67.48999786376953,67.68000030517578,66.63999938964844,66.83000183105469,26304900
2022-12-06 00:00:00+00:00,66.97000122070312,67.11000061035156,66.25,66.52999877929688,25663000
2022-12-07 00:00:00+00:00,66.55999755859375,66.80999755859375,66.27999877929688,66.52999877929688,23274300
2022-12-08 00:00:00+00:00,66.5199966430664,66.94000244140625,66.31999969482422,66.87000274658203,20080400
2022-12-09 00:00:00+00:00,67.02999877929688,67.41999816894531,66.87000274658203,66.91000366210938,25772900
2022-12-12 00:00:00+00:00,66.9000015258789,67.11000061035156,66.68000030517578,67.11000061035156,18725400
2022-12-13 00:00:00+00:00,68.6500015258789,68.77999877929688,67.54000091552734,67.79000091552734,29377300
2022-12-14 00:00:00+00:00,67.88999938964844,68.33000183105469,67.29000091552734,67.7300033569336,23707700
2022-12-15 00:00:00+00:00,66.88999938964844,67.01000213623047,65.7699966430664,66.0,25617500
2022-12-16 00:00:00+00:00,65.45999908447266,65.76000213623047,65.12999725341797,65.41999816894531,23998700
2022-12-19 00:00:00+00:00,65.62999725341797,65.72000122070312,65.08999633789062,65.26000213623047,21180700
2022-12-20 00:00:00+00:00,65.4000015258789,65.8499984741211,65.30999755859375,65.5199966430664,21440600
2022-12-21 00:00:00+00:00,65.91999816894531,66.38999938964844,65.83000183105469,66.19999694824219,17112200
2022-12-22 00:00:00+00:00,65.94999694824219,65.95999908447266,65.11000061035156,65.66000366210938,21251200
2022-12-23 00:00:00+00:00,65.55000305175781,65.98999786376953,65.41000366210938,65.88999938964844,12536600
2022-12-27 00:00:00+00:00,65.94000244140625,66.23999786376953,65.81999969482422,65.98999786376953,16247400
2022-12-28 00:00:00+00:00,66.12999725341797,66.33000183105469,65.29000091552734,65.29000091552734,14526900
2022-12-29 00:00:00+00:00,66.04000091552734,66.5,66.0,66.31999969482422,17455400
2022-12-30 00:00:00+00:00,65.94999694824219,66.18000030517578,65.56999969482422,65.63999938964844,25629000
2023-01-03 00:00:00+00:00,66.45999908447266,66.83000183105469,65.9000015258789,66.22000122070312,25179300
2023-01-04 00:00:00+00:00,67.18000030517578,67.31999969482422,66.70999908447266,67.0999984741211,26751400
2023-01-05 00:00:00+00:00,66.47000122070312,66.69000244140625,66.30000305175781,66.43000030517578,17376900
2023-01-06 00:00:00+00:00,66.83000183105469,68.16999816894531,66.44000244140625,68.12999725341797,17951400
2023-01-09 00:00:00+00:00,68.6500015258789,69.05999755859375,68.37999725341797,68.41999816894531,23392800
2023-01-10 00:00:00+00:00,68.33000183105469,68.62999725341797,68.16999816894531,68.62000274658203,18811500
2023-01-11 00:00:00+00:00,68.94999694824219,69.1500015258789,68.73999786376953,69.13999938964844,17732700
2023-01-12 00:00:00+00:00,69.70999908447266,70.27999877929688,69.0,70.16000366210938,19767100
2023-01-13 00:00:00+00:00,69.80999755859375,70.55000305175781,69.80999755859375,70.52999877929688,18092100
2023-01-17 00:00:00+00:00,70.77999877929688,71.05999755859375,70.55999755859375,70.75,25184100
2023-01-18 00:00:00+00:00,71.55000305175781,71.68000030517578,70.5,70.5,35935300
2023-01-19 00:00:00+00:00,70.27999877929688,70.54000091552734,70.0199966430664,70.38999938964844,23519000
2023-01-20 00:00:00+00:00,70.36000061035156,71.02999877929688,70.18000030517578,71.01000213623047,28289500
2023-01-23 00:00:00+00:00,70.69999694824219,71.30999755859375,70.66999816894531,71.30000305175781,24252900
2023-01-24 00:00:00+00:00,70.91000366210938,71.36000061035156,70.66999816894531,71.20999908447266,12996500
2023-01-25 00:00:00+00:00,70.9800033569336,71.73999786376953,70.93000030517578,71.68000030517578,14250500
2023-01-26 00:00:00+00:00,71.73999786376953,71.81999969482422,71.16000366210938,71.73999786376953,13272300
2023-01-27 00:00:00+00:00,71.30000305175781,71.76000213623047,71.20999908447266,71.5999984741211,13986800
2023-01-30 00:00:00+00:00,71.33999633789062,71.66999816894531,71.13999938964844,71.13999938964844,14111500
2023-01-31 00:00:00+00:00,70.94000244140625,71.58999633789062,70.80000305175781,71.55000305175781,23544400
2023-02-01 00:00:00+00:00,71.48999786376953,72.44000244140625,70.94000244140625,72.19000244140625,27861400
2023-02-02 00:00:00+00:00,72.37999725341797,72.43000030517578,71.63999938964844,72.08999633789062,15588000
2023-02-03 00:00:00+00:00,71.38999938964844,72.0,71.26000213623047,71.41999816894531,18589800
2023-02-06 00:00:00+00:00,70.72000122070312,70.87999725341797,70.33000183105469,70.69000244140625,18409500
2023-02-07 00:00:00+00:00,70.36000061035156,71.37999725341797,70.22000122070312,71.29000091552734,19440100
2023-02-08 00:00:00+00:00,71.18000030517578,71.29000091552734,70.72000122070312,70.8499984741211,18281400
2023-02-09 00:00:00+00:00,71.87000274658203,71.93000030517578,70.8499984741211,70.9800033569336,10875300
2023-02-10 00:00:00+00:00,70.72000122070312,70.7699966430664,70.36000061035156,70.66999816894531,16681200
2023-02-13 00:00:00+00:00,70.7699966430664,71.37999725341797,70.69000244140625,71.37999725341797,11806300
2023-02-14 00:00:00+00:00,71.05000305175781,71.83000183105469,70.86000061035156,71.51000213623047,14082900
2023-02-15 00:00:00+00:00,70.62999725341797,71.19000244140625,70.56999969482422,71.19000244140625,14031200
2023-02-16 00:00:00+00:00,70.56999969482422,71.2699966430664,70.48999786376953,70.83999633789062,13151000
2023-02-17 00:00:00+00:00,70.51000213623047,71.0999984741211,70.38999938964844,71.0199966430664,13768200
2023-02-21 00:00:00+00:00,70.5199966430664,70.7699966430664,70.19000244140625,70.23999786376953,14419700
2023-02-22 00:00:00+00:00,70.12000274658203,70.23999786376953,69.69999694824219,69.8499984741211,12991700
2023-02-23 00:00:00+00:00,70.1500015258789,70.29000091552734,69.56999969482422,70.20999908447266,25783700
2023-02-24 00:00:00+00:00,69.0199966430664,69.2699966430664,68.76000213623047,69.04000091552734,25120200
2023-02-27 00:00:00+00:00,69.83999633789062,70.04000091552734,69.63999938964844,69.86000061035156,19736300
2023-02-28 00:00:00+00:00,69.66000366210938,69.81999969482422,69.31999969482422,69.3499984741211,28408000
2023-03-01 00:00:00+00:00,69.9000015258789,70.05999755859375,69.45999908447266,69.72000122070312,20961000
2023-03-02 00:00:00+00:00,69.2300033569336,69.91999816894531,69.20999908447266,69.86000061035156,20540100
2023-03-03 00:00:00+00:00,70.25,70.91999816894531,70.05999755859375,70.87999725341797,23663300
2023-03-06 00:00:00+00:00,70.72000122070312,71.0,70.62000274658203,70.69999694824219,22289600
2023-03-07 00:00:00+00:00,70.5999984741211,70.66000366210938,69.44000244140625,69.5199966430664,26319800
2023-03-08 00:00:00+00:00,69.73999786376953,70.11000061035156,69.56999969482422,69.9000015258789,21016200
2023-03-09 00:00:00+00:00,70.02999877929688,70.2699966430664,69.2699966430664,69.38999938964844,25914100
2023-03-10 00:00:00+00:00,69.41000366210938,69.56999969482422,68.58000183105469,68.6500015258789,31703800
2023-03-13 00:00:00+00:00,67.93000030517578,68.73999786376953,67.80999755859375,68.18000030517578,27005100
2023-03-14 00:00:00+00:00,68.88999938964844,69.0999984741211,68.55999755859375,69.08999633789062,18054000
2023-03-15 00:00:00+00:00,66.52999877929688,67.05000305175781,66.06999969482422,66.94999694824219,37928500
2023-03-16 00:00:00+00:00,66.61000061035156,67.98999786376953,66.55000305175781,67.98999786376953,33179100
2023-03-17 00:00:00+00:00,67.37999725341797,67.52999877929688,66.91000366210938,67.18000030517578,23846200
2023-03-20 00:00:00+00:00,67.93000030517578,68.45999908447266,67.80999755859375,68.2300033569336,24003200
2023-03-21 00:00:00+00:00,69.2300033569336,69.33000183105469,68.86000061035156,69.26000213623047,16669400
2023-03-22 00:00:00+00:00,69.37000274658203,70.22000122070312,68.9800033569336,69.0199966430664,16277900
2023-03-23 00:00:00+00:00,69.62999725341797,70.04000091552734,68.72000122070312,69.02999877929688,23067200
2023-03-24 00:00:00+00:00,68.54000091552734,68.86000061035156,68.13999938964844,68.81999969482422,27879000
2023-03-27 00:00:00+00:00,69.23999786376953,69.52999877929688,69.08000183105469,69.47000122070312,23269300
2023-03-28 00:00:00+00:00,69.43000030517578,69.66000366210938,69.33000183105469,69.5,20324500
2023-03-29 00:00:00+00:00,70.18000030517578,70.4000015258789,70.05000305175781,70.33999633789062,29119300
2023-03-30 00:00:00+00:00,71.1500015258789,71.26000213623047,70.98999786376953,71.16000366210938,21615800
2023-03-31 00:00:00+00:00,71.3499984741211,71.68000030517578,71.3499984741211,71.5199966430664,28532600
2023-04-03 00:00:00+00:00,71.69000244140625,72.11000061035156,71.58999633789062,72.08999633789062,20737100
2023-04-04 00:00:00+00:00,72.0999984741211,72.31999969482422,71.88999938964844,72.0999984741211,15364600
2023-04-05 00:00:00+00:00,71.72000122070312,71.91999816894531,71.36000061035156,71.5999984741211,16313900
2023-04-06 00:00:00+00:00,71.61000061035156,72.12999725341797,71.5199966430664,71.94000244140625,13659900
2023-04-10 00:00:00+00:00,71.48999786376953,71.9000015258789,71.37999725341797,71.88999938964844,12854000
2023-04-11 00:00:00+00:00,72.05000305175781,72.25,71.98999786376953,72.12999725341797,11264100
2023-04-12 00:00:00+00:00,72.77999877929688,72.94000244140625,72.37000274658203,72.58999633789062,13241500
2023-04-13 00:00:00+00:00,73.19000244140625,73.58000183105469,73.11000061035156,73.5199966430664,12233000
2023-04-14 00:00:00+00:00,73.48999786376953,73.69000244140625,72.94000244140625,73.22000122070312,14209900
2023-04-17 00:00:00+00:00,73.0199966430664,73.12000274658203,72.73999786376953,73.08999633789062,17323800
2023-04-18 00:00:00+00:00,73.45999908447266,73.55000305175781,73.29000091552734,73.48999786376953,13753400
2023-04-19 00:00:00+00:00,73.12000274658203,73.33999633789062,73.0999984741211,73.26000213623047,8840800
2023-04-20 00:00:00+00:00,73.08999633789062,73.44000244140625,73.06999969482422,73.26000213623047,12478600
2023-04-21 00:00:00+00:00,73.3499984741211,73.68000030517578,73.02999877929688,73.62999725341797,14053000
2023-04-24 00:00:00+00:00,73.62999725341797,73.8499984741211,73.61000061035156,73.81999969482422,12864900
2023-04-25 00:00:00+00:00,73.4800033569336,73.5199966430664,72.77999877929688,72.79000091552734,12582200
2023-04-26 00:00:00+00:00,73.23999786376953,73.25,72.6500015258789,72.73999786376953,16928600
2023-04-27 00:00:00+00:00,73.12000274658203,73.66000366210938,72.97000122070312,73.6500015258789,14505700
2023-04-28 00:00:00+00:00,73.02999877929688,73.62999725341797,73.01000213623047,73.62000274658203,16936800
2023-05-01 00:00:00+00:00,73.69000244140625,73.88999938964844,73.48999786376953,73.51000213623047,24499500
2023-05-02 00:00:00+00:00,72.83000183105469,72.83999633789062,72.33000183105469,72.7699966430664,12907200
2023-05-03 00:00:00+00:00,73.04000091552734,73.55000305175781,72.94999694824219,72.95999908447266,13977300
2023-05-04 00:00:00+00:00,72.75,73.06999969482422,72.55999755859375,72.80999755859375,17411200
2023-05-05 00:00:00+00:00,73.16999816894531,73.98999786376953,73.12000274658203,73.87999725341797,11096900
2023-05-08 00:00:00+00:00,74.02999877929688,74.05000305175781,73.7699966430664,73.9000015258789,7533200
2023-05-09 00:00:00+00:00,73.29000091552734,73.69999694824219,73.25,73.5999984741211,14835400
2023-05-10 00:00:00+00:00,73.68000030517578,73.69000244140625,72.98999786376953,73.44999694824219,14009800
2023-05-11 00:00:00+00:00,73.02999877929688,73.2699966430664,72.72000122070312,73.2699966430664,14971700
2023-05-12 00:00:00+00:00,73.36000061035156,73.41000366210938,72.87000274658203,73.13999938964844,15823200
2023-05-15 00:00:00+00:00,73.36000061035156,73.70999908447266,73.27999877929688,73.69999694824219,10580600
2023-05-16 00:00:00+00:00,73.31999969482422,73.44000244140625,72.97000122070312,73.0,13335700
2023-05-17 00:00:00+00:00,73.08999633789062,73.38999938964844,72.81999969482422,73.33999633789062,21491300
2023-05-18 00:00:00+00:00,73.16999816894531,73.26000213623047,72.83000183105469,73.2300033569336,10657000
2023-05-19 00:00:00+00:00,73.55000305175781,73.83999633789062,73.47000122070312,73.66000366210938,15971200
2023-05-22 00:00:00+00:00,73.55999755859375,73.81999969482422,73.55000305175781,73.68000030517578,12122700
2023-05-23 00:00:00+00:00,73.04000091552734,73.1500015258789,72.56999969482422,72.5999984741211,19215100
2023-05-24 00:00:00+00:00,71.88999938964844,71.91000366210938,71.5,71.54000091552734,21758100
2023-05-25 00:00:00+00:00,71.51000213623047,71.56999969482422,71.1500015258789,71.44000244140625,17393700
2023-05-26 00:00:00+00:00,71.75,72.19999694824219,71.73999786376953,72.13999938964844,11189800
2023-05-30 00:00:00+00:00,71.91999816894531,71.94000244140625,71.20999908447266,71.41000366210938,13979800
2023-05-31 00:00:00+00:00,70.69000244140625,70.80000305175781,70.12999725341797,70.66999816894531,32754700
2023-06-01 00:00:00+00:00,71.05000305175781,71.77999877929688,71.0,71.72000122070312,29681600
2023-06-02 00:00:00+00:00,72.6500015258789,72.76000213623047,72.47000122070312,72.6500015258789,18693500
2023-06-05 00:00:00+00:00,72.54000091552734,72.61000061035156,72.18000030517578,72.2300033569336,18029700
2023-06-06 00:00:00+00:00,72.37999725341797,72.87000274658203,72.3499984741211,72.83000183105469,17811900
2023-06-07 00:00:00+00:00,71.25,71.5,70.83000183105469,70.88999938964844,29259200
2023-06-08 00:00:00+00:00,71.2300033569336,71.6500015258789,71.11000061035156,71.63999938964844,15781000
2023-06-09 00:00:00+00:00,71.56999969482422,71.68000030517578,71.4000015258789,71.5199966430664,15419000
2023-06-12 00:00:00+00:00,71.76000213623047,71.86000061035156,71.58999633789062,71.83000183105469,15814700
2023-06-13 00:00:00+00:00,72.48999786376953,72.69000244140625,72.37999725341797,72.51000213623047,17620600
2023-06-14 00:00:00+00:00,72.97000122070312,73.18000030517578,72.37999725341797,72.77999877929688,17305800
2023-06-15 00:00:00+00:00,72.7699966430664,73.58999633789062,72.72000122070312,73.55000305175781,14597200
2023-06-16 00:00:00+00:00,73.87999725341797,73.91000366210938,73.36000061035156,73.38999938964844,20036200
2023-06-20 00:00:00+00:00,72.58999633789062,72.72000122070312,72.2699966430664,72.41999816894531,16873000
2023-06-21 00:00:00+00:00,72.30000305175781,72.77999877929688,72.19000244140625,72.52999877929688,11322700
2023-06-22 00:00:00+00:00,72.01000213623047,72.19999694824219,71.94000244140625,72.08000183105469,11313300
2023-06-23 00:00:00+00:00,70.83000183105469,71.1500015258789,70.80999755859375,70.95999908447266,15929700
2023-06-26 00:00:00+00:00,71.05000305175781,71.19000244140625,70.94000244140625,71.05000305175781,12950900
2023-06-27 00:00:00+00:00,71.26000213623047,71.72000122070312,71.05000305175781,71.66999816894531,11034100
2023-06-28 00:00:00+00:00,71.6500015258789,71.86000061035156,71.5199966430664,71.72000122070312,9256500
2023-06-29 00:00:00+00:00,71.38999938964844,71.62000274658203,71.3499984741211,71.62000274658203,6736000
2023-06-30 00:00:00+00:00,72.29000091552734,72.55000305175781,72.20999908447266,72.5,28381100
2023-07-03 00:00:00+00:00,72.47000122070312,72.58000183105469,72.30999755859375,72.41999816894531,13375500
2023-07-05 00:00:00+00:00,71.9000015258789,71.93000030517578,71.54000091552734,71.61000061035156,15971500
2023-07-06 00:00:00+00:00,70.54000091552734,70.55999755859375,69.94000244140625,70.37000274658203,17415300
2023-07-07 00:00:00+00:00,70.44000244140625,71.22000122070312,70.41000366210938,70.9000015258789,16721300
2023-07-10 00:00:00+00:00,70.77999877929688,71.12999725341797,70.75,71.0999984741211,9486000
2023-07-11 00:00:00+00:00,71.41000366210938,71.76000213623047,71.22000122070312,71.73999786376953,12811300
2023-07-12 00:00:00+00:00,72.69000244140625,73.19000244140625,72.56999969482422,73.11000061035156,16111100
2023-07-13 00:00:00+00:00,74.06999969482422,74.37999725341797,74.04000091552734,74.27999877929688,12707500
2023-07-14 00:00:00+00:00,74.2300033569336,74.29000091552734,73.83000183105469,73.86000061035156,12549100
2023-07-17 00:00:00+00:00,73.52999877929688,73.86000061035156,73.41000366210938,73.7699966430664,15876600
2023-07-18 00:00:00+00:00,73.9000015258789,74.33999633789062,73.83000183105469,74.25,11519400
2023-07-19 00:00:00+00:00,74.30000305175781,74.44999694824219,74.0199966430664,74.20999908447266,11138700
2023-07-20 00:00:00+00:00,74.05000305175781,74.25,73.70999908447266,73.83000183105469,14843900
2023-07-21 00:00:00+00:00,74.0,74.05999755859375,73.7699966430664,73.9800033569336,10318400
2023-07-24 00:00:00+00:00,73.66000366210938,73.95999908447266,73.62000274658203,73.80000305175781,9421100
2023-07-25 00:00:00+00:00,73.68000030517578,74.05999755859375,73.66000366210938,73.87999725341797,9151000
2023-07-26 00:00:00+00:00,73.54000091552734,74.31999969482422,73.5,74.08000183105469,12325300
2023-07-27 00:00:00+00:00,74.69000244140625,74.69000244140625,73.8499984741211,73.91000366210938,12775700
2023-07-28 00:00:00+00:00,74.45999908447266,74.73999786376953,74.30000305175781,74.44000244140625,15891100
2023-07-31 00:00:00+00:00,74.51000213623047,74.70999908447266,74.36000061035156,74.45999908447266,13797600
2023-08-01 00:00:00+00:00,73.7300033569336,73.94000244140625,73.37999725341797,73.52999877929688,16707800
2023-08-02 00:00:00+00:00,72.62000274658203,72.7300033569336,72.08000183105469,72.16000366210938,16805400
2023-08-03 00:00:00+00:00,71.58999633789062,72.16000366210938,71.52999877929688,71.95999908447266,12745700
2023-08-04 00:00:00+00:00,72.33000183105469,72.91000366210938,72.0999984741211,72.16000366210938,14079600
2023-08-07 00:00:00+00:00,72.62999725341797,72.79000091552734,72.30000305175781,72.7699966430664,12940600
2023-08-08 00:00:00+00:00,71.97000122070312,72.38999938964844,71.79000091552734,72.33000183105469,14144400
2023-08-09 00:00:00+00:00,72.43000030517578,72.62000274658203,72.19000244140625,72.30999755859375,12188700
2023-08-10 00:00:00+00:00,73.08999633789062,73.51000213623047,72.55000305175781,72.62000274658203,16788900
2023-08-11 00:00:00+00:00,72.11000061035156,72.37000274658203,71.97000122070312,72.12999725341797,14863700
2023-08-14 00:00:00+00:00,71.4000015258789,71.87999725341797,71.20999908447266,71.80999755859375,9959400
2023-08-15 00:00:00+00:00,71.38999938964844,71.41000366210938,70.79000091552734,70.91999816894531,13863600
2023-08-16 00:00:00+00:00,70.69000244140625,70.97000122070312,70.31999969482422,70.33999633789062,10940100
2023-08-17 00:00:00+00:00,70.55999755859375,70.63999938964844,69.75,69.83999633789062,14730500
2023-08-18 00:00:00+00:00,69.31999969482422,69.95999908447266,69.30999755859375,69.83999633789062,13617500
2023-08-21 00:00:00+00:00,70.0199966430664,70.18000030517578,69.70999908447266,70.0999984741211,15838400
2023-08-22 00:00:00+00:00,70.43000030517578,70.44999694824219,69.91000366210938,69.97000122070312,10563000
2023-08-23 00:00:00+00:00,70.25,70.83000183105469,70.23999786376953,70.7300033569336,12670000
2023-08-24 00:00:00+00:00,70.37999725341797,70.5999984741211,69.7300033569336,69.76000213623047,14879000
2023-08-25 00:00:00+00:00,70.19999694824219,70.47000122070312,69.5999984741211,70.2300033569336,11617700
2023-08-28 00:00:00+00:00,70.70999908447266,71.0199966430664,70.69000244140625,70.97000122070312,12320400
2023-08-29 00:00:00+00:00,70.83000183105469,71.9000015258789,70.76000213623047,71.8499984741211,12224400
2023-08-30 00:00:00+00:00,71.91000366210938,72.1500015258789,71.70999908447266,71.80999755859375,12235800
2023-08-31 00:00:00+00:00,71.83999633789062,71.9000015258789,71.30999755859375,71.52999877929688,13375200
2023-09-01 00:00:00+00:00,72.1500015258789,72.18000030517578,71.30000305175781,71.48999786376953,17069800
2023-09-05 00:00:00+00:00,71.30999755859375,71.33000183105469,70.86000061035156,70.87000274658203,12085000
2023-09-06 00:00:00+00:00,70.8499984741211,71.0,70.47000122070312,70.72000122070312,11294600
2023-09-07 00:00:00+00:00,70.5,70.63999938964844,70.27999877929688,70.48999786376953,13543000
2023-09-08 00:00:00+00:00,70.38999938964844,70.62000274658203,70.30000305175781,70.38999938964844,11813900
2023-09-11 00:00:00+00:00,70.9800033569336,71.18000030517578,70.79000091552734,71.12000274658203,11650900
2023-09-12 00:00:00+00:00,70.76000213623047,71.08000183105469,70.72000122070312,70.83000183105469,7947100
2023-09-13 00:00:00+00:00,70.68000030517578,70.87999725341797,70.47000122070312,70.61000061035156,10047900
2023-09-14 00:00:00+00:00,71.1500015258789,71.61000061035156,71.12999725341797,71.54000091552734,13519800
2023-09-15 00:00:00+00:00,71.69000244140625,71.93000030517578,71.3499984741211,71.37999725341797,13678500
2023-09-18 00:00:00+00:00,71.08000183105469,71.20999908447266,70.83000183105469,71.12999725341797,9121300
2023-09-19 00:00:00+00:00,71.25,71.37999725341797,71.01000213623047,71.19000244140625,10339900
2023-09-20 00:00:00+00:00,71.52999877929688,71.87999725341797,70.9800033569336,71.0199966430664,14523400
2023-09-21 00:00:00+00:00,70.3499984741211,70.48999786376953,69.83999633789062,69.83999633789062,17619900
2023-09-22 00:00:00+00:00,70.22000122070312,70.45999908447266,69.83999633789062,69.9000015258789,14714800
2023-09-25 00:00:00+00:00,69.31999969482422,69.62999725341797,69.16000366210938,69.58999633789062,16853100
2023-09-26 00:00:00+00:00,69.04000091552734,69.25,68.62999725341797,68.69000244140625,17756900
2023-09-27 00:00:00+00:00,68.94999694824219,69.0,68.08000183105469,68.55999755859375,16390400
2023-09-28 00:00:00+00:00,68.62000274658203,69.33000183105469,68.52999877929688,69.12000274658203,19507400
2023-09-29 00:00:00+00:00,69.75,69.76000213623047,68.75,68.91999816894531,20292800
2023-10-02 00:00:00+00:00,68.47000122070312,68.52999877929688,67.68000030517578,67.91000366210938,23671400
2023-10-03 00:00:00+00:00,67.30000305175781,67.48999786376953,66.83000183105469,67.05999755859375,19913200
2023-10-04 00:00:00+00:00,67.2300033569336,67.2699966430664,66.62000274658203,67.18000030517578,19586200
2023-10-05 00:00:00+00:00,67.56999969482422,67.87000274658203,67.33999633789062,67.7699966430664,18327200
2023-10-06 00:00:00+00:00,67.63999938964844,68.68000030517578,67.2300033569336,68.5199966430664,17758900
2023-10-09 00:00:00+00:00,67.87999725341797,68.5,67.80999755859375,68.41999816894531,11015700
2023-10-10 00:00:00+00:00,69.19000244140625,69.63999938964844,69.0999984741211,69.36000061035156,23682800
2023-10-11 00:00:00+00:00,69.76000213623047,69.86000061035156,69.26000213623047,69.6500015258789,15393600
2023-10-12 00:00:00+00:00,69.73999786376953,69.76000213623047,68.80999755859375,69.06999969482422,16764600
2023-10-13 00:00:00+00:00,68.87000274658203,69.02999877929688,68.26000213623047,68.43000030517578,19900300
2023-10-16 00:00:00+00:00,68.55000305175781,69.0,68.45999908447266,68.93000030517578,20119600
2023-10-17 00:00:00+00:00,68.36000061035156,69.29000091552734,68.3499984741211,68.97000122070312,12155100
2023-10-18 00:00:00+00:00,68.36000061035156,68.43000030517578,67.69000244140625,67.7699966430664,16945900
2023-10-19 00:00:00+00:00,67.55000305175781,67.91000366210938,67.05000305175781,67.16999816894531,27204100
2023-10-20 00:00:00+00:00,66.93000030517578,67.08999633789062,66.54000091552734,66.56999969482422,28251800
2023-10-23 00:00:00+00:00,66.31999969482422,67.04000091552734,66.06999969482422,66.62000274658203,18574700
2023-10-24 00:00:00+00:00,66.73999786376953,67.05999755859375,66.6500015258789,67.0,22138700
2023-10-25 00:00:00+00:00,66.81999969482422,67.08000183105469,66.44000244140625,66.5199966430664,17400900
2023-10-26 00:00:00+00:00,66.3499984741211,66.48999786376953,65.83000183105469,66.04000091552734,22914700
2023-10-27 00:00:00+00:00,66.5,66.52999877929688,65.68000030517578,65.83999633789062,24116300
2023-10-30 00:00:00+00:00,66.55999755859375,66.70999908447266,66.2699966430664,66.68000030517578,23954500
2023-10-31 00:00:00+00:00,66.76000213623047,66.97000122070312,66.52999877929688,66.91999816894531,18291300
2023-11-01 00:00:00+00:00,67.08000183105469,67.56999969482422,66.88999938964844,67.55000305175781,21115000
2023-11-02 00:00:00+00:00,68.68000030517578,68.94000244140625,68.4800033569336,68.93000030517578,19669400
2023-11-03 00:00:00+00:00,69.51000213623047,70.0,69.41000366210938,69.66000366210938,20752900
2023-11-06 00:00:00+00:00,69.55999755859375,69.62999725341797,69.16999816894531,69.30999755859375,15938000
2023-11-07 00:00:00+00:00,68.7699966430664,69.0199966430664,68.63999938964844,68.88999938964844,15747100
2023-11-08 00:00:00+00:00,68.86000061035156,69.0999984741211,68.5999984741211,68.80000305175781,10916500
2023-11-09 00:00:00+00:00,69.41000366210938,69.58000183105469,68.76000213623047,68.79000091552734,14557600
2023-11-10 00:00:00+00:00,68.73999786376953,69.1500015258789,68.26000213623047,69.0999984741211,12518800
2023-11-13 00:00:00+00:00,68.81999969482422,69.37999725341797,68.70999908447266,69.27999877929688,11354700
2023-11-14 00:00:00+00:00,70.45999908447266,71.13999938964844,70.44999694824219,71.05000305175781,21166800
2023-11-15 00:00:00+00:00,71.08000183105469,71.29000091552734,70.9000015258789,70.94000244140625,12980000
2023-11-16 00:00:00+00:00,70.81999969482422,71.11000061035156,70.63999938964844,70.88999938964844,13769700
2023-11-17 00:00:00+00:00,71.55000305175781,71.86000061035156,71.41000366210938,71.8499984741211,14314300
2023-11-20 00:00:00+00:00,71.73999786376953,72.19999694824219,71.73999786376953,72.12000274658203,10334700
2023-11-21 00:00:00+00:00,72.08000183105469,72.1500015258789,71.75,71.83999633789062,12300200
2023-11-22 00:00:00+00:00,71.94999694824219,72.04000091552734,71.62999725341797,72.01000213623047,12162900
2023-11-24 00:00:00+00:00,72.23999786376953,72.58000183105469,72.2300033569336,72.55999755859375,8083500
2023-11-27 00:00:00+00:00,72.33999633789062,72.43000030517578,72.16000366210938,72.30999755859375,10365000
2023-11-28 00:00:00+00:00,72.11000061035156,72.55000305175781,72.0199966430664,72.33000183105469,11129900
2023-11-29 00:00:00+00:00,72.54000091552734,72.76000213623047,72.30000305175781,72.4800033569336,10462200
2023-11-30 00:00:00+00:00,72.48999786376953,72.61000061035156,72.16999816894531,72.41999816894531,19444200
2023-12-01 00:00:00+00:00,72.37999725341797,73.23999786376953,72.3499984741211,73.18000030517578,21091900
2023-12-04 00:00:00+00:00,72.45999908447266,72.7699966430664,72.33000183105469,72.61000061035156,14778700
2023-12-05 00:00:00+00:00,72.37999725341797,72.81999969482422,72.2300033569336,72.3499984741211,17529500
2023-12-06 00:00:00+00:00,73.06999969482422,73.22000122070312,72.55000305175781,72.56999969482422,16547400
2023-12-07 00:00:00+00:00,72.72000122070312,73.12999725341797,72.43000030517578,72.91999816894531,14513200
2023-12-08 00:00:00+00:00,72.73999786376953,73.25,72.72000122070312,73.13999938964844,13323600
2023-12-11 00:00:00+00:00,73.02999877929688,73.36000061035156,73.0199966430664,73.31999969482422,12372000
2023-12-12 00:00:00+00:00,73.19999694824219,73.44999694824219,72.95999908447266,73.44999694824219,13210000
2023-12-13 00:00:00+00:00,73.51000213623047,74.58999633789062,73.16000366210938,74.5199966430664,16760700
2023-12-14 00:00:00+00:00,74.88999938964844,75.33000183105469,74.72000122070312,75.06999969482422,21959600
2023-12-15 00:00:00+00:00,74.70999908447266,74.8499984741211,74.29000091552734,74.33999633789062,22420700
2023-12-18 00:00:00+00:00,74.6500015258789,74.70999908447266,74.30000305175781,74.5199966430664,14409900
2023-12-19 00:00:00+00:00,74.93000030517578,75.19999694824219,74.93000030517578,75.1500015258789,15551800
2023-12-20 00:00:00+00:00,74.23999786376953,74.41999816894531,73.41999816894531,73.47000122070312,23019200
2023-12-21 00:00:00+00:00,74.26000213623047,74.66000366210938,74.0999984741211,74.66000366210938,15837400
2023-12-22 00:00:00+00:00,74.81999969482422,74.97000122070312,74.52999877929688,74.7300033569336,12184500
2023-12-26 00:00:00+00:00,74.80999755859375,75.19000244140625,74.80999755859375,75.06999969482422,8915400
2023-12-27 00:00:00+00:00,75.12000274658203,75.52999877929688,75.11000061035156,75.47000122070312,13103800
2023-12-28 00:00:00+00:00,75.44999694824219,75.66000366210938,75.26000213623047,75.2699966430664,16832000
2023-12-29 00:00:00+00:00,75.37999725341797,75.58999633789062,75.1500015258789,75.3499984741211,21346400
2024-01-02 00:00:00+00:00,74.54000091552734,74.87000274658203,74.41000366210938,74.51000213623047,18177600
2024-01-03 00:00:00+00:00,73.77999877929688,74.16000366210938,73.58000183105469,73.94999694824219,18637700
2024-01-04 00:00:00+00:00,73.94000244140625,74.48999786376953,73.94000244140625,74.12000274658203,11977100
2024-01-05 00:00:00+00:00,74.02999877929688,74.81999969482422,73.95999908447266,74.16999816894531,20636700
2024-01-08 00:00:00+00:00,74.33000183105469,74.9800033569336,74.2699966430664,74.95999908447266,16250100
2024-01-09 00:00:00+00:00,74.29000091552734,74.47000122070312,74.18000030517578,74.29000091552734,10218300
2024-01-10 00:00:00+00:00,74.61000061035156,74.87999725341797,74.52999877929688,74.7699966430664,12191300
2024-01-11 00:00:00+00:00,74.97000122070312,75.06999969482422,74.0999984741211,74.76000213623047,16434300
2024-01-12 00:00:00+00:00,75.26000213623047,75.5,74.93000030517578,75.06999969482422,11329300
2024-01-16 00:00:00+00:00,74.16000366210938,74.26000213623047,73.66000366210938,73.80999755859375,19802700
2024-01-17 00:00:00+00:00,72.83000183105469,73.13999938964844,72.58000183105469,73.11000061035156,16381400
2024-01-18 00:00:00+00:00,73.41999816894531,73.77999877929688,73.26000213623047,73.76000213623047,16391400
2024-01-19 00:00:00+00:00,73.55999755859375,73.94000244140625,73.30000305175781,73.93000030517578,15792200
2024-01-22 00:00:00+00:00,74.11000061035156,74.37999725341797,74.04000091552734,74.16000366210938,15424800
2024-01-23 00:00:00+00:00,73.77999877929688,74.0,73.62000274658203,73.94999694824219,13575400
2024-01-24 00:00:00+00:00,74.93000030517578,75.0,74.5,74.51000213623047,16314600
2024-01-25 00:00:00+00:00,74.69000244140625,74.7300033569336,74.33000183105469,74.72000122070312,15268800
2024-01-26 00:00:00+00:00,75.11000061035156,75.23999786376953,74.98999786376953,75.05000305175781,16478600
2024-01-29 00:00:00+00:00,75.0199966430664,75.56999969482422,74.93000030517578,75.48999786376953,13341500
2024-01-30 00:00:00+00:00,75.37999725341797,75.4800033569336,75.0999984741211,75.38999938964844,11708400
2024-01-31 00:00:00+00:00,75.7300033569336,75.97000122070312,74.9000015258789,75.01000213623047,23907300
2024-02-01 00:00:00+00:00,75.19000244140625,75.7699966430664,75.02999877929688,75.75,17189400
2024-02-02 00:00:00+00:00,75.12999725341797,75.19999694824219,74.80999755859375,75.1500015258789,15579800
2024-02-05 00:00:00+00:00,74.69999694824219,74.91999816894531,74.33000183105469,74.75,15617900
2024-02-06 00:00:00+00:00,74.72000122070312,75.2300033569336,74.68000030517578,75.20999908447266,13886600
2024-02-07 00:00:00+00:00,75.16999816894531,75.29000091552734,75.0,75.16999816894531,10485100
2024-02-08 00:00:00+00:00,75.05000305175781,75.0999984741211,74.81999969482422,75.04000091552734,9578500
2024-02-09 00:00:00+00:00,75.05000305175781,75.3499984741211,74.87999725341797,75.30000305175781,11001100
2024-02-12 00:00:00+00:00,75.2699966430664,75.66000366210938,75.25,75.43000030517578,6911500
2024-02-13 00:00:00+00:00,74.62000274658203,74.72000122070312,74.0199966430664,74.2699966430664,14942500
2024-02-14 00:00:00+00:00,74.76000213623047,75.12000274658203,74.69999694824219,75.0999984741211,13248000
2024-02-15 00:00:00+00:00,75.45999908447266,75.97000122070312,75.44999694824219,75.94999694824219,14128600
2024-02-16 00:00:00+00:00,75.9800033569336,76.38999938964844,75.80000305175781,76.06999969482422,13381600
2024-02-20 00:00:00+00:00,76.55000305175781,76.62999725341797,76.18000030517578,76.37999725341797,15285800
2024-02-21 00:00:00+00:00,76.22000122070312,76.47000122070312,76.08999633789062,76.44000244140625,11433700
2024-02-22 00:00:00+00:00,77.06999969482422,77.31999969482422,76.93000030517578,77.30000305175781,15476000
2024-02-23 00:00:00+00:00,77.37999725341797,77.52999877929688,77.2699966430664,77.4000015258789,11400000
2024-02-26 00:00:00+00:00,77.45999908447266,77.45999908447266,77.1500015258789,77.29000091552734,15015200
2024-02-27 00:00:00+00:00,77.33999633789062,77.55999755859375,77.29000091552734,77.5,11110900
2024-02-28 00:00:00+00:00,76.9800033569336,77.1500015258789,76.91999816894531,77.05000305175781,12196600
2024-02-29 00:00:00+00:00,77.41999816894531,77.55000305175781,76.86000061035156,77.25,17221700
2024-03-01 00:00:00+00:00,77.56999969482422,78.02999877929688,77.25,78.0,18930500
2024-03-04 00:00:00+00:00,77.76000213623047,77.95999908447266,77.68000030517578,77.80000305175781,13961000
2024-03-05 00:00:00+00:00,77.8499984741211,78.12999725341797,77.44000244140625,77.66000366210938,12874400
2024-03-06 00:00:00+00:00,78.51000213623047,78.80999755859375,78.36000061035156,78.58000183105469,24098100
2024-03-07 00:00:00+00:00,79.16999816894531,79.61000061035156,79.0999984741211,79.51000213623047,18279100
2024-03-08 00:00:00+00:00,79.77999877929688,79.86000061035156,79.12999725341797,79.25,14926900
2024-03-11 00:00:00+00:00,78.72000122070312,78.83000183105469,78.41000366210938,78.80000305175781,10496000
2024-03-12 00:00:00+00:00,78.91000366210938,79.44000244140625,78.61000061035156,79.43000030517578,15296000
2024-03-13 00:00:00+00:00,79.3499984741211,79.62000274658203,79.31999969482422,79.44000244140625,14166600
2024-03-14 00:00:00+00:00,79.41999816894531,79.47000122070312,78.56999969482422,78.86000061035156,25572000
2024-03-15 00:00:00+00:00,79.04000091552734,79.11000061035156,78.62999725341797,78.88999938964844,17529100
2024-03-18 00:00:00+00:00,79.08999633789062,79.12000274658203,78.80999755859375,78.87000274658203,13472200
2024-03-19 00:00:00+00:00,78.81999969482422,79.22000122070312,78.70999908447266,79.01000213623047,13222100
2024-03-20 00:00:00+00:00,78.95999908447266,79.9000015258789,78.9000015258789,79.8499984741211,18834900
2024-03-21 00:00:00+00:00,79.9000015258789,80.02999877929688,79.79000091552734,79.80999755859375,13021000
2024-03-22 00:00:00+00:00,79.77999877929688,79.83000183105469,79.55000305175781,79.63999938964844,12832800
2024-03-25 00:00:00+00:00,79.38999938964844,79.76000213623047,79.38999938964844,79.47000122070312,9418000
2024-03-26 00:00:00+00:00,79.8499984741211,79.87999725341797,79.55999755859375,79.55999755859375,12343100
2024-03-27 00:00:00+00:00,79.73999786376953,80.05999755859375,79.63999938964844,80.04000091552734,12337200
2024-03-28 00:00:00+00:00,79.7300033569336,79.97000122070312,79.72000122070312,79.86000061035156,17180400
2024-04-01 00:00:00+00:00,79.72000122070312,79.87000274658203,79.33000183105469,79.5199966430664,15419500
2024-04-02 00:00:00+00:00,78.88999938964844,78.95999908447266,78.69000244140625,78.95999908447266,17414900
2024-04-03 00:00:00+00:00,78.81999969482422,79.5199966430664,78.80999755859375,79.4000015258789,15898300
2024-04-04 00:00:00+00:00,79.91999816894531,79.94999694824219,78.6500015258789,78.72000122070312,19950400
2024-04-05 00:00:00+00:00,78.61000061035156,79.12999725341797,78.45999908447266,78.97000122070312,21091800
2024-04-08 00:00:00+00:00,79.41999816894531,79.52999877929688,79.22000122070312,79.36000061035156,12350900
2024-04-09 00:00:00+00:00,79.7300033569336,79.80000305175781,79.0,79.3499984741211,12469100
2024-04-10 00:00:00+00:00,78.20999908447266,78.63999938964844,78.0,78.30000305175781,21567300
2024-04-11 00:00:00+00:00,78.56999969482422,78.61000061035156,77.6500015258789,78.51000213623047,11967000
2024-04-12 00:00:00+00:00,77.86000061035156,78.08999633789062,77.13999938964844,77.23999786376953,17934600
2024-04-15 00:00:00+00:00,78.13999938964844,78.23999786376953,76.88999938964844,77.01000213623047,21610100
2024-04-16 00:00:00+00:00,76.38999938964844,76.62000274658203,76.0,76.25,24161800
2024-04-17 00:00:00+00:00,76.68000030517578,76.72000122070312,75.95999908447266,76.30000305175781,15748000
2024-04-18 00:00:00+00:00,76.2699966430664,76.61000061035156,75.97000122070312,76.08999633789062,12884200
2024-04-19 00:00:00+00:00,76.18000030517578,76.41000366210938,75.88999938964844,76.12000274658203,16925000
2024-04-22 00:00:00+00:00,76.54000091552734,77.2699966430664,76.47000122070312,77.01000213623047,17314200
2024-04-23 00:00:00+00:00,77.2699966430664,77.94999694824219,77.20999908447266,77.8499984741211,13466000
2024-04-24 00:00:00+00:00,77.97000122070312,77.97000122070312,77.38999938964844,77.69999694824219,8530000
2024-04-25 00:00:00+00:00,76.61000061035156,77.44999694824219,76.41999816894531,77.33999633789062,11479600
2024-04-26 00:00:00+00:00,77.68000030517578,78.05999755859375,77.6500015258789,77.95999908447266,12676400
2024-04-29 00:00:00+00:00,78.16000366210938,78.4000015258789,78.04000091552734,78.26000213623047,10560000
2024-04-30 00:00:00+00:00,78.0,78.22000122070312,77.20999908447266,77.2699966430664,18994300
2024-05-01 00:00:00+00:00,77.25,78.0199966430664,76.91000366210938,77.0999984741211,17900300
2024-05-02 00:00:00+00:00,77.93000030517578,78.27999877929688,77.5,78.13999938964844,14993300
2024-05-03 00:00:00+00:00,78.9800033569336,79.22000122070312,78.44000244140625,78.91999816894531,15055600
2024-05-06 00:00:00+00:00,79.30999755859375,79.5199966430664,79.25,79.45999908447266,9411400
2024-05-07 00:00:00+00:00,79.72000122070312,79.8499984741211,79.55000305175781,79.66999816894531,9065800
2024-05-08 00:00:00+00:00,79.31999969482422,79.5999984741211,79.30000305175781,79.58000183105469,6667500
2024-05-09 00:00:00+00:00,79.56999969482422,80.19999694824219,79.56999969482422,80.19000244140625,13256000
2024-05-10 00:00:00+00:00,80.45999908447266,80.5199966430664,80.23999786376953,80.33999633789062,8022000
2024-05-13 00:00:00+00:00,80.41000366210938,80.55000305175781,80.2300033569336,80.33999633789062,6990500
2024-05-14 00:00:00+00:00,80.6500015258789,80.94999694824219,80.56999969482422,80.94000244140625,15228300
2024-05-15 00:00:00+00:00,81.31999969482422,81.80000305175781,81.16000366210938,81.80000305175781,10823700
2024-05-16 00:00:00+00:00,81.63999938964844,81.70999908447266,81.33000183105469,81.36000061035156,13042100
2024-05-17 00:00:00+00:00,81.37999725341797,81.68000030517578,81.26000213623047,81.63999938964844,10219600
2024-05-20 00:00:00+00:00,81.72000122070312,81.93000030517578,81.66000366210938,81.69999694824219,5836800
2024-05-21 00:00:00+00:00,81.4000015258789,81.62999725341797,81.36000061035156,81.56999969482422,6222000
2024-05-22 00:00:00+00:00,81.0199966430664,81.0999984741211,80.58000183105469,80.80000305175781,10721200
2024-05-23 00:00:00+00:00,81.5,81.51000213623047,80.23999786376953,80.38999938964844,8805800
2024-05-24 00:00:00+00:00,80.80000305175781,81.16999816894531,80.76000213623047,81.05000305175781,9289500
2024-05-28 00:00:00+00:00,81.3499984741211,81.37000274658203,80.77999877929688,81.0199966430664,13036500
2024-05-29 00:00:00+00:00,79.9800033569336,80.11000061035156,79.70999908447266,79.73999786376953,13662100
2024-05-30 00:00:00+00:00,80.23999786376953,80.61000061035156,80.20999908447266,80.41000366210938,7456100
2024-05-31 00:00:00+00:00,80.95999908447266,81.22000122070312,80.55999755859375,81.18000030517578,19932400
2024-06-03 00:00:00+00:00,81.44000244140625,81.6500015258789,81.08000183105469,81.41000366210938,17127700
2024-06-04 00:00:00+00:00,81.2300033569336,81.44000244140625,80.97000122070312,81.30999755859375,12565500
2024-06-05 00:00:00+00:00,81.70999908447266,81.91000366210938,81.2699966430664,81.87999725341797,8661500
2024-06-06 00:00:00+00:00,81.91000366210938,82.16000366210938,81.86000061035156,82.16000366210938,13195600
2024-06-07 00:00:00+00:00,81.44000244140625,81.70999908447266,81.19000244140625,81.2699966430664,21589700
2024-06-10 00:00:00+00:00,80.72000122070312,81.30000305175781,80.5999984741211,81.20999908447266,8995400
2024-06-11 00:00:00+00:00,78.88999938964844,79.06999969482422,78.47000122070312,78.91000366210938,17004600
2024-06-12 00:00:00+00:00,80.18000030517578,80.38999938964844,79.69999694824219,79.83999633789062,15188900
2024-06-13 00:00:00+00:00,79.18000030517578,79.18000030517578,78.37999725341797,78.69999694824219,12784200
2024-06-14 00:00:00+00:00,77.66000366210938,77.91000366210938,77.36000061035156,77.83000183105469,17500000
2024-06-17 00:00:00+00:00,77.62999725341797,78.16000366210938,77.37000274658203,78.13999938964844,13582700
2024-06-18 00:00:00+00:00,78.13999938964844,78.4800033569336,78.12000274658203,78.44999694824219,16057100
2024-06-20 00:00:00+00:00,78.29000091552734,78.62000274658203,78.20999908447266,78.5,10942900
2024-06-21 00:00:00+00:00,77.88999938964844,78.05000305175781,77.66999816894531,77.94999694824219,14237600
2024-06-24 00:00:00+00:00,78.58999633789062,78.95999908447266,78.5199966430664,78.56999969482422,12193700
2024-06-25 00:00:00+00:00,78.55999755859375,78.87999725341797,78.47000122070312,78.76000213623047,8751700
2024-06-26 00:00:00+00:00,78.05999755859375,78.33999633789062,77.94000244140625,78.18000030517578,10509700
2024-06-27 00:00:00+00:00,78.31999969482422,78.5199966430664,78.08000183105469,78.23999786376953,14156000
2024-06-28 00:00:00+00:00,78.2300033569336,78.56999969482422,78.0,78.33000183105469,17425000
2024-07-01 00:00:00+00:00,78.76000213623047,79.02999877929688,78.2699966430664,78.47000122070312,19845700
2024-07-02 00:00:00+00:00,78.22000122070312,78.69000244140625,78.1500015258789,78.66000366210938,10331700
2024-07-03 00:00:00+00:00,79.25,79.62000274658203,79.25,79.55999755859375,8107900
2024-07-05 00:00:00+00:00,80.22000122070312,80.2300033569336,79.5199966430664,80.08999633789062,8408800
2024-07-08 00:00:00+00:00,80.13999938964844,80.22000122070312,79.6500015258789,79.69000244140625,6031700
2024-07-09 00:00:00+00:00,79.5199966430664,79.58000183105469,79.16999816894531,79.37000274658203,8069800
2024-07-10 00:00:00+00:00,80.01000213623047,80.54000091552734,79.97000122070312,80.48999786376953,8189200
2024-07-11 00:00:00+00:00,81.04000091552734,81.18000030517578,80.66999816894531,80.72000122070312,8930000
2024-07-12 00:00:00+00:00,81.36000061035156,81.87000274658203,81.31999969482422,81.58000183105469,9289700
2024-07-15 00:00:00+00:00,81.38999938964844,81.4000015258789,80.79000091552734,80.86000061035156,7418700
2024-07-16 00:00:00+00:00,80.6500015258789,81.27999877929688,80.55000305175781,81.25,10902900
2024-07-17 00:00:00+00:00,80.8499984741211,81.13999938964844,80.7300033569336,80.81999969482422,11634200
2024-07-18 00:00:00+00:00,80.95999908447266,81.04000091552734,79.83999633789062,80.0199966430664,16481500
2024-07-19 00:00:00+00:00,79.77999877929688,79.81999969482422,79.44999694824219,79.52999877929688,15570300
2024-07-22 00:00:00+00:00,80.23999786376953,80.4000015258789,80.02999877929688,80.37000274658203,13762800
2024-07-23 00:00:00+00:00,79.94999694824219,80.08000183105469,79.86000061035156,79.91999816894531,12043000
2024-07-24 00:00:00+00:00,79.66999816894531,79.77999877929688,78.87000274658203,78.91000366210938,10698000
2024-07-25 00:00:00+00:00,78.23999786376953,79.11000061035156,77.9800033569336,78.41000366210938,17719800
2024-07-26 00:00:00+00:00,79.0199966430664,79.55000305175781,78.94000244140625,79.41000366210938,10574700
2024-07-29 00:00:00+00:00,79.2300033569336,79.26000213623047,78.81999969482422,79.05999755859375,9305600
2024-07-30 00:00:00+00:00,79.37000274658203,79.44999694824219,78.91999816894531,79.23999786376953,8551600
2024-07-31 00:00:00+00:00,80.4000015258789,80.70999908447266,80.12000274658203,80.36000061035156,20969400
2024-08-01 00:00:00+00:00,79.33999633789062,79.54000091552734,77.8499984741211,78.2300033569336,18129800
2024-08-02 00:00:00+00:00,77.16999816894531,77.36000061035156,76.37999725341797,77.0,25136200
2024-08-05 00:00:00+00:00,74.2300033569336,75.83000183105469,73.91000366210938,75.31999969482422,28088800
2024-08-06 00:00:00+00:00,74.70999908447266,75.9000015258789,74.61000061035156,75.44999694824219,22307500
2024-08-07 00:00:00+00:00,76.8499984741211,77.08999633789062,75.7699966430664,75.80999755859375,24592600
2024-08-08 00:00:00+00:00,76.55000305175781,77.16000366210938,76.20999908447266,77.08000183105469,14824700
2024-08-09 00:00:00+00:00,76.87000274658203,77.38999938964844,76.72000122070312,77.37999725341797,11022700
2024-08-12 00:00:00+00:00,77.33000183105469,77.52999877929688,77.05999755859375,77.30999755859375,7988700
2024-08-13 00:00:00+00:00,77.88999938964844,78.69999694824219,77.8499984741211,78.63999938964844,11927500
2024-08-14 00:00:00+00:00,78.79000091552734,79.0,78.63999938964844,78.93000030517578,7127600
2024-08-15 00:00:00+00:00,79.63999938964844,80.05000305175781,79.55999755859375,79.88999938964844,10364200
2024-08-16 00:00:00+00:00,79.9800033569336,80.4000015258789,79.95999908447266,80.33000183105469,10287800
2024-08-19 00:00:00+00:00,80.80999755859375,81.4000015258789,80.80000305175781,81.30999755859375,6741000
2024-08-20 00:00:00+00:00,81.16999816894531,81.36000061035156,80.91000366210938,81.05999755859375,5177900
2024-08-21 00:00:00+00:00,81.58000183105469,81.97000122070312,81.4000015258789,81.80999755859375,10653500
2024-08-22 00:00:00+00:00,82.11000061035156,82.13999938964844,81.27999877929688,81.33000183105469,7290700
2024-08-23 00:00:00+00:00,81.98999786376953,82.87000274658203,81.88999938964844,82.81999969482422,10779000
2024-08-26 00:00:00+00:00,82.55999755859375,82.72000122070312,82.36000061035156,82.44999694824219,6719900
2024-08-27 00:00:00+00:00,82.6500015258789,82.97000122070312,82.54000091552734,82.83000183105469,9597100
2024-08-28 00:00:00+00:00,82.73999786376953,82.91000366210938,82.19999694824219,82.54000091552734,7883900
2024-08-29 00:00:00+00:00,82.93000030517578,83.27999877929688,82.70999908447266,82.8499984741211,9112100
2024-08-30 00:00:00+00:00,83.12000274658203,83.25,82.58999633789062,82.9800033569336,15627600
2024-09-03 00:00:00+00:00,82.55999755859375,82.66000366210938,81.47000122070312,81.66999816894531,9886700
2024-09-04 00:00:00+00:00,81.06999969482422,81.69000244140625,80.9800033569336,81.30999755859375,10324400
2024-09-05 00:00:00+00:00,81.41000366210938,81.55999755859375,80.97000122070312,81.33000183105469,12147400
2024-09-06 00:00:00+00:00,81.12000274658203,81.33000183105469,79.66999816894531,79.80000305175781,12344400
2024-09-09 00:00:00+00:00,80.41000366210938,80.9000015258789,80.4000015258789,80.5999984741211,10635000
2024-09-10 00:00:00+00:00,80.30999755859375,80.31999969482422,79.58000183105469,80.19999694824219,9742900
2024-09-11 00:00:00+00:00,80.2699966430664,80.70999908447266,79.37999725341797,80.68000030517578,12999100
2024-09-12 00:00:00+00:00,80.61000061035156,81.37000274658203,80.38999938964844,81.33999633789062,11685600
2024-09-13 00:00:00+00:00,81.44999694824219,81.83000183105469,81.38999938964844,81.52999877929688,7340500
2024-09-16 00:00:00+00:00,81.87999725341797,82.2300033569336,81.69000244140625,82.19000244140625,9869500
2024-09-17 00:00:00+00:00,82.08999633789062,82.13999938964844,81.45999908447266,81.7300033569336,7307300
2024-09-18 00:00:00+00:00,81.80999755859375,82.45999908447266,81.29000091552734,81.47000122070312,8454200
2024-09-19 00:00:00+00:00,82.95999908447266,83.23999786376953,82.47000122070312,83.08000183105469,9974100
2024-09-20 00:00:00+00:00,82.58999633789062,82.61000061035156,81.97000122070312,82.26000213623047,7892400
2024-09-23 00:00:00+00:00,82.38999938964844,82.66000366210938,82.3499984741211,82.56999969482422,6997700
2024-09-24 00:00:00+00:00,82.81999969482422,83.12000274658203,82.61000061035156,83.05999755859375,6855800
2024-09-25 00:00:00+00:00,83.20999908447266,83.2300033569336,82.58999633789062,82.61000061035156,11869000
2024-09-26 00:00:00+00:00,84.19000244140625,84.52999877929688,83.8499984741211,84.43000030517578,12875000
2024-09-27 00:00:00+00:00,84.2699966430664,84.55999755859375,83.80000305175781,83.91999816894531,10690700
2024-09-30 00:00:00+00:00,83.95999908447266,83.97000122070312,83.18000030517578,83.62999725341797,13424400
2024-10-01 00:00:00+00:00,83.66000366210938,83.69000244140625,82.56999969482422,83.01000213623047,18430900
2024-10-02 00:00:00+00:00,82.86000061035156,83.02999877929688,82.44999694824219,82.83999633789062,8335200
2024-10-03 00:00:00+00:00,82.12000274658203,82.27999877929688,81.7699966430664,82.06999969482422,9890500
2024-10-04 00:00:00+00:00,82.12999725341797,82.56999969482422,82.05000305175781,82.55000305175781,8536100
2024-10-07 00:00:00+00:00,82.30000305175781,82.41000366210938,81.79000091552734,82.08999633789062,7365100
2024-10-08 00:00:00+00:00,81.9000015258789,81.97000122070312,81.69000244140625,81.95999908447266,6339100
2024-10-09 00:00:00+00:00,81.5199966430664,82.05000305175781,81.45999908447266,81.9800033569336,5370800
2024-10-10 00:00:00+00:00,81.7699966430664,81.91000366210938,81.43000030517578,81.87999725341797,5794400
2024-10-11 00:00:00+00:00,81.83999633789062,82.37999725341797,81.83000183105469,82.30000305175781,6914900
2024-10-14 00:00:00+00:00,82.11000061035156,82.58000183105469,82.01000213623047,82.54000091552734,6646200
2024-10-15 00:00:00+00:00,82.23999786376953,82.26000213623047,81.0999984741211,81.16999816894531,17667300
2024-10-16 00:00:00+00:00,81.37999725341797,81.45999908447266,81.22000122070312,81.37999725341797,5931800
2024-10-17 00:00:00+00:00,81.68000030517578,81.70999908447266,81.30999755859375,81.38999938964844,8904600
2024-10-18 00:00:00+00:00,81.80999755859375,81.97000122070312,81.62000274658203,81.94000244140625,5863100
2024-10-21 00:00:00+00:00,81.48999786376953,81.55000305175781,80.83000183105469,80.97000122070312,8009100
2024-10-22 00:00:00+00:00,80.44000244140625,80.62999725341797,80.37000274658203,80.51000213623047,5844200
2024-10-23 00:00:00+00:00,79.79000091552734,79.97000122070312,79.3499984741211,79.69999694824219,7556000
2024-10-24 00:00:00+00:00,80.33000183105469,80.3499984741211,79.80000305175781,80.1500015258789,6522400
2024-10-25 00:00:00+00:00,80.33999633789062,80.45999908447266,79.75,79.87999725341797,9288100
2024-10-28 00:00:00+00:00,80.23999786376953,80.62999725341797,80.18000030517578,80.5199966430664,6985000
2024-10-29 00:00:00+00:00,80.25,80.41999816894531,80.05000305175781,80.2300033569336,8778400
2024-10-30 00:00:00+00:00,79.56999969482422,80.05999755859375,79.51000213623047,79.70999908447266,8828100
2024-10-31 00:00:00+00:00,79.31999969482422,79.31999969482422,78.47000122070312,79.22000122070312,19247600
2024-11-01 00:00:00+00:00,79.6500015258789,79.86000061035156,79.30999755859375,79.37999725341797,9951300
2024-11-04 00:00:00+00:00,79.81999969482422,80.02999877929688,79.38999938964844,79.44000244140625,10280100
2024-11-05 00:00:00+00:00,79.6500015258789,80.30000305175781,79.58999633789062,80.2300033569336,9596400
2024-11-06 00:00:00+00:00,79.05000305175781,79.16000366210938,78.41999816894531,79.06999969482422,11746200
2024-11-07 00:00:00+00:00,79.9800033569336,80.33999633789062,79.83999633789062,80.2699966430664,11634100
2024-11-08 00:00:00+00:00,79.37999725341797,79.37999725341797,78.77999877929688,79.16000366210938,11540300
2024-11-11 00:00:00+00:00,79.41000366210938,79.44999694824219,79.0999984741211,79.18000030517578,5839600
2024-11-12 00:00:00+00:00,78.41999816894531,78.41999816894531,77.31999969482422,77.70999908447266,16613700
2024-11-13 00:00:00+00:00,77.4000015258789,77.45999908447266,76.80000305175781,77.25,14828900
2024-11-14 00:00:00+00:00,77.80999755859375,77.97000122070312,77.33000183105469,77.41000366210938,19039000
2024-11-15 00:00:00+00:00,77.30999755859375,77.33000183105469,76.95999908447266,77.12999725341797,15433500
2024-11-18 00:00:00+00:00,77.06999969482422,77.69000244140625,77.0199966430664,77.55000305175781,7772600
2024-11-19 00:00:00+00:00,76.9000015258789,77.5999984741211,76.79000091552734,77.44999694824219,13402300
2024-11-20 00:00:00+00:00,77.12999725341797,77.23999786376953,76.69999694824219,77.23999786376953,12442000
2024-11-21 00:00:00+00:00,77.12000274658203,77.37999725341797,76.8499984741211,77.26000213623047,9161200
2024-11-22 00:00:00+00:00,77.16999816894531,77.69999694824219,77.16000366210938,77.55999755859375,16809800
2024-11-25 00:00:00+00:00,78.16000366210938,78.2699966430664,77.72000122070312,77.95999908447266,24934100
2024-11-26 00:00:00+00:00,77.83000183105469,77.8499984741211,77.2699966430664,77.51000213623047,9360800
2024-11-27 00:00:00+00:00,77.83999633789062,78.08000183105469,77.69000244140625,77.93000030517578,7477900
2024-11-29 00:00:00+00:00,78.23999786376953,79.01000213623047,78.20999908447266,78.97000122070312,11643900
2024-12-02 00:00:00+00:00,79.08000183105469,79.33000183105469,78.56999969482422,79.19000244140625,15721100
2024-12-03 00:00:00+00:00,79.70999908447266,79.87000274658203,79.4000015258789,79.63999938964844,13289900
2024-12-04 00:00:00+00:00,79.73999786376953,79.87999725341797,79.58000183105469,79.69999694824219,10434400
2024-12-05 00:00:00+00:00,80.0999984741211,80.22000122070312,79.94000244140625,80.08999633789062,11910800
2024-12-06 00:00:00+00:00,80.38999938964844,80.38999938964844,79.9000015258789,80.08000183105469,7072500
2024-12-09 00:00:00+00:00,80.52999877929688,80.62999725341797,80.0,80.02999877929688,7801100
2024-12-10 00:00:00+00:00,79.83000183105469,79.8499984741211,79.29000091552734,79.30999755859375,10662800
2024-12-11 00:00:00+00:00,79.7300033569336,79.87000274658203,79.48999786376953,79.80999755859375,11858900
2024-12-12 00:00:00+00:00,79.38999938964844,79.70999908447266,79.05000305175781,79.11000061035156,8623800
2024-12-13 00:00:00+00:00,79.20999908447266,79.20999908447266,78.68000030517578,78.88999938964844,10116600
2024-12-16 00:00:00+00:00,78.58000183105469,78.9000015258789,78.5,78.62999725341797,25547700
2024-12-17 00:00:00+00:00,77.43000030517578,77.70999908447266,77.37000274658203,77.44999694824219,13934900
2024-12-18 00:00:00+00:00,77.37999725341797,77.54000091552734,75.41000366210938,75.55000305175781,16470400
2024-12-19 00:00:00+00:00,75.80000305175781,75.87000274658203,75.26000213623047,75.30999755859375,17486600
2024-12-20 00:00:00+00:00,74.37999725341797,75.7300033569336,74.37000274658203,75.0999984741211,20878200
2024-12-23 00:00:00+00:00,75.23999786376953,75.63999938964844,74.94000244140625,75.58999633789062,10491200
2024-12-24 00:00:00+00:00,75.62000274658203,75.91999816894531,75.43000030517578,75.86000061035156,5585200
2024-12-26 00:00:00+00:00,75.98999786376953,76.3499984741211,75.93000030517578,76.22000122070312,10784900
2024-12-27 00:00:00+00:00,76.08000183105469,76.27999877929688,75.83000183105469,76.11000061035156,15819700
2024-12-30 00:00:00+00:00,75.63999938964844,75.87999725341797,75.27999877929688,75.61000061035156,16427600
2024-12-31 00:00:00+00:00,75.86000061035156,75.9800033569336,75.44000244140625,75.61000061035156,21393500
2025-01-02 00:00:00+00:00,75.69999694824219,75.87000274658203,75.13999938964844,75.3499984741211,12756600
2025-01-03 00:00:00+00:00,75.52999877929688,75.73999786376953,75.23999786376953,75.68000030517578,12548800
2025-01-06 00:00:00+00:00,76.33000183105469,76.88999938964844,76.25,76.4000015258789,16201800
2025-01-07 00:00:00+00:00,77.05999755859375,77.05999755859375,76.2300033569336,76.33999633789062,9393200
2025-01-08 00:00:00+00:00,75.9000015258789,76.33000183105469,75.68000030517578,76.22000122070312,7894800
2025-01-10 00:00:00+00:00,75.6500015258789,75.66999816894531,74.9000015258789,75.05999755859375,12021900
2025-01-13 00:00:00+00:00,74.25,74.88999938964844,74.23999786376953,74.8499984741211,12019700
2025-01-14 00:00:00+00:00,75.0199966430664,75.26000213623047,74.76000213623047,75.12000274658203,9963200
2025-01-15 00:00:00+00:00,76.19999694824219,76.26000213623047,75.76000213623047,76.08000183105469,12144700
2025-01-16 00:00:00+00:00,76.25,76.69000244140625,76.08999633789062,76.47000122070312,17925700
2025-01-17 00:00:00+00:00,76.86000061035156,77.19000244140625,76.68000030517578,76.77999877929688,10667100
2025-01-21 00:00:00+00:00,77.80000305175781,78.3499984741211,77.68000030517578,78.33000183105469,13169100
2025-01-22 00:00:00+00:00,78.48999786376953,78.5,78.12000274658203,78.1500015258789,8666700
2025-01-23 00:00:00+00:00,78.33999633789062,78.79000091552734,78.19000244140625,78.79000091552734,10977200
2025-01-24 00:00:00+00:00,79.1500015258789,79.45999908447266,79.08000183105469,79.2300033569336,7578400
2025-01-27 00:00:00+00:00,78.83999633789062,79.2699966430664,78.81999969482422,79.2300033569336,13559100
2025-01-28 00:00:00+00:00,79.11000061035156,79.18000030517578,78.66000366210938,79.12999725341797,9458300
2025-01-29 00:00:00+00:00,79.13999938964844,79.36000061035156,78.8499984741211,79.12000274658203,7875400
2025-01-30 00:00:00+00:00,79.87999725341797,80.31999969482422,79.63999938964844,79.98999786376953,13792100
2025-01-31 00:00:00+00:00,79.86000061035156,80.16999816894531,79.16999816894531,79.23999786376953,14935000
2025-02-03 00:00:00+00:00,77.91000366210938,78.80000305175781,77.6500015258789,78.30999755859375,14997600
2025-02-04 00:00:00+00:00,78.79000091552734,79.30000305175781,78.70999908447266,79.22000122070312,10608300
2025-02-05 00:00:00+00:00,79.70999908447266,80.08000183105469,79.55000305175781,79.98999786376953,7857000
2025-02-06 00:00:00+00:00,80.25,80.54000091552734,80.19000244140625,80.37000274658203,7806500
2025-02-07 00:00:00+00:00,80.41999816894531,80.4800033569336,79.4800033569336,79.61000061035156,13110800
2025-02-10 00:00:00+00:00,79.9800033569336,80.18000030517578,79.91999816894531,80.1500015258789,7287300
2025-02-11 00:00:00+00:00,80.05999755859375,80.61000061035156,80.02999877929688,80.52999877929688,7583700
2025-02-12 00:00:00+00:00,80.01000213623047,80.98999786376953,79.88999938964844,80.83000183105469,17271400
2025-02-13 00:00:00+00:00,81.19999694824219,81.8499984741211,81.12000274658203,81.80999755859375,17212300
2025-02-14 00:00:00+00:00,82.2699966430664,82.3499984741211,81.91000366210938,81.93000030517578,8051800
2025-02-18 00:00:00+00:00,82.47000122070312,82.62999725341797,82.31999969482422,82.5199966430664,9485900
2025-02-19 00:00:00+00:00,81.6500015258789,81.80000305175781,81.37999725341797,81.66999816894531,11042200
2025-02-20 00:00:00+00:00,81.91000366210938,82.0999984741211,81.58000183105469,82.05000305175781,9177400
2025-02-21 00:00:00+00:00,82.12000274658203,82.13999938964844,81.37999725341797,81.54000091552734,11630000
2025-02-24 00:00:00+00:00,81.87000274658203,81.98999786376953,81.33999633789062,81.48999786376953,11135700
2025-02-25 00:00:00+00:00,82.51000213623047,82.51000213623047,81.87999725341797,82.2300033569336,10091400
2025-02-26 00:00:00+00:00,82.47000122070312,82.98999786376953,82.16999816894531,82.33999633789062,11254600
2025-02-27 00:00:00+00:00,82.11000061035156,82.11000061035156,81.36000061035156,81.41000366210938,19003200
2025-02-28 00:00:00+00:00,81.33000183105469,81.6500015258789,80.80999755859375,81.58000183105469,20717700
2025-03-03 00:00:00+00:00,83.16999816894531,83.38999938964844,82.02999877929688,82.4800033569336,16234700
2025-03-04 00:00:00+00:00,81.88999938964844,83.33000183105469,81.20999908447266,82.45999908447266,18408500
2025-03-05 00:00:00+00:00,83.58000183105469,84.56999969482422,83.58000183105469,84.43000030517578,17092500
2025-03-06 00:00:00+00:00,83.80999755859375,84.48999786376953,83.5,83.55999755859375,18421000
2025-03-07 00:00:00+00:00,83.70999908447266,84.54000091552734,83.54000091552734,84.43000030517578,13184300
2025-03-10 00:00:00+00:00,83.04000091552734,83.33999633789062,81.87999725341797,82.44000244140625,19368400
2025-03-11 00:00:00+00:00,82.52999877929688,82.6500015258789,81.61000061035156,82.16000366210938,18088800
2025-03-12 00:00:00+00:00,82.70999908447266,82.93000030517578,82.18000030517578,82.75,15886300
2025-03-13 00:00:00+00:00,82.2699966430664,82.5,81.94000244140625,82.19999694824219,18561400
2025-03-14 00:00:00+00:00,83.0,83.7300033569336,82.8499984741211,83.70999908447266,13971300
2025-03-17 00:00:00+00:00,83.93000030517578,84.77999877929688,83.87000274658203,84.6500015258789,12966800
2025-03-18 00:00:00+00:00,84.58000183105469,84.7699966430664,84.1500015258789,84.63999938964844,10513400
2025-03-19 00:00:00+00:00,84.33999633789062,85.19000244140625,84.27999877929688,84.88999938964844,16362400
2025-03-20 00:00:00+00:00,83.66999816894531,84.25,83.6500015258789,84.18000030517578,11820500
2025-03-21 00:00:00+00:00,83.55000305175781,83.81999969482422,83.37000274658203,83.66000366210938,18771200
2025-03-24 00:00:00+00:00,83.58999633789062,83.83000183105469,83.3499984741211,83.6500015258789,12201700
2025-03-25 00:00:00+00:00,84.22000122070312,84.31999969482422,83.91000366210938,84.11000061035156,10478200
2025-03-26 00:00:00+00:00,83.55000305175781,83.77999877929688,82.87999725341797,83.0199966430664,17010400
2025-03-27 00:00:00+00:00,82.88999938964844,83.38999938964844,82.8499984741211,83.19999694824219,10331900
2025-03-28 00:00:00+00:00,82.79000091552734,82.88999938964844,82.29000091552734,82.45999908447266,14242300
2025-03-31 00:00:00+00:00,81.2699966430664,81.87999725341797,80.91999816894531,81.7300033569336,25560500
2025-04-01 00:00:00+00:00,81.77999877929688,82.11000061035156,81.3499984741211,81.8499984741211,15154000
2025-04-02 00:00:00+00:00,81.25,82.12999725341797,81.19000244140625,82.04000091552734,14451600
2025-04-03 00:00:00+00:00,81.23999786376953,81.44000244140625,80.22000122070312,80.31999969482422,18718400
2025-04-04 00:00:00+00:00,77.25,77.5199966430664,74.97000122070312,75.0199966430664,40904300
2025-04-07 00:00:00+00:00,72.69000244140625,76.25,72.1500015258789,73.20999908447266,63057500
2025-04-08 00:00:00+00:00,75.83000183105469,75.91999816894531,72.22000122070312,72.95999908447266,36425000
2025-04-09 00:00:00+00:00,73.16000366210938,78.86000061035156,72.76000213623047,78.58999633789062,60645100
2025-04-10 00:00:00+00:00,77.19999694824219,77.48999786376953,75.29000091552734,77.04000091552734,36697600
2025-04-11 00:00:00+00:00,77.33999633789062,79.1500015258789,77.22000122070312,78.97000122070312,28909900
2025-04-14 00:00:00+00:00,79.44999694824219,80.23999786376953,79.16999816894531,79.81999969482422,15749900
2025-04-15 00:00:00+00:00,80.44999694824219,80.91000366210938,80.36000061035156,80.54000091552734,13679800
2025-04-16 00:00:00+00:00,80.55000305175781,81.05999755859375,79.94000244140625,80.2300033569336,16542600
2025-04-17 00:00:00+00:00,80.95999908447266,81.58999633789062,80.80999755859375,81.0999984741211,14072500
2025-04-21 00:00:00+00:00,81.47000122070312,81.55999755859375,80.08999633789062,80.66000366210938,15883900
2025-04-22 00:00:00+00:00,81.7699966430664,82.69999694824219,81.75,82.33000183105469,14923200
2025-04-23 00:00:00+00:00,83.12000274658203,83.62999725341797,82.43000030517578,82.66000366210938,15223500
2025-04-24 00:00:00+00:00,83.02999877929688,83.79000091552734,82.88999938964844,83.76000213623047,11194200
2025-04-25 00:00:00+00:00,83.5999984741211,84.1500015258789,83.4800033569336,84.12000274658203,10485300
2025-04-28 00:00:00+00:00,84.2300033569336,84.7699966430664,84.1500015258789,84.68000030517578,10085400
2025-04-29 00:00:00+00:00,84.58999633789062,85.02999877929688,84.55999755859375,84.8499984741211,8303800
2025-04-30 00:00:00+00:00,84.27999877929688,85.01000213623047,83.86000061035156,84.75,24147900
2025-05-01 00:00:00+00:00,84.9800033569336,84.98999786376953,84.37000274658203,84.4800033569336,10070900
2025-05-02 00:00:00+00:00,85.95999908447266,86.30000305175781,85.80999755859375,86.0999984741211,14798400
2025-05-05 00:00:00+00:00,86.37000274658203,86.4800033569336,86.2300033569336,86.25,8119800
2025-05-06 00:00:00+00:00,86.20999908447266,86.44000244140625,86.05000305175781,86.13999938964844,8661700
2025-05-07 00:00:00+00:00,85.93000030517578,86.19000244140625,85.58999633789062,85.8499984741211,8536600
2025-05-08 00:00:00+00:00,86.08999633789062,86.08999633789062,85.5,85.55000305175781,12228300
2025-05-09 00:00:00+00:00,86.20999908447266,86.20999908447266,85.73999786376953,85.97000122070312,9149000
2025-05-12 00:00:00+00:00,86.08999633789062,86.41999816894531,85.6500015258789,86.41000366210938,12602500
2025-05-13 00:00:00+00:00,86.30000305175781,86.7300033569336,86.19999694824219,86.5199966430664,13242900
2025-05-14 00:00:00+00:00,86.80999755859375,86.83000183105469,86.04000091552734,86.0999984741211,10173300
2025-05-15 00:00:00+00:00,86.72000122070312,87.0999984741211,86.5,87.04000091552734,11283200
2025-05-16 00:00:00+00:00,86.94000244140625,87.27999877929688,86.7699966430664,87.23999786376953,8372100
2025-05-19 00:00:00+00:00,87.23999786376953,88.08000183105469,87.22000122070312,88.06999969482422,9062900
2025-05-20 00:00:00+00:00,88.26000213623047,88.52999877929688,88.20999908447266,88.48999786376953,23335500
2025-05-21 00:00:00+00:00,88.5999984741211,88.88999938964844,87.93000030517578,87.97000122070312,15278800
2025-05-22 00:00:00+00:00,87.62999725341797,88.1500015258789,87.48999786376953,87.91999816894531,12787300
2025-05-23 00:00:00+00:00,87.19999694824219,88.19999694824219,87.1500015258789,88.04000091552734,16959600
2025-05-27 00:00:00+00:00,89.30000305175781,89.45999908447266,89.12000274658203,89.31999969482422,12435700
2025-05-28 00:00:00+00:00,88.44999694824219,88.55000305175781,88.12000274658203,88.29000091552734,16812400
2025-05-29 00:00:00+00:00,88.73999786376953,88.75,88.25,88.68000030517578,11454200
2025-05-30 00:00:00+00:00,88.75,88.9000015258789,88.16999816894531,88.80999755859375,18590200
2025-06-02 00:00:00+00:00,88.97000122070312,89.79000091552734,88.66999816894531,89.76000213623047,25710500
2025-06-03 00:00:00+00:00,88.86000061035156,89.16999816894531,88.62999725341797,89.08000183105469,11787400
2025-06-04 00:00:00+00:00,89.29000091552734,89.75,89.2300033569336,89.4800033569336,11593300
2025-06-05 00:00:00+00:00,89.76000213623047,89.86000061035156,89.2300033569336,89.41999816894531,14543100
2025-06-06 00:00:00+00:00,89.62000274658203,89.8499984741211,89.5,89.73999786376953,10301000
2025-06-09 00:00:00+00:00,89.62000274658203,90.0,89.55999755859375,89.7300033569336,9641600
2025-06-10 00:00:00+00:00,90.05000305175781,90.08999633789062,89.6500015258789,89.8499984741211,10254100
2025-06-11 00:00:00+00:00,90.01000213623047,90.16000366210938,89.63999938964844,89.69999694824219,12329600
2025-06-12 00:00:00+00:00,90.19999694824219,90.51000213623047,90.1500015258789,90.38999938964844,13288000
2025-06-13 00:00:00+00:00,89.22000122070312,89.72000122070312,89.0199966430664,89.2300033569336,22177100
2025-06-16 00:00:00+00:00,88.41000366210938,88.86000061035156,88.04000091552734,88.04000091552734,17843400
2025-06-17 00:00:00+00:00,87.66999816894531,87.75,86.86000061035156,86.95999908447266,16726300
2025-06-18 00:00:00+00:00,87.20999908447266,87.58999633789062,86.9000015258789,87.11000061035156,18504400
2025-06-20 00:00:00+00:00,87.04000091552734,87.05000305175781,86.30999755859375,86.33000183105469,16900600
2025-06-23 00:00:00+00:00,85.73999786376953,87.01000213623047,85.68000030517578,86.9800033569336,23100600
2025-06-24 00:00:00+00:00,87.66000366210938,88.16999816894531,87.55999755859375,88.04000091552734,14900600
2025-06-25 00:00:00+00:00,87.56999969482422,87.68000030517578,87.36000061035156,87.55999755859375,14422100
2025-06-26 00:00:00+00:00,88.23999786376953,88.61000061035156,88.12999725341797,88.54000091552734,15791500
2025-06-27 00:00:00+00:00,89.18000030517578,89.62000274658203,88.95999908447266,89.33999633789062,15987700
2025-06-30 00:00:00+00:00,89.12000274658203,89.48999786376953,88.94999694824219,89.38999938964844,28062100
2025-07-01 00:00:00+00:00,89.11000061035156,89.38999938964844,89.02999877929688,89.23999786376953,11406100
2025-07-02 00:00:00+00:00,88.97000122070312,89.55999755859375,88.83999633789062,89.5,13133600
2025-07-03 00:00:00+00:00,89.44000244140625,89.68000030517578,89.38999938964844,89.5199966430664,5311100
2025-07-07 00:00:00+00:00,88.94000244140625,89.0999984741211,88.30000305175781,88.55000305175781,12925000
2025-07-08 00:00:00+00:00,88.69999694824219,89.29000091552734,88.5999984741211,89.19999694824219,9061400
2025-07-09 00:00:00+00:00,89.58999633789062,89.9000015258789,89.37999725341797,89.87000274658203,8699900
2025-07-10 00:00:00+00:00,89.62999725341797,89.87999725341797,89.43000030517578,89.80999755859375,8554400
2025-07-11 00:00:00+00:00,89.0999984741211,89.12999725341797,88.80999755859375,88.94999694824219,8468000
2025-07-14 00:00:00+00:00,88.6500015258789,89.0199966430664,88.56999969482422,88.94999694824219,7969900
2025-07-15 00:00:00+00:00,88.95999908447266,88.97000122070312,87.95999908447266,88.0199966430664,10572000
2025-07-16 00:00:00+00:00,87.9800033569336,88.44000244140625,87.72000122070312,88.37999725341797,16776500
2025-07-17 00:00:00+00:00,88.1500015258789,88.62000274658203,88.08999633789062,88.61000061035156,9542000
2025-07-18 00:00:00+00:00,89.0199966430664,89.02999877929688,88.27999877929688,88.36000061035156,11044700
2025-07-21 00:00:00+00:00,88.77999877929688,89.27999877929688,88.61000061035156,88.83000183105469,9324000
2025-07-22 00:00:00+00:00,88.93000030517578,89.38999938964844,88.70999908447266,89.31999969482422,12134300
2025-07-23 00:00:00+00:00,90.54000091552734,91.56999969482422,90.48999786376953,91.54000091552734,18088200
2025-07-24 00:00:00+00:00,91.06999969482422,91.2699966430664,90.86000061035156,90.86000061035156,12025500
2025-07-25 00:00:00+00:00,90.19000244140625,90.76000213623047,90.08999633789062,90.75,9583200
2025-07-28 00:00:00+00:00,89.80999755859375,89.86000061035156,89.0999984741211,89.29000091552734,13654000
2025-07-29 00:00:00+00:00,89.30000305175781,89.30000305175781,88.93000030517578,89.11000061035156,11888600
2025-07-30 00:00:00+00:00,88.83000183105469,89.08000183105469,88.13999938964844,88.47000122070312,14623000
2025-07-31 00:00:00+00:00,88.0999984741211,88.13999938964844,87.3499984741211,87.5199966430664,29271500
2025-08-01 00:00:00+00:00,87.27999877929688,87.43000030517578,86.73999786376953,87.29000091552734,18658100
2025-08-04 00:00:00+00:00,88.2300033569336,88.47000122070312,88.11000061035156,88.44999694824219,14718100
2025-08-05 00:00:00+00:00,88.5999984741211,88.63999938964844,88.16999816894531,88.44000244140625,11634100
2025-08-06 00:00:00+00:00,88.83999633789062,89.16999816894531,88.7699966430664,89.0199966430664,11499900
2025-08-07 00:00:00+00:00,90.0199966430664,90.08999633789062,89.44000244140625,89.81999969482422,11525600
2025-08-08 00:00:00+00:00,90.1500015258789,90.52999877929688,90.08000183105469,90.37000274658203,10367200
2025-08-11 00:00:00+00:00,90.12000274658203,90.19999694824219,89.87999725341797,89.98999786376953,8516600
2025-08-12 00:00:00+00:00,90.38999938964844,91.1500015258789,90.27999877929688,91.08999633789062,12302700
2025-08-13 00:00:00+00:00,91.38999938964844,91.66000366210938,91.37000274658203,91.63999938964844,9490500
2025-08-14 00:00:00+00:00,91.2300033569336,91.68000030517578,91.19999694824219,91.6500015258789,11790600
2025-08-15 00:00:00+00:00,92.22000122070312,92.27999877929688,92.04000091552734,92.19000244140625,11864300
2025-08-18 00:00:00+00:00,91.94999694824219,92.13999938964844,91.80000305175781,92.08999633789062,11577800
2025-08-19 00:00:00+00:00,92.33000183105469,92.48999786376953,92.0199966430664,92.0999984741211,10721600
2025-08-20 00:00:00+00:00,92.2699966430664,92.45999908447266,92.11000061035156,92.43000030517578,15871100
2025-08-21 00:00:00+00:00,91.91999816894531,92.06999969482422,91.69000244140625,91.8499984741211,11258900
2025-08-22 00:00:00+00:00,92.20999908447266,93.37999725341797,92.18000030517578,93.2300033569336,15827500
2025-08-25 00:00:00+00:00,92.79000091552734,92.94999694824219,91.9800033569336,92.0,11700800
2025-08-26 00:00:00+00:00,91.73999786376953,91.94999694824219,91.66999816894531,91.9000015258789,11788900
2025-08-27 00:00:00+00:00,91.22000122070312,91.72000122070312,91.04000091552734,91.68000030517578,13054200
2025-08-28 00:00:00+00:00,92.0,92.13999938964844,91.83000183105469,92.0199966430664,11136400
2025-08-29 00:00:00+00:00,91.52999877929688,91.6500015258789,91.33000183105469,91.4800033569336,18544500
2025-09-02 00:00:00+00:00,90.0999984741211,90.73999786376953,90.04000091552734,90.58000183105469,15496100
2025-09-03 00:00:00+00:00,90.44999694824219,90.80000305175781,90.37000274658203,90.72000122070312,14418600
2025-09-04 00:00:00+00:00,91.0,91.4000015258789,90.94000244140625,91.37999725341797,10348000
2025-09-05 00:00:00+00:00,92.12000274658203,92.38999938964844,91.5,91.79000091552734,15510600
2025-09-08 00:00:00+00:00,92.45999908447266,92.73999786376953,92.23999786376953,92.70999908447266,12010700
2025-09-09 00:00:00+00:00,92.33000183105469,92.5,92.1500015258789,92.4000015258789,10893200
2025-09-10 00:00:00+00:00,92.6500015258789,92.7699966430664,92.2699966430664,92.37999725341797,11838300
2025-09-11 00:00:00+00:00,92.77999877929688,93.38999938964844,92.75,93.36000061035156,11013000
2025-09-12 00:00:00+00:00,92.98999786376953,93.12999725341797,92.7699966430664,92.98999786376953,10010500
2025-09-15 00:00:00+00:00,93.44999694824219,93.68000030517578,93.31999969482422,93.61000061035156,18108000
2025-09-16 00:00:00+00:00,93.5199966430664,93.54000091552734,93.08000183105469,93.3499984741211,25226900
2025-09-17 00:00:00+00:00,93.23999786376953,93.7699966430664,92.61000061035156,93.0,17013600
2025-09-18 00:00:00+00:00,93.0999984741211,93.4800033569336,92.81999969482422,93.36000061035156,15791600
2025-09-19 00:00:00+00:00,93.04000091552734,93.1500015258789,92.76000213623047,93.0,21889300
2025-09-22 00:00:00+00:00,92.95999908447266,93.33999633789062,92.7300033569336,93.30000305175781,13692200
2025-09-23 00:00:00+00:00,93.51000213623047,93.66999816894531,93.0199966430664,93.12000274658203,14688400
2025-09-24 00:00:00+00:00,92.69000244140625,92.91999816894531,92.45999908447266,92.58000183105469,14910700
2025-09-25 00:00:00+00:00,91.94999694824219,92.0199966430664,91.52999877929688,91.91999816894531,22434600
2025-09-26 00:00:00+00:00,92.30999755859375,92.63999938964844,92.2300033569336,92.62999725341797,18138000
2025-09-29 00:00:00+00:00,92.91999816894531,93.05999755859375,92.7699966430664,92.98999786376953,13807100
2025-09-30 00:00:00+00:00,92.88999938964844,93.45999908447266,92.86000061035156,93.37000274658203,24295000
2025-10-01 00:00:00+00:00,93.87999725341797,94.2699966430664,93.86000061035156,94.13999938964844,17167900
2025-10-02 00:00:00+00:00,94.54000091552734,94.5999984741211,93.87000274658203,94.29000091552734,15300500
2025-10-03 00:00:00+00:00,94.97000122070312,95.2699966430664,94.8499984741211,95.08000183105469,13985500
2025-10-06 00:00:00+00:00,95.25,95.52999877929688,95.1500015258789,95.30000305175781,12812500
2025-10-07 00:00:00+00:00,94.95999908447266,95.01000213623047,94.43000030517578,94.47000122070312,9075000
2025-10-08 00:00:00+00:00,94.79000091552734,94.93000030517578,94.55000305175781,94.75,11159400
2025-10-09 00:00:00+00:00,94.79000091552734,94.79000091552734,93.73999786376953,93.97000122070312,10567900
2025-10-10 00:00:00+00:00,93.69000244140625,93.7699966430664,92.12000274658203,92.23999786376953,26137200
2025-10-13 00:00:00+00:00,92.6500015258789,93.08000183105469,92.52999877929688,92.9800033569336,11132900
2025-10-14 00:00:00+00:00,92.44999694824219,93.68000030517578,92.33999633789062,93.4000015258789,15119000
2025-10-15 00:00:00+00:00,93.86000061035156,94.12999725341797,93.31999969482422,93.8499984741211,15005400
2025-10-16 00:00:00+00:00,94.41999816894531,94.73999786376953,94.0,94.33999633789062,24970300
2025-10-17 00:00:00+00:00,94.04000091552734,94.56999969482422,93.91999816894531,94.51000213623047,16789400
2025-10-20 00:00:00+00:00,94.94999694824219,95.37999725341797,94.93000030517578,95.29000091552734,12951100
2025-10-21 00:00:00+00:00,94.86000061035156,95.0,94.55000305175781,94.58999633789062,16644300
2025-10-22 00:00:00+00:00,94.5999984741211,94.76000213623047,94.05000305175781,94.44999694824219,15028600
2025-10-23 00:00:00+00:00,94.62000274658203,95.0,94.62000274658203,94.88999938964844,10584400
2025-10-24 00:00:00+00:00,95.08000183105469,95.20999908447266,94.94000244140625,95.04000091552734,8967800
2025-10-27 00:00:00+00:00,95.55999755859375,95.7300033569336,95.4800033569336,95.69999694824219,10612600
2025-10-28 00:00:00+00:00,95.62999725341797,95.94999694824219,95.47000122070312,95.66000366210938,9187600
2025-10-29 00:00:00+00:00,95.66000366210938,95.75,94.6500015258789,95.12000274658203,17914300
2025-10-30 00:00:00+00:00,94.56999969482422,95.08000183105469,94.5,94.69999694824219,13967800
2025-10-31 00:00:00+00:00,94.58999633789062,94.61000061035156,94.12999725341797,94.48999786376953,19459200
2025-11-03 00:00:00+00:00,94.55999755859375,94.63999938964844,94.26000213623047,94.52999877929688,10681400
2025-11-04 00:00:00+00:00,93.52999877929688,94.02999877929688,93.44999694824219,93.55999755859375,10349000
2025-11-05 00:00:00+00:00,93.68000030517578,94.31999969482422,93.66999816894531,94.16000366210938,12451300
2025-11-06 00:00:00+00:00,94.2699966430664,94.36000061035156,93.70999908447266,93.94999694824219,16176000
2025-11-07 00:00:00+00:00,93.56999969482422,94.31999969482422,93.33999633789062,94.30000305175781,13976900
2025-11-10 00:00:00+00:00,94.86000061035156,95.3499984741211,94.58999633789062,95.29000091552734,15682400
2025-11-11 00:00:00+00:00,95.66999816894531,96.13999938964844,95.66999816894531,95.98999786376953,12959400
2025-11-12 00:00:00+00:00,96.30999755859375,96.69000244140625,96.30999755859375,96.55999755859375,9532200
2025-11-13 00:00:00+00:00,96.3499984741211,96.45999908447266,95.43000030517578,95.52999877929688,15864800
2025-11-14 00:00:00+00:00,94.87999725341797,95.52999877929688,94.77999877929688,95.26000213623047,17396400
2025-11-17 00:00:00+00:00,94.5999984741211,94.87999725341797,93.68000030517578,94.0199966430664,18850900
2025-11-18 00:00:00+00:00,92.80999755859375,93.1500015258789,92.30000305175781,92.80000305175781,22482300
2025-11-19 00:00:00+00:00,92.70999908447266,93.06999969482422,92.13999938964844,92.5199966430664,15425200
2025-11-20 00:00:00+00:00,93.12999725341797,93.25,91.20999908447266,91.23999786376953,26720600
2025-11-21 00:00:00+00:00,92.0999984741211,92.9000015258789,91.76000213623047,92.6500015258789,27211400
2025-11-24 00:00:00+00:00,92.44999694824219,92.87999725341797,92.33999633789062,92.7300033569336,18550900
2025-11-25 00:00:00+00:00,93.12999725341797,93.87999725341797,92.88999938964844,93.83999633789062,19903700
2025-11-26 00:00:00+00:00,94.26000213623047,95.01000213623047,94.2300033569336,94.87000274658203,13481200
2025-11-28 00:00:00+00:00,94.83999633789062,95.22000122070312,94.73999786376953,95.19000244140625,8136000
2025-12-01 00:00:00+00:00,94.91999816894531,95.1500015258789,94.69000244140625,94.72000122070312,21791500
2025-12-02 00:00:00+00:00,95.08000183105469,95.12999725341797,94.75,95.04000091552734,14267600
2025-12-03 00:00:00+00:00,95.12000274658203,95.58999633789062,95.0999984741211,95.55000305175781,14439800
2025-12-04 00:00:00+00:00,96.08000183105469,96.18000030517578,95.6500015258789,95.80999755859375,13862900
2025-12-05 00:00:00+00:00,96.0999984741211,96.2300033569336,95.63999938964844,95.80999755859375,15829800
2025-12-08 00:00:00+00:00,95.81999969482422,95.81999969482422,95.36000061035156,95.51000213623047,13589200
2025-12-09 00:00:00+00:00,95.5999984741211,95.83000183105469,95.36000061035156,95.37999725341797,15966700
2025-12-10 00:00:00+00:00,95.55999755859375,96.5999984741211,95.5,96.44000244140625,21171700
2025-12-11 00:00:00+00:00,96.72000122070312,97.1500015258789,96.62999725341797,97.01000213623047,19221400
2025-12-12 00:00:00+00:00,97.05999755859375,97.18000030517578,96.1500015258789,96.5,20514900
2025-12-15 00:00:00+00:00,97.30999755859375,97.41999816894531,96.87000274658203,97.08999633789062,22751500
2025-12-16 00:00:00+00:00,95.13999938964844,95.2300033569336,94.5999984741211,94.91999816894531,29380500
2025-12-17 00:00:00+00:00,94.7300033569336,94.94999694824219,94.12999725341797,94.1500015258789,34926000
2025-12-18 00:00:00+00:00,94.94999694824219,95.30999755859375,94.58000183105469,94.81999969482422,29971400
2025-12-19 00:00:00+00:00,95.26000213623047,95.7300033569336,95.20999908447266,95.45999908447266,31094700
2025-12-22 00:00:00+00:00,95.47000122070312,95.76000213623047,95.4000015258789,95.69999694824219,15861200
2025-12-23 00:00:00+00:00,96.27999877929688,96.44000244140625,96.16999816894531,96.29000091552734,16485700
2025-12-24 00:00:00+00:00,96.33000183105469,96.45999908447266,96.19000244140625,96.41000366210938,5609700
2025-12-26 00:00:00+00:00,96.52999877929688,96.5999984741211,96.33999633789062,96.56999969482422,9304200
2025-12-29 00:00:00+00:00,96.26000213623047,96.47000122070312,96.05999755859375,96.27999877929688,16705400
2025-12-30 00:00:00+00:00,96.62999725341797,96.80000305175781,96.41999816894531,96.44000244140625,15877000
2025-12-31 00:00:00+00:00,96.33000183105469,96.38999938964844,95.91999816894531,96.02999877929688,27618000
2026-01-02 00:00:00+00:00,97.02999877929688,97.11000061035156,96.51000213623047,97.04000091552734,42922400
2026-01-05 00:00:00+00:00,97.26000213623047,98.1500015258789,97.2300033569336,98.1500015258789,25187000
2026-01-06 00:00:00+00:00,98.30999755859375,98.4800033569336,98.12999725341797,98.30000305175781,14557900
2026-01-07 00:00:00+00:00,98.13999938964844,98.20999908447266,97.83999633789062,97.93000030517578,15468900
2026-01-08 00:00:00+00:00,97.55999755859375,97.94999694824219,97.52999877929688,97.94000244140625,14090500
2026-01-09 00:00:00+00:00,98.41999816894531,98.88999938964844,98.33000183105469,98.80999755859375,16001700
2026-01-12 00:00:00+00:00,99.1500015258789,99.44000244140625,99.12000274658203,99.41000366210938,15313500
2026-01-13 00:00:00+00:00,99.2300033569336,99.25,98.6500015258789,98.83999633789062,17697700
2026-01-14 00:00:00+00:00,99.19000244140625,99.37000274658203,98.9800033569336,99.30000305175781,19947400
2026-01-15 00:00:00+00:00,99.62000274658203,99.62000274658203,99.22000122070312,99.26000213623047,24662400
2026-01-16 00:00:00+00:00,99.41999816894531,99.54000091552734,99.05999755859375,99.52999877929688,18699200
2026-01-20 00:00:00+00:00,98.0,98.69000244140625,97.86000061035156,98.0199966430664,26893300
2026-01-21 00:00:00+00:00,98.2699966430664,99.27999877929688,97.88999938964844,99.02999877929688,26150500
2026-01-22 00:00:00+00:00,99.38999938964844,99.66999816894531,99.18000030517578,99.41999816894531,16592800
2026-01-23 00:00:00+00:00,99.16999816894531,100.0,99.0,99.97000122070312,16753500
2026-01-26 00:00:00+00:00,100.54000091552734,100.83000183105469,100.45999908447266,100.47000122070312,14959300
2026-01-27 00:00:00+00:00,101.47000122070312,102.31999969482422,101.43000030517578,102.08999633789062,19754300
2026-01-28 00:00:00+00:00,101.19000244140625,101.36000061035156,100.55999755859375,101.01000213623047,21938700
2026-01-29 00:00:00+00:00,102.0199966430664,102.0999984741211,100.55999755859375,101.69000244140625,29236200
2026-01-30 00:00:00+00:00,101.3499984741211,101.54000091552734,100.37000274658203,100.73999786376953,27813400
2026-02-02 00:00:00+00:00,100.87999725341797,101.55000305175781,100.81999969482422,101.4000015258789,21725500
2026-02-03 00:00:00+00:00,101.13999938964844,101.66000366210938,100.63999938964844,101.44999694824219,23625500
2026-02-04 00:00:00+00:00,102.47000122070312,102.66999816894531,101.37000274658203,101.77999877929688,25576700
2026-02-05 00:00:00+00:00,100.62000274658203,101.1500015258789,100.2699966430664,100.33000183105469,22760200
2026-02-06 00:00:00+00:00,101.69000244140625,102.6500015258789,101.63999938964844,102.61000061035156,17343700
2026-02-09 00:00:00+00:00,103.2300033569336,104.16999816894531,103.12000274658203,103.98999786376953,20137400
2026-02-10 00:00:00+00:00,104.58000183105469,104.66999816894531,104.23999786376953,104.23999786376953,16861700
2026-02-11 00:00:00+00:00,104.83999633789062,105.16999816894531,104.16000366210938,104.94000244140625,20493500
2026-02-12 00:00:00+00:00,105.08999633789062,105.23999786376953,103.80999755859375,104.1500015258789,29385300
2026-02-13 00:00:00+00:00,103.87999725341797,104.43000030517578,103.44999694824219,104.23999786376953,22651300
2026-02-17 00:00:00+00:00,103.36000061035156,104.33999633789062,103.0199966430664,104.22000122070312,19647200
2026-02-18 00:00:00+00:00,104.37000274658203,104.91000366210938,104.12000274658203,104.33999633789062,16099000
2026-02-19 00:00:00+00:00,103.54000091552734,104.08999633789062,103.37000274658203,104.05000305175781,15994100
2026-02-20 00:00:00+00:00,103.86000061035156,105.05000305175781,103.86000061035156,104.9000015258789,25737500
2026-02-23 00:00:00+00:00,104.80999755859375,105.11000061035156,104.19000244140625,104.47000122070312,14151800
2026-02-24 00:00:00+00:00,104.16999816894531,104.91999816894531,104.08000183105469,104.66000366210938,17358000
2026-02-25 00:00:00+00:00,105.26000213623047,105.80000305175781,105.1500015258789,105.66000366210938,14783800
2026-02-26 00:00:00+00:00,105.63999938964844,105.72000122070312,104.87000274658203,105.56999969482422,28482700
2026-02-27 00:00:00+00:00,105.5199966430664,105.94000244140625,105.26000213623047,105.37999725341797,25575500
2026-03-02 00:00:00+00:00,102.76000213623047,103.7300033569336,102.72000122070312,103.30000305175781,38046600
2026-03-03 00:00:00+00:00,98.6500015258789,100.55999755859375,97.75,100.08999633789062,52567300
2026-03-04 00:00:00+00:00,100.79000091552734,101.48999786376953,100.4000015258789,101.37999725341797,30766400
2026-03-05 00:00:00+00:00,99.77999877929688,100.2699966430664,98.22000122070312,99.16000366210938,34508300
2026-03-06 00:00:00+00:00,97.2699966430664,98.69000244140625,97.05999755859375,98.27999877929688,27734400
2026-03-09 00:00:00+00:00,96.77999877929688,99.41000366210938,95.9800033569336,98.98999786376953,37484700
2026-03-10 00:00:00+00:00,99.73999786376953,100.87999725341797,99.06999969482422,99.22000122070312,44802900
2026-03-11 00:00:00+00:00,98.63999938964844,99.37999725341797,98.29000091552734,99.01000213623047,21345300
2026-03-12 00:00:00+00:00,98.04000091552734,98.12999725341797,97.01000213623047,97.45999908447266,34724600
2026-03-13 00:00:00+00:00,97.66999816894531,98.11000061035156,96.13999938964844,96.30000305175781,27628100
2026-03-16 00:00:00+00:00,97.63999938964844,98.31999969482422,97.44999694824219,98.0999984741211,17384000
2026-03-17 00:00:00+00:00,98.73999786376953,98.97000122070312,98.23999786376953,98.37000274658203,16411500
2026-03-18 00:00:00+00:00,97.80999755859375,98.01000213623047,96.61000061035156,96.69000244140625,26644800
2026-03-19 00:00:00+00:00,94.94000244140625,97.11000061035156,94.80000305175781,96.5199966430664,34858300
2026-03-20 00:00:00+00:00,96.12999725341797,96.12999725341797,93.08000183105469,93.58999633789062,45493400
2026-03-23 00:00:00+00:00,95.52999877929688,97.0199966430664,94.94999694824219,95.83999633789062,40781200
2026-03-24 00:00:00+00:00,94.48999786376953,95.80999755859375,94.3499984741211,95.2699966430664,22695800
2026-03-25 00:00:00+00:00,96.91999816894531,97.1500015258789,96.1500015258789,96.66000366210938,20476300
2026-03-26 00:00:00+00:00,95.47000122070312,96.2300033569336,94.62000274658203,94.66000366210938,19676500
2026-03-27 00:00:00+00:00,94.29000091552734,94.83999633789062,93.5199966430664,93.80000305175781,22341100
2026-03-30 00:00:00+00:00,94.72000122070312,94.9800033569336,93.66999816894531,94.06999969482422,16136400
2026-03-31 00:00:00+00:00,95.56999969482422,97.16000366210938,95.05999755859375,97.12999725341797,39448000
2026-04-01 00:00:00+00:00,98.5199966430664,99.31999969482422,98.22000122070312,98.61000061035156,27123200
2026-04-02 00:00:00+00:00,96.54000091552734,98.41999816894531,96.36000061035156,98.0,17276100
2026-04-06 00:00:00+00:00,98.12999725341797,98.7300033569336,98.02999877929688,98.48999786376953,11810900
2026-04-07 00:00:00+00:00,97.66999816894531,98.5,96.79000091552734,98.3499984741211,19809700
2026-04-08 00:00:00+00:00,102.48999786376953,102.63999938964844,101.5199966430664,102.19000244140625,22300800
2026-04-09 00:00:00+00:00,101.08999633789062,102.47000122070312,100.91000366210938,101.94999694824219,14958400
2026-04-10 00:00:00+00:00,102.62999725341797,102.69000244140625,101.80999755859375,102.18000030517578,8670300
2026-04-13 00:00:00+00:00,101.2699966430664,102.8499984741211,101.18000030517578,102.80999755859375,19346900
2026-04-14 00:00:00+00:00,103.33999633789062,103.81999969482422,103.20999908447266,103.63999938964844,16581000
2026-04-15 00:00:00+00:00,103.38999938964844,103.44999694824219,102.94000244140625,103.30999755859375,8786300
2026-04-16 00:00:00+00:00,103.55999755859375,103.58000183105469,102.6500015258789,103.01000213623047,13227600
2026-04-17 00:00:00+00:00,104.45999908447266,105.12999725341797,104.20999908447266,104.31999969482422,17321500
2026-04-20 00:00:00+00:00,103.72000122070312,103.93000030517578,103.12999725341797,103.91000366210938,12896100
2026-04-21 00:00:00+00:00,103.12999725341797,103.2699966430664,101.51000213623047,101.62999725341797,18105400
2026-04-22 00:00:00+00:00,102.33000183105469,102.37999725341797,101.6500015258789,101.97000122070312,9990800
2026-04-23 00:00:00+00:00,101.75,102.12000274658203,100.1500015258789,101.23999786376953,15773900
2026-04-24 00:00:00+00:00,101.41000366210938,101.95999908447266,101.1500015258789,101.7699966430664,14219400
2026-04-27 00:00:00+00:00,101.83000183105469,102.05999755859375,101.33999633789062,101.37999725341797,10091700
2026-04-28 00:00:00+00:00,100.93000030517578,101.12999725341797,100.55999755859375,100.95999908447266,11008800
2026-04-29 00:00:00+00:00,100.4000015258789,100.4800033569336,99.51000213623047,99.93000030517578,10986800
2026-04-30 00:00:00+00:00,101.31999969482422,102.58000183105469,101.08999633789062,102.31999969482422,16585800
2026-05-01 00:00:00+00:00,102.29000091552734,102.87000274658203,102.06999969482422,102.0999984741211,14447200
2026-05-04 00:00:00+00:00,101.44000244140625,101.72000122070312,100.26000213623047,100.69999694824219,21026300
2026-05-05 00:00:00+00:00,101.66999816894531,102.16000366210938,101.19000244140625,102.04000091552734,12347300
2026-05-06 00:00:00+00:00,104.5,104.91999816894531,104.30999755859375,104.80999755859375,14755500
2026-05-07 00:00:00+00:00,104.81999969482422,104.86000061035156,102.81999969482422,102.88999938964844,19257500
2026-05-08 00:00:00+00:00,103.7699966430664,104.04000091552734,103.38999938964844,103.95999908447266,12280100
