timestamp,open,high,low,close,volume
2010-01-04 00:00:00+00:00,88.0,88.52999877929688,88.0,88.52999877929688,1316800
2010-01-05 00:00:00+00:00,88.75,89.08000183105469,88.41999816894531,88.94999694824219,733000
2010-01-06 00:00:00+00:00,89.04000091552734,89.26000213623047,89.0,89.18000030517578,715700
2010-01-07 00:00:00+00:00,89.37999725341797,89.62999725341797,89.11000061035156,89.54000091552734,956000
2010-01-08 00:00:00+00:00,89.55999755859375,89.80999755859375,89.51000213623047,89.68000030517578,711400
2010-01-11 00:00:00+00:00,89.5,89.70999908447266,89.4800033569336,89.5999984741211,895800
2010-01-12 00:00:00+00:00,89.5,90.29000091552734,89.05000305175781,89.13999938964844,1133900
2010-01-13 00:00:00+00:00,89.0999984741211,89.41999816894531,89.0999984741211,89.33999633789062,868900
2010-01-14 00:00:00+00:00,89.44000244140625,89.4800033569336,89.20999908447266,89.44000244140625,394600
2010-01-15 00:00:00+00:00,89.5199966430664,89.5199966430664,88.98999786376953,89.08000183105469,835300
2010-01-19 00:00:00+00:00,89.0,89.19999694824219,88.97000122070312,89.12000274658203,796900
2010-01-20 00:00:00+00:00,89.1500015258789,89.20999908447266,88.86000061035156,88.98999786376953,588500
2010-01-21 00:00:00+00:00,89.16000366210938,89.16000366210938,87.5999984741211,87.5999984741211,1416800
2010-01-22 00:00:00+00:00,87.98999786376953,88.04000091552734,86.61000061035156,86.7699966430664,1394400
2010-01-25 00:00:00+00:00,87.23999786376953,87.44000244140625,86.75,86.9000015258789,711300
2010-01-26 00:00:00+00:00,87.19999694824219,87.43000030517578,86.9000015258789,87.01000213623047,576000
2010-01-27 00:00:00+00:00,86.95999908447266,87.41999816894531,86.91999816894531,87.04000091552734,876500
2010-01-28 00:00:00+00:00,87.11000061035156,87.23999786376953,86.55000305175781,86.66999816894531,833700
2010-01-29 00:00:00+00:00,87.2699966430664,87.2699966430664,86.22000122070312,86.2300033569336,1357000
2010-02-01 00:00:00+00:00,85.94999694824219,86.27999877929688,85.6500015258789,85.9800033569336,924700
2010-02-02 00:00:00+00:00,86.2699966430664,86.61000061035156,86.0,86.23999786376953,1238500
2010-02-03 00:00:00+00:00,86.4000015258789,86.70999908447266,86.22000122070312,86.68000030517578,641200
2010-02-04 00:00:00+00:00,86.30000305175781,86.3499984741211,85.37999725341797,85.44999694824219,1762600
2010-02-05 00:00:00+00:00,85.33000183105469,85.33000183105469,83.44999694824219,84.94999694824219,3261500
2010-02-08 00:00:00+00:00,84.80000305175781,85.12999725341797,84.38999938964844,84.58000183105469,1202400
2010-02-09 00:00:00+00:00,84.86000061035156,85.05000305175781,84.45999908447266,84.75,853800
2010-02-10 00:00:00+00:00,84.69999694824219,84.91999816894531,83.5999984741211,83.61000061035156,1463200
2010-02-11 00:00:00+00:00,83.91000366210938,84.41999816894531,83.38999938964844,83.94999694824219,1157700
2010-02-12 00:00:00+00:00,83.95999908447266,84.16999816894531,83.37999725341797,83.9000015258789,743100
2010-02-16 00:00:00+00:00,83.66999816894531,85.0199966430664,83.66999816894531,84.7300033569336,1061300
2010-02-17 00:00:00+00:00,85.16999816894531,85.47000122070312,85.12999725341797,85.37999725341797,1400200
2010-02-18 00:00:00+00:00,85.48999786376953,86.38999938964844,85.48999786376953,86.19000244140625,1153400
2010-02-19 00:00:00+00:00,86.37000274658203,86.77999877929688,86.30000305175781,86.7699966430664,1485600
2010-02-22 00:00:00+00:00,86.88999938964844,87.05999755859375,86.70999908447266,86.87999725341797,1596200
2010-02-23 00:00:00+00:00,87.0199966430664,87.0999984741211,85.94999694824219,86.25,1014900
2010-02-24 00:00:00+00:00,86.56999969482422,86.9800033569336,86.3499984741211,86.58000183105469,1047000
2010-02-25 00:00:00+00:00,86.27999877929688,86.6500015258789,86.0,86.58999633789062,503400
2010-02-26 00:00:00+00:00,86.75,87.22000122070312,86.66000366210938,87.16999816894531,697900
2010-03-01 00:00:00+00:00,86.69000244140625,86.77999877929688,86.5,86.58999633789062,1468800
2010-03-02 00:00:00+00:00,86.87999725341797,87.19999694824219,86.69000244140625,87.1500015258789,1291800
2010-03-03 00:00:00+00:00,87.27999877929688,87.37999725341797,87.08999633789062,87.23999786376953,986800
2010-03-04 00:00:00+00:00,87.43000030517578,87.43000030517578,87.08000183105469,87.30999755859375,641100
2010-03-05 00:00:00+00:00,87.58999633789062,87.83999633789062,87.29000091552734,87.83000183105469,975800
2010-03-08 00:00:00+00:00,87.97000122070312,88.0999984741211,87.79000091552734,87.8499984741211,937900
2010-03-09 00:00:00+00:00,87.81999969482422,88.2300033569336,87.80000305175781,88.2300033569336,630800
2010-03-10 00:00:00+00:00,88.0199966430664,88.30000305175781,88.0,88.26000213623047,640200
2010-03-11 00:00:00+00:00,88.16999816894531,88.25,88.0199966430664,88.18000030517578,488500
2010-03-12 00:00:00+00:00,88.19000244140625,88.37000274658203,88.1500015258789,88.19999694824219,636700
2010-03-15 00:00:00+00:00,88.20999908447266,88.25,87.93000030517578,88.0999984741211,471400
2010-03-16 00:00:00+00:00,88.22000122070312,88.4800033569336,87.98999786376953,88.4000015258789,923300
2010-03-17 00:00:00+00:00,88.47000122070312,88.63999938964844,88.33999633789062,88.4000015258789,918300
2010-03-18 00:00:00+00:00,88.4800033569336,88.63999938964844,88.41000366210938,88.52999877929688,637200
2010-03-19 00:00:00+00:00,88.08999633789062,88.5999984741211,87.97000122070312,88.08999633789062,674600
2010-03-22 00:00:00+00:00,87.94999694824219,88.5199966430664,87.80999755859375,88.51000213623047,759000
2010-03-23 00:00:00+00:00,88.5199966430664,88.5999984741211,88.33000183105469,88.5,699200
2010-03-24 00:00:00+00:00,88.4800033569336,88.58999633789062,88.3499984741211,88.44999694824219,430800
2010-03-25 00:00:00+00:00,88.63999938964844,88.80999755859375,88.51000213623047,88.66000366210938,1005200
2010-03-26 00:00:00+00:00,88.62000274658203,88.69999694824219,88.5,88.62999725341797,1312500
2010-03-29 00:00:00+00:00,88.73999786376953,88.76000213623047,88.69999694824219,88.73999786376953,546200
2010-03-30 00:00:00+00:00,88.75,88.87000274658203,88.55999755859375,88.6500015258789,605600
2010-03-31 00:00:00+00:00,88.56999969482422,88.5999984741211,87.80999755859375,88.37000274658203,1255400
2010-04-01 00:00:00+00:00,87.83999633789062,88.0,87.5,87.5,773100
2010-04-05 00:00:00+00:00,87.6500015258789,87.9800033569336,87.41000366210938,87.45999908447266,930200
2010-04-06 00:00:00+00:00,87.51000213623047,88.08000183105469,87.44999694824219,88.02999877929688,679100
2010-04-07 00:00:00+00:00,87.91000366210938,88.23999786376953,87.9000015258789,88.16000366210938,859000
2010-04-08 00:00:00+00:00,88.0999984741211,88.3499984741211,88.01000213623047,88.30999755859375,736100
2010-04-09 00:00:00+00:00,88.30000305175781,88.56999969482422,88.26000213623047,88.44000244140625,679800
2010-04-12 00:00:00+00:00,88.55000305175781,88.66000366210938,88.44000244140625,88.45999908447266,443300
2010-04-13 00:00:00+00:00,88.63999938964844,88.81999969482422,88.63999938964844,88.69999694824219,1162900
2010-04-14 00:00:00+00:00,88.9000015258789,89.0199966430664,88.80000305175781,88.94000244140625,857700
2010-04-15 00:00:00+00:00,89.0199966430664,89.47000122070312,88.91999816894531,89.18000030517578,1251000
2010-04-16 00:00:00+00:00,89.1500015258789,89.3499984741211,88.0999984741211,88.45999908447266,1334100
2010-04-19 00:00:00+00:00,88.26000213623047,88.48999786376953,88.05000305175781,88.29000091552734,757200
2010-04-20 00:00:00+00:00,88.66000366210938,90.33000183105469,88.51000213623047,89.23999786376953,1299400
2010-04-21 00:00:00+00:00,89.33999633789062,89.41000366210938,89.08999633789062,89.25,553100
2010-04-22 00:00:00+00:00,89.22000122070312,89.22000122070312,88.77999877929688,88.98999786376953,250700
2010-04-23 00:00:00+00:00,89.0,89.5999984741211,88.87000274658203,89.56999969482422,676000
2010-04-26 00:00:00+00:00,89.4000015258789,89.69999694824219,89.4000015258789,89.56999969482422,440100
2010-04-27 00:00:00+00:00,89.56999969482422,89.7300033569336,88.37000274658203,88.44000244140625,1220700
2010-04-28 00:00:00+00:00,88.80000305175781,88.91999816894531,88.5,88.5,988000
2010-04-29 00:00:00+00:00,88.91000366210938,89.2300033569336,88.88999938964844,89.11000061035156,812200
2010-04-30 00:00:00+00:00,88.95999908447266,89.5199966430664,88.95999908447266,89.4000015258789,809800
2010-05-03 00:00:00+00:00,88.80000305175781,89.08999633789062,88.75,88.75,639000
2010-05-04 00:00:00+00:00,88.55999755859375,88.62999725341797,87.80999755859375,87.83999633789062,786100
2010-05-05 00:00:00+00:00,87.25,87.3499984741211,86.0999984741211,86.63999938964844,2567500
2010-05-06 00:00:00+00:00,86.27999877929688,86.51000213623047,78.95999908447266,84.48999786376953,6587300
2010-05-07 00:00:00+00:00,84.44999694824219,85.12000274658203,82.51000213623047,84.4800033569336,2584000
2010-05-10 00:00:00+00:00,86.88999938964844,87.4000015258789,85.61000061035156,86.05999755859375,1670100
2010-05-11 00:00:00+00:00,85.66999816894531,86.87999725341797,85.58000183105469,85.95999908447266,1524400
2010-05-12 00:00:00+00:00,86.5,87.02999877929688,86.43000030517578,87.01000213623047,1031200
2010-05-13 00:00:00+00:00,87.08999633789062,87.25,86.47000122070312,86.47000122070312,1151600
2010-05-14 00:00:00+00:00,86.20999908447266,86.45999908447266,85.36000061035156,85.97000122070312,1050700
2010-05-17 00:00:00+00:00,85.94999694824219,86.19000244140625,85.12000274658203,85.86000061035156,1120800
2010-05-18 00:00:00+00:00,86.31999969482422,86.45999908447266,85.41000366210938,85.68000030517578,1067400
2010-05-19 00:00:00+00:00,85.41000366210938,85.6500015258789,84.26000213623047,85.18000030517578,1565100
2010-05-20 00:00:00+00:00,83.88999938964844,83.88999938964844,81.33000183105469,82.63999938964844,3092800
2010-05-21 00:00:00+00:00,81.48999786376953,84.4000015258789,81.43000030517578,84.30000305175781,1815000
2010-05-24 00:00:00+00:00,84.0999984741211,85.19999694824219,83.98999786376953,84.43000030517578,1266200
2010-05-25 00:00:00+00:00,83.19999694824219,84.33000183105469,82.01000213623047,84.33000183105469,1507500
2010-05-26 00:00:00+00:00,84.63999938964844,85.05000305175781,83.19000244140625,83.31999969482422,1738300
2010-05-27 00:00:00+00:00,84.13999938964844,84.87999725341797,84.13999938964844,84.47000122070312,828500
2010-05-28 00:00:00+00:00,84.79000091552734,84.83999633789062,84.31999969482422,84.61000061035156,1253900
2010-06-01 00:00:00+00:00,83.61000061035156,84.3499984741211,83.37000274658203,83.56999969482422,770300
2010-06-02 00:00:00+00:00,83.93000030517578,84.13999938964844,83.69999694824219,84.0,1414500
2010-06-03 00:00:00+00:00,84.22000122070312,84.4000015258789,83.70999908447266,84.02999877929688,877200
2010-06-04 00:00:00+00:00,83.51000213623047,84.1500015258789,83.33000183105469,83.55999755859375,1439000
2010-06-07 00:00:00+00:00,83.47000122070312,84.2699966430664,82.9800033569336,82.9800033569336,992900
2010-06-08 00:00:00+00:00,83.5199966430664,83.5199966430664,82.55000305175781,83.11000061035156,1085200
2010-06-09 00:00:00+00:00,83.30000305175781,83.44999694824219,83.01000213623047,83.29000091552734,1081900
2010-06-10 00:00:00+00:00,83.61000061035156,84.13999938964844,83.37000274658203,84.13999938964844,588200
2010-06-11 00:00:00+00:00,83.69000244140625,84.27999877929688,83.58999633789062,84.26000213623047,468300
2010-06-14 00:00:00+00:00,84.3499984741211,84.69999694824219,84.25,84.37000274658203,843100
2010-06-15 00:00:00+00:00,84.6500015258789,85.43000030517578,84.55999755859375,85.19000244140625,1387200
2010-06-16 00:00:00+00:00,84.98999786376953,85.31999969482422,84.80000305175781,85.26000213623047,1877200
2010-06-17 00:00:00+00:00,85.5,85.94000244140625,85.36000061035156,85.9000015258789,1097000
2010-06-18 00:00:00+00:00,85.9800033569336,86.33000183105469,85.93000030517578,86.2699966430664,734300
2010-06-21 00:00:00+00:00,86.7699966430664,86.81999969482422,86.47000122070312,86.58000183105469,1094400
2010-06-22 00:00:00+00:00,86.5,86.5999984741211,85.62000274658203,85.95999908447266,1011000
2010-06-23 00:00:00+00:00,86.02999877929688,86.08999633789062,85.29000091552734,85.9000015258789,882300
2010-06-24 00:00:00+00:00,85.72000122070312,85.7699966430664,85.19999694824219,85.30999755859375,613600
2010-06-25 00:00:00+00:00,85.62999725341797,85.73999786376953,85.25,85.69999694824219,536500
2010-06-28 00:00:00+00:00,85.81999969482422,86.19999694824219,85.66999816894531,85.88999938964844,682200
2010-06-29 00:00:00+00:00,85.56999969482422,85.58000183105469,84.52999877929688,85.02999877929688,1354400
2010-06-30 00:00:00+00:00,84.8499984741211,85.12000274658203,84.51000213623047,84.9000015258789,1111300
2010-07-01 00:00:00+00:00,84.45999908447266,84.72000122070312,83.45999908447266,84.68000030517578,2044000
2010-07-02 00:00:00+00:00,84.55999755859375,85.1500015258789,84.5,84.69999694824219,880400
2010-07-06 00:00:00+00:00,85.20999908447266,85.41000366210938,84.86000061035156,85.37000274658203,1176600
2010-07-07 00:00:00+00:00,85.37999725341797,86.4800033569336,85.19999694824219,86.4000015258789,1173900
2010-07-08 00:00:00+00:00,86.66000366210938,86.83999633789062,86.12000274658203,86.80000305175781,1525200
2010-07-09 00:00:00+00:00,86.80000305175781,86.80000305175781,86.47000122070312,86.5999984741211,778800
2010-07-12 00:00:00+00:00,86.70999908447266,86.72000122070312,85.86000061035156,86.52999877929688,786500
2010-07-13 00:00:00+00:00,86.75,87.3499984741211,86.5199966430664,87.19999694824219,1464900
2010-07-14 00:00:00+00:00,87.05000305175781,87.26000213623047,86.87999725341797,87.12000274658203,640400
2010-07-15 00:00:00+00:00,86.95999908447266,87.30000305175781,86.91999816894531,87.25,565900
2010-07-16 00:00:00+00:00,87.19000244140625,87.20999908447266,86.4800033569336,86.72000122070312,1215300
2010-07-19 00:00:00+00:00,86.9800033569336,87.22000122070312,86.7300033569336,87.01000213623047,556000
2010-07-20 00:00:00+00:00,87.0,88.16000366210938,86.86000061035156,87.70999908447266,2442800
2010-07-21 00:00:00+00:00,88.08000183105469,88.44000244140625,87.37000274658203,87.66999816894531,1376100
2010-07-22 00:00:00+00:00,87.94999694824219,88.45999908447266,87.94999694824219,88.44999694824219,809300
2010-07-23 00:00:00+00:00,88.38999938964844,88.8499984741211,88.04000091552734,88.8499984741211,985400
2010-07-26 00:00:00+00:00,88.80000305175781,88.95999908447266,88.47000122070312,88.88999938964844,887200
2010-07-27 00:00:00+00:00,88.98999786376953,89.0999984741211,88.4800033569336,88.7699966430664,887100
2010-07-28 00:00:00+00:00,88.87999725341797,88.94999694824219,88.5199966430664,88.58000183105469,603100
2010-07-29 00:00:00+00:00,88.87999725341797,88.93000030517578,88.58000183105469,88.8499984741211,628800
2010-07-30 00:00:00+00:00,88.5999984741211,88.87000274658203,88.3499984741211,88.62000274658203,1038700
2010-08-02 00:00:00+00:00,88.38999938964844,88.55000305175781,88.19999694824219,88.4800033569336,1021600
2010-08-03 00:00:00+00:00,88.16999816894531,88.62999725341797,88.08999633789062,88.4800033569336,1705900
2010-08-04 00:00:00+00:00,88.58000183105469,88.58999633789062,88.29000091552734,88.43000030517578,1844200
2010-08-05 00:00:00+00:00,88.33999633789062,88.41000366210938,88.1500015258789,88.38999938964844,708100
2010-08-06 00:00:00+00:00,88.33999633789062,88.38999938964844,87.87000274658203,88.37000274658203,830300
2010-08-09 00:00:00+00:00,88.58999633789062,88.58999633789062,88.08999633789062,88.20999908447266,1266200
2010-08-10 00:00:00+00:00,88.2300033569336,88.30000305175781,87.94999694824219,88.18000030517578,1271500
2010-08-11 00:00:00+00:00,87.58999633789062,87.69999694824219,86.9000015258789,87.02999877929688,1558600
2010-08-12 00:00:00+00:00,86.6500015258789,87.13999938964844,86.19999694824219,86.7300033569336,1261600
2010-08-13 00:00:00+00:00,86.97000122070312,87.33000183105469,86.6500015258789,87.11000061035156,776300
2010-08-16 00:00:00+00:00,86.98999786376953,87.47000122070312,86.9800033569336,87.22000122070312,1087600
2010-08-17 00:00:00+00:00,87.55000305175781,87.77999877929688,87.47000122070312,87.55000305175781,860800
2010-08-18 00:00:00+00:00,87.5999984741211,87.76000213623047,87.5,87.69999694824219,717000
2010-08-19 00:00:00+00:00,87.69999694824219,87.80999755859375,87.27999877929688,87.5199966430664,882800
2010-08-20 00:00:00+00:00,87.5199966430664,87.7699966430664,87.45999908447266,87.7300033569336,557700
2010-08-23 00:00:00+00:00,87.80000305175781,87.80999755859375,87.56999969482422,87.7300033569336,633300
2010-08-24 00:00:00+00:00,87.51000213623047,87.56999969482422,87.25,87.2699966430664,1000800
2010-08-25 00:00:00+00:00,87.19999694824219,87.31999969482422,86.79000091552734,87.1500015258789,788400
2010-08-26 00:00:00+00:00,87.22000122070312,87.44000244140625,86.80000305175781,87.02999877929688,1012400
2010-08-27 00:00:00+00:00,87.19999694824219,87.43000030517578,86.91000366210938,87.0199966430664,1302000
2010-08-30 00:00:00+00:00,87.02999877929688,87.43000030517578,87.02999877929688,87.18000030517578,620800
2010-08-31 00:00:00+00:00,87.19999694824219,87.37999725341797,87.0999984741211,87.1500015258789,1154800
2010-09-01 00:00:00+00:00,86.91000366210938,87.45999908447266,86.88999938964844,87.45999908447266,1697900
2010-09-02 00:00:00+00:00,87.5199966430664,87.61000061035156,87.33999633789062,87.5999984741211,603900
2010-09-03 00:00:00+00:00,87.7300033569336,87.86000061035156,87.4800033569336,87.86000061035156,999600
2010-09-07 00:00:00+00:00,87.68000030517578,87.73999786376953,87.3499984741211,87.7300033569336,883500
2010-09-08 00:00:00+00:00,87.7300033569336,87.86000061035156,87.66000366210938,87.75,835500
2010-09-09 00:00:00+00:00,88.12999725341797,88.12999725341797,87.83000183105469,88.0999984741211,789300
2010-09-10 00:00:00+00:00,88.2300033569336,88.37000274658203,88.0199966430664,88.33000183105469,957600
2010-09-13 00:00:00+00:00,88.58000183105469,88.81999969482422,88.44999694824219,88.79000091552734,1103500
2010-09-14 00:00:00+00:00,88.77999877929688,88.77999877929688,88.5199966430664,88.7699966430664,658700
2010-09-15 00:00:00+00:00,88.47000122070312,88.73999786376953,88.47000122070312,88.69000244140625,570800
2010-09-16 00:00:00+00:00,88.73999786376953,88.9000015258789,88.6500015258789,88.83999633789062,751400
2010-09-17 00:00:00+00:00,89.05000305175781,89.05000305175781,88.9000015258789,89.0,922800
2010-09-20 00:00:00+00:00,89.0999984741211,89.22000122070312,89.05000305175781,89.13999938964844,631900
2010-09-21 00:00:00+00:00,89.2300033569336,89.2300033569336,88.87000274658203,88.98999786376953,810900
2010-09-22 00:00:00+00:00,89.0999984741211,89.0999984741211,88.62000274658203,88.62999725341797,832700
2010-09-23 00:00:00+00:00,88.5,88.5199966430664,88.25,88.4000015258789,758800
2010-09-24 00:00:00+00:00,88.52999877929688,88.88999938964844,88.52999877929688,88.75,917200
2010-09-27 00:00:00+00:00,88.93000030517578,89.08000183105469,88.83999633789062,88.9000015258789,615900
2010-09-28 00:00:00+00:00,89.16000366210938,89.16000366210938,88.80000305175781,89.02999877929688,1038800
2010-09-29 00:00:00+00:00,89.19999694824219,89.41000366210938,89.11000061035156,89.23999786376953,826600
2010-09-30 00:00:00+00:00,89.4800033569336,89.73999786376953,89.2300033569336,89.69000244140625,2290800
2010-10-01 00:00:00+00:00,89.20999908447266,89.33000183105469,88.98999786376953,89.22000122070312,837800
2010-10-04 00:00:00+00:00,89.27999877929688,89.27999877929688,88.88999938964844,88.91000366210938,2490600
2010-10-05 00:00:00+00:00,89.25,89.31999969482422,89.05999755859375,89.2300033569336,993500
2010-10-06 00:00:00+00:00,89.22000122070312,89.33000183105469,89.05000305175781,89.1500015258789,1990200
2010-10-07 00:00:00+00:00,89.3499984741211,89.5,89.12999725341797,89.33000183105469,1371700
2010-10-08 00:00:00+00:00,89.45999908447266,89.68000030517578,89.36000061035156,89.62999725341797,1524800
2010-10-11 00:00:00+00:00,89.66000366210938,89.88999938964844,89.62999725341797,89.81999969482422,644900
2010-10-12 00:00:00+00:00,89.7699966430664,89.94999694824219,89.66999816894531,89.73999786376953,855200
2010-10-13 00:00:00+00:00,89.93000030517578,90.25,89.81999969482422,90.04000091552734,880300
2010-10-14 00:00:00+00:00,90.12000274658203,90.12999725341797,89.55000305175781,89.61000061035156,994400
2010-10-15 00:00:00+00:00,89.79000091552734,90.0,89.73999786376953,89.83999633789062,524200
2010-10-18 00:00:00+00:00,89.94999694824219,90.0999984741211,89.72000122070312,89.72000122070312,516300
2010-10-19 00:00:00+00:00,89.79000091552734,89.94999694824219,89.68000030517578,89.70999908447266,601800
2010-10-20 00:00:00+00:00,89.81999969482422,90.0199966430664,89.63999938964844,89.98999786376953,965600
2010-10-21 00:00:00+00:00,90.08999633789062,90.12000274658203,89.8499984741211,89.8499984741211,521000
2010-10-22 00:00:00+00:00,90.06999969482422,90.27999877929688,90.01000213623047,90.26000213623047,418000
2010-10-25 00:00:00+00:00,90.47000122070312,90.7699966430664,90.44999694824219,90.61000061035156,1051500
2010-10-26 00:00:00+00:00,90.58999633789062,90.7699966430664,90.55000305175781,90.75,568100
2010-10-27 00:00:00+00:00,90.69999694824219,90.80000305175781,90.52999877929688,90.6500015258789,910700
2010-10-28 00:00:00+00:00,90.88999938964844,90.9000015258789,90.55000305175781,90.69999694824219,1078600
2010-10-29 00:00:00+00:00,90.80999755859375,90.9000015258789,90.66000366210938,90.73999786376953,898000
2010-11-01 00:00:00+00:00,90.30000305175781,90.4000015258789,89.94999694824219,89.97000122070312,921400
2010-11-02 00:00:00+00:00,90.19999694824219,90.41999816894531,90.06999969482422,90.41000366210938,859800
2010-11-03 00:00:00+00:00,90.44999694824219,90.80000305175781,90.33999633789062,90.70999908447266,1301600
2010-11-04 00:00:00+00:00,91.06999969482422,91.97000122070312,91.05999755859375,91.88999938964844,1495800
2010-11-05 00:00:00+00:00,91.77999877929688,91.88999938964844,91.5199966430664,91.79000091552734,1281500
2010-11-08 00:00:00+00:00,91.69999694824219,91.79000091552734,91.44999694824219,91.5199966430664,1178800
2010-11-09 00:00:00+00:00,91.69000244140625,91.69000244140625,91.0999984741211,91.26000213623047,705400
2010-11-10 00:00:00+00:00,91.25,91.25,90.4800033569336,90.51000213623047,1250800
2010-11-11 00:00:00+00:00,90.44000244140625,90.52999877929688,89.80999755859375,90.1500015258789,1051000
2010-11-12 00:00:00+00:00,90.13999938964844,90.25,89.81999969482422,89.81999969482422,1088500
2010-11-15 00:00:00+00:00,90.16999816894531,90.19999694824219,89.58999633789062,89.6500015258789,1071300
2010-11-16 00:00:00+00:00,89.58000183105469,89.69999694824219,88.48999786376953,88.66000366210938,1674100
2010-11-17 00:00:00+00:00,89.25,89.37000274658203,89.0,89.11000061035156,1827000
2010-11-18 00:00:00+00:00,89.81999969482422,90.23999786376953,89.58000183105469,90.23999786376953,1197000
2010-11-19 00:00:00+00:00,90.0,90.20999908447266,89.83999633789062,90.20999908447266,592000
2010-11-22 00:00:00+00:00,89.76000213623047,89.94999694824219,89.54000091552734,89.58000183105469,424600
2010-11-23 00:00:00+00:00,89.37999725341797,89.37999725341797,88.31999969482422,88.3499984741211,1975700
2010-11-24 00:00:00+00:00,88.56999969482422,89.0199966430664,88.56999969482422,88.87999725341797,690700
2010-11-26 00:00:00+00:00,88.7699966430664,88.87000274658203,88.51000213623047,88.55999755859375,365000
2010-11-29 00:00:00+00:00,88.51000213623047,89.0199966430664,88.4800033569336,88.79000091552734,598300
2010-11-30 00:00:00+00:00,88.58999633789062,89.12000274658203,88.41999816894531,88.98999786376953,1459300
2010-12-01 00:00:00+00:00,88.9800033569336,89.25,88.79000091552734,89.22000122070312,1710800
2010-12-02 00:00:00+00:00,89.26000213623047,89.31999969482422,89.0,89.2699966430664,775600
2010-12-03 00:00:00+00:00,89.19999694824219,89.44999694824219,89.16000366210938,89.41999816894531,1621000
2010-12-06 00:00:00+00:00,89.41999816894531,89.41999816894531,89.2300033569336,89.37000274658203,776300
2010-12-07 00:00:00+00:00,89.81999969482422,89.91000366210938,89.66999816894531,89.83000183105469,946300
2010-12-08 00:00:00+00:00,89.7300033569336,90.0,89.41000366210938,89.54000091552734,1216200
2010-12-09 00:00:00+00:00,89.66999816894531,89.66999816894531,89.33999633789062,89.3499984741211,457200
2010-12-10 00:00:00+00:00,89.5,89.61000061035156,89.30999755859375,89.38999938964844,613100
2010-12-13 00:00:00+00:00,89.4000015258789,89.56999969482422,88.81999969482422,88.94000244140625,1176600
2010-12-14 00:00:00+00:00,89.4000015258789,89.4000015258789,88.87999725341797,89.37999725341797,1366900
2010-12-15 00:00:00+00:00,89.4000015258789,89.4000015258789,88.91000366210938,89.02999877929688,566500
2010-12-16 00:00:00+00:00,88.9000015258789,89.36000061035156,88.77999877929688,89.36000061035156,498600
2010-12-17 00:00:00+00:00,89.3499984741211,89.52999877929688,89.2300033569336,89.48999786376953,989700
2010-12-20 00:00:00+00:00,89.62999725341797,89.6500015258789,89.5,89.6500015258789,587700
2010-12-21 00:00:00+00:00,89.80999755859375,89.88999938964844,89.66000366210938,89.83999633789062,785400
2010-12-22 00:00:00+00:00,89.8499984741211,90.13999938964844,89.7699966430664,90.08999633789062,803000
2010-12-23 00:00:00+00:00,90.1500015258789,90.25,90.12000274658203,90.18000030517578,560500
2010-12-27 00:00:00+00:00,90.31999969482422,90.36000061035156,90.12000274658203,90.25,590800
2010-12-28 00:00:00+00:00,89.87000274658203,89.9000015258789,89.54000091552734,89.7300033569336,575100
2010-12-29 00:00:00+00:00,89.83999633789062,90.05999755859375,89.72000122070312,90.02999877929688,535700
2010-12-30 00:00:00+00:00,90.13999938964844,90.13999938964844,89.95999908447266,90.12999725341797,335400
2010-12-31 00:00:00+00:00,90.12999725341797,90.30999755859375,90.05000305175781,90.29000091552734,715700
2011-01-03 00:00:00+00:00,90.29000091552734,90.70999908447266,90.2699966430664,90.36000061035156,1448800
2011-01-04 00:00:00+00:00,90.55999755859375,90.77999877929688,90.4800033569336,90.7699966430664,1077800
2011-01-05 00:00:00+00:00,90.63999938964844,91.01000213623047,90.62999725341797,91.0,2537800
2011-01-06 00:00:00+00:00,91.04000091552734,91.12000274658203,90.69000244140625,91.11000061035156,2046600
2011-01-07 00:00:00+00:00,91.12000274658203,91.12000274658203,90.69999694824219,90.76000213623047,917900
2011-01-10 00:00:00+00:00,90.61000061035156,90.7300033569336,90.56999969482422,90.69000244140625,517400
2011-01-11 00:00:00+00:00,90.91000366210938,91.08999633789062,90.8499984741211,91.04000091552734,493300
2011-01-12 00:00:00+00:00,91.05000305175781,91.33000183105469,91.05000305175781,91.2300033569336,609600
2011-01-13 00:00:00+00:00,91.23999786376953,91.44999694824219,91.16999816894531,91.20999908447266,1563900
2011-01-14 00:00:00+00:00,91.3499984741211,91.4000015258789,91.23999786376953,91.36000061035156,912500
2011-01-18 00:00:00+00:00,91.5,91.5,91.25,91.3499984741211,1186800
2011-01-19 00:00:00+00:00,91.2699966430664,91.38999938964844,91.05999755859375,91.06999969482422,1073200
2011-01-20 00:00:00+00:00,91.06999969482422,91.12999725341797,90.76000213623047,90.88999938964844,766000
2011-01-21 00:00:00+00:00,90.9800033569336,91.33999633789062,90.9800033569336,91.26000213623047,681100
2011-01-24 00:00:00+00:00,91.29000091552734,91.44999694824219,91.29000091552734,91.38999938964844,697300
2011-01-25 00:00:00+00:00,91.43000030517578,91.52999877929688,91.33000183105469,91.52999877929688,686400
2011-01-26 00:00:00+00:00,91.63999938964844,91.72000122070312,91.52999877929688,91.72000122070312,985500
2011-01-27 00:00:00+00:00,91.7699966430664,91.8499984741211,91.69000244140625,91.83999633789062,679400
2011-01-28 00:00:00+00:00,91.87999725341797,91.88999938964844,91.2699966430664,91.29000091552734,2015100
2011-01-31 00:00:00+00:00,91.52999877929688,91.77999877929688,91.36000061035156,91.77999877929688,1183200
2011-02-01 00:00:00+00:00,91.30999755859375,91.44999694824219,91.20999908447266,91.37000274658203,944600
2011-02-02 00:00:00+00:00,91.48999786376953,91.51000213623047,91.37000274658203,91.47000122070312,550400
2011-02-03 00:00:00+00:00,91.4800033569336,91.55999755859375,91.2699966430664,91.47000122070312,1240800
2011-02-04 00:00:00+00:00,91.69999694824219,91.88999938964844,91.5199966430664,91.87000274658203,1667600
2011-02-07 00:00:00+00:00,92.01000213623047,92.05000305175781,91.79000091552734,92.04000091552734,2260600
2011-02-08 00:00:00+00:00,92.12000274658203,92.16000366210938,92.0,92.13999938964844,2632400
2011-02-09 00:00:00+00:00,92.13999938964844,92.13999938964844,91.62000274658203,91.62000274658203,936900
2011-02-10 00:00:00+00:00,91.5999984741211,91.91000366210938,91.5,91.72000122070312,801800
2011-02-11 00:00:00+00:00,91.87000274658203,91.94999694824219,91.62999725341797,91.94999694824219,586700
2011-02-14 00:00:00+00:00,91.86000061035156,92.0199966430664,91.86000061035156,92.0199966430664,660000
2011-02-15 00:00:00+00:00,92.05999755859375,92.05999755859375,91.7699966430664,91.83999633789062,1109100
2011-02-16 00:00:00+00:00,92.01000213623047,92.08999633789062,91.87000274658203,91.87000274658203,1378100
2011-02-17 00:00:00+00:00,92.0,92.0999984741211,91.95999908447266,92.08000183105469,658800
2011-02-18 00:00:00+00:00,92.18000030517578,92.37000274658203,92.11000061035156,92.36000061035156,870300
2011-02-22 00:00:00+00:00,92.19000244140625,92.23999786376953,91.58999633789062,91.5999984741211,1305600
2011-02-23 00:00:00+00:00,91.62999725341797,91.83000183105469,91.58999633789062,91.69000244140625,1062700
2011-02-24 00:00:00+00:00,91.8499984741211,91.91000366210938,91.70999908447266,91.76000213623047,857300
2011-02-25 00:00:00+00:00,91.80999755859375,92.08000183105469,91.77999877929688,92.04000091552734,1907800
2011-02-28 00:00:00+00:00,92.13999938964844,92.52999877929688,91.9800033569336,92.5,4044100
2011-03-01 00:00:00+00:00,91.97000122070312,91.9800033569336,91.68000030517578,91.77999877929688,1692100
2011-03-02 00:00:00+00:00,91.75,91.87999725341797,91.69999694824219,91.86000061035156,1271400
2011-03-03 00:00:00+00:00,91.91000366210938,92.22000122070312,91.91000366210938,92.19000244140625,1615300
2011-03-04 00:00:00+00:00,92.19000244140625,92.20999908447266,91.93000030517578,92.0,1057200
2011-03-07 00:00:00+00:00,92.12999725341797,92.13999938964844,91.91999816894531,92.0199966430664,1086800
2011-03-08 00:00:00+00:00,92.0,92.05999755859375,91.91000366210938,91.94000244140625,971400
2011-03-09 00:00:00+00:00,91.95999908447266,92.01000213623047,91.6500015258789,91.68000030517578,1241700
2011-03-10 00:00:00+00:00,91.73999786376953,91.80000305175781,91.16999816894531,91.19999694824219,1098400
2011-03-11 00:00:00+00:00,91.11000061035156,91.3499984741211,91.05999755859375,91.18000030517578,1023500
2011-03-14 00:00:00+00:00,91.08999633789062,91.26000213623047,90.76000213623047,90.80999755859375,1643400
2011-03-15 00:00:00+00:00,89.9000015258789,90.48999786376953,89.5,90.33999633789062,1598300
2011-03-16 00:00:00+00:00,90.36000061035156,90.62000274658203,89.72000122070312,89.77999877929688,2882900
2011-03-17 00:00:00+00:00,90.22000122070312,90.76000213623047,90.22000122070312,90.75,1634200
2011-03-18 00:00:00+00:00,91.13999938964844,91.47000122070312,91.0199966430664,91.18000030517578,1300400
2011-03-21 00:00:00+00:00,91.48999786376953,91.77999877929688,91.41000366210938,91.73999786376953,943800
2011-03-22 00:00:00+00:00,91.62000274658203,91.83000183105469,91.52999877929688,91.79000091552734,2285400
2011-03-23 00:00:00+00:00,91.69000244140625,91.81999969482422,91.52999877929688,91.68000030517578,749400
2011-03-24 00:00:00+00:00,91.76000213623047,91.8499984741211,91.6500015258789,91.76000213623047,923100
2011-03-25 00:00:00+00:00,91.83999633789062,91.86000061035156,91.76000213623047,91.79000091552734,478500
2011-03-28 00:00:00+00:00,91.9000015258789,91.9000015258789,91.69000244140625,91.81999969482422,844000
2011-03-29 00:00:00+00:00,91.69999694824219,91.91000366210938,91.68000030517578,91.87000274658203,1010700
2011-03-30 00:00:00+00:00,91.94999694824219,92.05999755859375,91.75,92.01000213623047,1868800
2011-03-31 00:00:00+00:00,92.02999877929688,92.02999877929688,91.87000274658203,91.95999908447266,924100
2011-04-01 00:00:00+00:00,91.38999938964844,91.52999877929688,91.27999877929688,91.27999877929688,1322400
2011-04-04 00:00:00+00:00,91.44000244140625,91.86000061035156,91.3499984741211,91.83999633789062,3254100
2011-04-05 00:00:00+00:00,91.63999938964844,91.91000366210938,91.63999938964844,91.73999786376953,1338100
2011-04-06 00:00:00+00:00,91.91000366210938,91.9800033569336,91.83999633789062,91.94000244140625,835300
2011-04-07 00:00:00+00:00,91.93000030517578,92.06999969482422,91.91999816894531,92.02999877929688,1156700
2011-04-08 00:00:00+00:00,92.08999633789062,92.12000274658203,91.91000366210938,92.02999877929688,1168900
2011-04-11 00:00:00+00:00,92.08000183105469,92.16999816894531,91.93000030517578,91.94000244140625,1045900
2011-04-12 00:00:00+00:00,91.9800033569336,91.9800033569336,91.62000274658203,91.6500015258789,940100
2011-04-13 00:00:00+00:00,91.87000274658203,92.08999633789062,91.83000183105469,92.08999633789062,1128100
2011-04-14 00:00:00+00:00,92.0,92.0199966430664,91.63999938964844,91.72000122070312,1538700
2011-04-15 00:00:00+00:00,91.8499984741211,91.9000015258789,91.76000213623047,91.83999633789062,658300
2011-04-18 00:00:00+00:00,91.69999694824219,91.69999694824219,91.41999816894531,91.5199966430664,1736400
2011-04-19 00:00:00+00:00,91.63999938964844,91.86000061035156,91.61000061035156,91.83999633789062,1020800
2011-04-20 00:00:00+00:00,92.0,92.2300033569336,91.91000366210938,92.19000244140625,716400
2011-04-21 00:00:00+00:00,92.31999969482422,92.43000030517578,92.11000061035156,92.41000366210938,632000
2011-04-25 00:00:00+00:00,92.44999694824219,92.44999694824219,92.30000305175781,92.30999755859375,978700
2011-04-26 00:00:00+00:00,92.44999694824219,92.5199966430664,92.33000183105469,92.5199966430664,575400
2011-04-27 00:00:00+00:00,92.48999786376953,92.58000183105469,92.4800033569336,92.58000183105469,738800
2011-04-28 00:00:00+00:00,92.58000183105469,92.66000366210938,92.55000305175781,92.62999725341797,697600
2011-04-29 00:00:00+00:00,92.76000213623047,92.8499984741211,92.68000030517578,92.8499984741211,799000
2011-05-02 00:00:00+00:00,92.30999755859375,92.41999816894531,92.20999908447266,92.2300033569336,848700
2011-05-03 00:00:00+00:00,92.41999816894531,92.43000030517578,92.0999984741211,92.25,977700
2011-05-04 00:00:00+00:00,92.37999725341797,92.37999725341797,92.12000274658203,92.22000122070312,959400
2011-05-05 00:00:00+00:00,92.22000122070312,92.22000122070312,91.79000091552734,91.83999633789062,1300000
2011-05-06 00:00:00+00:00,92.11000061035156,92.44999694824219,92.11000061035156,92.30999755859375,968900
2011-05-09 00:00:00+00:00,92.38999938964844,92.51000213623047,92.29000091552734,92.43000030517578,620500
2011-05-10 00:00:00+00:00,92.33000183105469,92.62999725341797,92.33000183105469,92.62999725341797,723600
2011-05-11 00:00:00+00:00,92.69000244140625,92.7300033569336,92.37000274658203,92.48999786376953,595200
2011-05-12 00:00:00+00:00,92.47000122070312,92.58000183105469,92.26000213623047,92.58000183105469,1129800
2011-05-13 00:00:00+00:00,92.5999984741211,92.5999984741211,92.19999694824219,92.19999694824219,1053400
2011-05-16 00:00:00+00:00,92.26000213623047,92.47000122070312,92.26000213623047,92.37999725341797,540400
2011-05-17 00:00:00+00:00,92.37000274658203,92.58999633789062,92.11000061035156,92.54000091552734,1674000
2011-05-18 00:00:00+00:00,92.4800033569336,92.66000366210938,92.43000030517578,92.6500015258789,813000
2011-05-19 00:00:00+00:00,92.66999816894531,92.66999816894531,92.51000213623047,92.61000061035156,715900
2011-05-20 00:00:00+00:00,92.61000061035156,92.61000061035156,92.41000366210938,92.54000091552734,538900
2011-05-23 00:00:00+00:00,92.26000213623047,92.3499984741211,92.08000183105469,92.0999984741211,1204800
2011-05-24 00:00:00+00:00,92.30999755859375,92.37000274658203,91.93000030517578,91.94999694824219,808100
2011-05-25 00:00:00+00:00,92.02999877929688,92.05000305175781,91.9000015258789,91.94999694824219,1407900
2011-05-26 00:00:00+00:00,91.97000122070312,92.0,91.87000274658203,91.87000274658203,787900
2011-05-27 00:00:00+00:00,91.94999694824219,92.26000213623047,91.9000015258789,92.1500015258789,1225700
2011-05-31 00:00:00+00:00,92.4000015258789,92.45999908447266,92.26000213623047,92.4000015258789,1848000
2011-06-01 00:00:00+00:00,91.76000213623047,91.88999938964844,91.1500015258789,91.30000305175781,2091600
2011-06-02 00:00:00+00:00,91.36000061035156,91.4000015258789,91.19999694824219,91.23999786376953,1177000
2011-06-03 00:00:00+00:00,90.95999908447266,91.08000183105469,90.81999969482422,90.87999725341797,1141100
2011-06-06 00:00:00+00:00,90.94000244140625,91.01000213623047,90.56999969482422,90.66000366210938,1660100
2011-06-07 00:00:00+00:00,90.9000015258789,90.93000030517578,90.54000091552734,90.58999633789062,995500
2011-06-08 00:00:00+00:00,90.55999755859375,90.58000183105469,90.13999938964844,90.16000366210938,1642600
2011-06-09 00:00:00+00:00,90.20999908447266,90.44000244140625,90.12000274658203,90.22000122070312,1480700
2011-06-10 00:00:00+00:00,90.2699966430664,90.3499984741211,89.44000244140625,89.62999725341797,3870000
2011-06-13 00:00:00+00:00,89.75,89.98999786376953,89.29000091552734,89.29000091552734,2015400
2011-06-14 00:00:00+00:00,89.97000122070312,90.0199966430664,89.80000305175781,89.8499984741211,1253000
2011-06-15 00:00:00+00:00,89.58000183105469,89.8499984741211,89.37000274658203,89.47000122070312,1319400
2011-06-16 00:00:00+00:00,89.41000366210938,89.69999694824219,87.62999725341797,87.87999725341797,7149900
2011-06-17 00:00:00+00:00,88.88999938964844,89.18000030517578,88.30000305175781,88.8499984741211,3486900
2011-06-20 00:00:00+00:00,88.94999694824219,89.56999969482422,88.94000244140625,89.47000122070312,1555600
2011-06-21 00:00:00+00:00,89.62000274658203,90.08000183105469,89.55999755859375,90.06999969482422,2212000
2011-06-22 00:00:00+00:00,89.9000015258789,90.04000091552734,89.41000366210938,89.41999816894531,1667400
2011-06-23 00:00:00+00:00,89.25,90.0,88.83000183105469,89.9000015258789,2999800
2011-06-24 00:00:00+00:00,90.05000305175781,90.05000305175781,89.33000183105469,89.47000122070312,1416400
2011-06-27 00:00:00+00:00,89.51000213623047,89.5999984741211,89.36000061035156,89.44999694824219,1137600
2011-06-28 00:00:00+00:00,89.69999694824219,89.80999755859375,89.62000274658203,89.80999755859375,1477500
2011-06-29 00:00:00+00:00,90.0999984741211,90.75,89.94999694824219,90.69999694824219,1752700
2011-06-30 00:00:00+00:00,90.69999694824219,91.5999984741211,90.69999694824219,91.30999755859375,2514300
2011-07-01 00:00:00+00:00,91.38999938964844,91.44999694824219,90.83999633789062,91.20999908447266,1749800
2011-07-05 00:00:00+00:00,91.05999755859375,91.33999633789062,90.91000366210938,91.33000183105469,2253200
2011-07-06 00:00:00+00:00,90.98999786376953,91.37999725341797,90.91999816894531,91.37000274658203,1969400
2011-07-07 00:00:00+00:00,91.58000183105469,91.7300033569336,91.30999755859375,91.7300033569336,2662100
2011-07-08 00:00:00+00:00,91.16000366210938,91.5199966430664,91.13999938964844,91.4800033569336,1771000
2011-07-11 00:00:00+00:00,91.01000213623047,91.12999725341797,90.55000305175781,90.58000183105469,1967100
2011-07-12 00:00:00+00:00,90.5199966430664,90.66000366210938,90.31999969482422,90.33000183105469,1407200
2011-07-13 00:00:00+00:00,90.5999984741211,91.06999969482422,90.54000091552734,91.02999877929688,1056800
2011-07-14 00:00:00+00:00,90.87000274658203,91.5,90.80999755859375,90.9800033569336,823300
2011-07-15 00:00:00+00:00,91.16999816894531,91.16999816894531,90.88999938964844,90.94999694824219,688800
2011-07-18 00:00:00+00:00,90.75,91.0,90.51000213623047,90.79000091552734,2103500
2011-07-19 00:00:00+00:00,90.77999877929688,91.2300033569336,90.70999908447266,91.19999694824219,894100
2011-07-20 00:00:00+00:00,91.41000366210938,91.41000366210938,91.19999694824219,91.27999877929688,878500
2011-07-21 00:00:00+00:00,91.44999694824219,91.7699966430664,91.3499984741211,91.72000122070312,936300
2011-07-22 00:00:00+00:00,91.5999984741211,91.86000061035156,91.54000091552734,91.83999633789062,670000
2011-07-25 00:00:00+00:00,91.55000305175781,91.73999786376953,91.33999633789062,91.3499984741211,1050600
2011-07-26 00:00:00+00:00,91.44000244140625,91.63999938964844,91.33000183105469,91.54000091552734,570200
2011-07-27 00:00:00+00:00,91.5199966430664,91.58000183105469,90.81999969482422,90.81999969482422,1158100
2011-07-28 00:00:00+00:00,90.91999816894531,91.18000030517578,90.83000183105469,90.95999908447266,689700
2011-07-29 00:00:00+00:00,90.4800033569336,91.08000183105469,90.41000366210938,91.05000305175781,1199100
2011-08-01 00:00:00+00:00,90.79000091552734,91.01000213623047,90.25,90.69999694824219,907000
2011-08-02 00:00:00+00:00,90.48999786376953,90.5,89.56999969482422,89.58000183105469,1286700
2011-08-03 00:00:00+00:00,89.61000061035156,89.95999908447266,88.80999755859375,89.52999877929688,2361600
2011-08-04 00:00:00+00:00,89.0,89.3499984741211,86.91000366210938,86.94999694824219,3396500
2011-08-05 00:00:00+00:00,87.44000244140625,88.12999725341797,84.61000061035156,86.86000061035156,4671900
2011-08-08 00:00:00+00:00,83.87000274658203,85.86000061035156,82.33000183105469,83.16000366210938,6491600
2011-08-09 00:00:00+00:00,84.25,85.69999694824219,83.05000305175781,85.69999694824219,5124100
2011-08-10 00:00:00+00:00,85.1500015258789,85.29000091552734,83.88999938964844,84.25,3395000
2011-08-11 00:00:00+00:00,83.66000366210938,85.91000366210938,83.66000366210938,85.77999877929688,2916900
2011-08-12 00:00:00+00:00,85.9800033569336,86.20999908447266,85.02999877929688,85.37999725341797,2273600
2011-08-15 00:00:00+00:00,85.97000122070312,86.88999938964844,85.68000030517578,86.7699966430664,3280700
2011-08-16 00:00:00+00:00,86.52999877929688,86.77999877929688,86.12000274658203,86.22000122070312,2712000
2011-08-17 00:00:00+00:00,86.62999725341797,87.18000030517578,86.5999984741211,87.16999816894531,1668900
2011-08-18 00:00:00+00:00,86.18000030517578,86.2300033569336,85.11000061035156,86.11000061035156,2342700
2011-08-19 00:00:00+00:00,85.2699966430664,86.58000183105469,85.08999633789062,85.36000061035156,1879400
2011-08-22 00:00:00+00:00,86.0,86.36000061035156,85.3499984741211,85.45999908447266,1681100
2011-08-23 00:00:00+00:00,85.27999877929688,86.23999786376953,84.69999694824219,86.0999984741211,2588800
2011-08-24 00:00:00+00:00,85.5,86.05999755859375,85.19000244140625,85.70999908447266,2550900
2011-08-25 00:00:00+00:00,86.22000122070312,86.45999908447266,85.0,85.0199966430664,1678800
2011-08-26 00:00:00+00:00,85.05000305175781,86.05000305175781,84.30000305175781,85.87999725341797,1629000
2011-08-29 00:00:00+00:00,86.47000122070312,86.8499984741211,86.18000030517578,86.75,2082100
2011-08-30 00:00:00+00:00,86.61000061035156,86.95999908447266,86.48999786376953,86.91000366210938,1774500
2011-08-31 00:00:00+00:00,87.79000091552734,88.37999725341797,87.56999969482422,88.02999877929688,3213700
2011-09-01 00:00:00+00:00,87.48999786376953,87.61000061035156,87.2300033569336,87.41000366210938,1624000
2011-09-02 00:00:00+00:00,86.56999969482422,87.55999755859375,86.56999969482422,87.0,1814600
2011-09-06 00:00:00+00:00,85.76000213623047,86.30000305175781,85.5199966430664,85.97000122070312,3004100
2011-09-07 00:00:00+00:00,86.58999633789062,86.76000213623047,86.11000061035156,86.38999938964844,916900
2011-09-08 00:00:00+00:00,86.55999755859375,86.8499984741211,86.38999938964844,86.66000366210938,1533100
2011-09-09 00:00:00+00:00,86.55000305175781,86.80000305175781,85.62999725341797,85.87999725341797,1978400
2011-09-12 00:00:00+00:00,85.30999755859375,85.45999908447266,84.80999755859375,85.13999938964844,2110000
2011-09-13 00:00:00+00:00,85.33999633789062,86.0,85.13999938964844,85.79000091552734,2331900
2011-09-14 00:00:00+00:00,86.06999969482422,86.55999755859375,85.66000366210938,86.36000061035156,1648300
2011-09-15 00:00:00+00:00,86.55999755859375,86.95999908447266,86.37000274658203,86.94000244140625,1534000
2011-09-16 00:00:00+00:00,87.1500015258789,87.1500015258789,86.5999984741211,86.88999938964844,1217200
2011-09-19 00:00:00+00:00,86.73999786376953,86.93000030517578,86.37999725341797,86.76000213623047,1251000
2011-09-20 00:00:00+00:00,86.91999816894531,87.08000183105469,86.56999969482422,86.9000015258789,1509100
2011-09-21 00:00:00+00:00,86.9000015258789,87.08000183105469,86.13999938964844,86.1500015258789,2524900
2011-09-22 00:00:00+00:00,85.16999816894531,85.5199966430664,84.77999877929688,84.9800033569336,2295700
2011-09-23 00:00:00+00:00,84.7300033569336,85.62000274658203,84.69999694824219,85.20999908447266,2251300
2011-09-26 00:00:00+00:00,85.38999938964844,86.37999725341797,85.01000213623047,85.52999877929688,2451400
2011-09-27 00:00:00+00:00,86.04000091552734,86.04000091552734,85.5,85.62999725341797,3481300
2011-09-28 00:00:00+00:00,85.58000183105469,85.5999984741211,84.51000213623047,84.66999816894531,2696800
2011-09-29 00:00:00+00:00,85.0,85.27999877929688,84.36000061035156,84.51000213623047,1643100
2011-09-30 00:00:00+00:00,83.9800033569336,83.9800033569336,82.7300033569336,82.83000183105469,2510700
2011-10-03 00:00:00+00:00,81.91999816894531,82.45999908447266,81.30000305175781,81.30000305175781,2560600
2011-10-04 00:00:00+00:00,80.61000061035156,81.18000030517578,77.9000015258789,81.05000305175781,4870500
2011-10-05 00:00:00+00:00,81.43000030517578,82.11000061035156,80.7300033569336,82.04000091552734,2563800
2011-10-06 00:00:00+00:00,82.29000091552734,83.31999969482422,81.9000015258789,83.30999755859375,2317200
2011-10-07 00:00:00+00:00,83.77999877929688,83.80000305175781,82.66999816894531,83.37999725341797,2686900
2011-10-10 00:00:00+00:00,84.37999725341797,85.18000030517578,83.87000274658203,85.16999816894531,2014300
2011-10-11 00:00:00+00:00,85.02999877929688,85.02999877929688,84.18000030517578,84.2300033569336,2278800
2011-10-12 00:00:00+00:00,84.7699966430664,86.27999877929688,84.41999816894531,86.19000244140625,4223000
2011-10-13 00:00:00+00:00,85.83999633789062,86.0199966430664,85.11000061035156,85.83000183105469,3361300
2011-10-14 00:00:00+00:00,86.30999755859375,86.45999908447266,86.0,86.43000030517578,2760400
2011-10-17 00:00:00+00:00,86.0199966430664,86.06999969482422,85.7300033569336,85.93000030517578,1904100
2011-10-18 00:00:00+00:00,85.91999816894531,86.58000183105469,85.43000030517578,86.38999938964844,2890000
2011-10-19 00:00:00+00:00,86.55000305175781,87.22000122070312,86.05999755859375,86.11000061035156,3574500
2011-10-20 00:00:00+00:00,86.4000015258789,86.87999725341797,86.19999694824219,86.87000274658203,1759800
2011-10-21 00:00:00+00:00,87.44999694824219,87.94000244140625,87.25,87.91999816894531,2405600
2011-10-24 00:00:00+00:00,88.0,90.4800033569336,87.8499984741211,90.30000305175781,5630300
2011-10-25 00:00:00+00:00,89.41000366210938,89.83000183105469,88.66000366210938,88.69999694824219,4506500
2011-10-26 00:00:00+00:00,89.5,89.5,88.44999694824219,89.08000183105469,2839500
2011-10-27 00:00:00+00:00,90.73999786376953,91.41999816894531,90.0,90.38999938964844,5132100
2011-10-28 00:00:00+00:00,90.16000366210938,90.19999694824219,89.83999633789062,90.12000274658203,2820700
2011-10-31 00:00:00+00:00,89.66000366210938,89.66999816894531,89.19999694824219,89.27999877929688,2972600
2011-11-01 00:00:00+00:00,87.52999877929688,88.12000274658203,86.75,87.16999816894531,3132800
2011-11-02 00:00:00+00:00,87.62999725341797,88.18000030517578,87.45999908447266,88.0,1812500
2011-11-03 00:00:00+00:00,88.69000244140625,88.98999786376953,88.12000274658203,88.87000274658203,1409900
2011-11-04 00:00:00+00:00,88.37999725341797,88.86000061035156,88.06999969482422,88.77999877929688,3759500
2011-11-07 00:00:00+00:00,88.7300033569336,88.79000091552734,88.0199966430664,88.4800033569336,1756000
2011-11-08 00:00:00+00:00,88.75,88.81999969482422,88.33000183105469,88.68000030517578,1823800
2011-11-09 00:00:00+00:00,87.70999908447266,87.97000122070312,86.80000305175781,86.80000305175781,2151500
2011-11-10 00:00:00+00:00,87.56999969482422,87.70999908447266,86.87000274658203,86.88999938964844,2487700
2011-11-11 00:00:00+00:00,87.4000015258789,88.11000061035156,87.33000183105469,88.04000091552734,1270200
2011-11-14 00:00:00+00:00,87.87999725341797,87.87999725341797,87.0,87.44999694824219,1603100
2011-11-15 00:00:00+00:00,87.30999755859375,87.4000015258789,86.9000015258789,87.22000122070312,1450000
2011-11-16 00:00:00+00:00,86.97000122070312,87.12000274658203,86.3499984741211,86.37000274658203,1788500
2011-11-17 00:00:00+00:00,86.51000213623047,86.7699966430664,85.52999877929688,85.94999694824219,2131700
2011-11-18 00:00:00+00:00,86.27999877929688,86.30999755859375,85.79000091552734,85.88999938964844,2226100
2011-11-21 00:00:00+00:00,85.79000091552734,85.91999816894531,84.81999969482422,84.91999816894531,3219000
2011-11-22 00:00:00+00:00,84.9000015258789,85.13999938964844,84.19000244140625,84.2699966430664,4123400
2011-11-23 00:00:00+00:00,84.01000213623047,84.19999694824219,82.62999725341797,82.75,4483000
2011-11-25 00:00:00+00:00,82.98999786376953,83.69000244140625,82.52999877929688,82.75,1476200
2011-11-28 00:00:00+00:00,84.52999877929688,84.91999816894531,84.0199966430664,84.5999984741211,2455000
2011-11-29 00:00:00+00:00,84.91999816894531,85.1500015258789,84.62000274658203,85.1500015258789,2010300
2011-11-30 00:00:00+00:00,86.30000305175781,86.68000030517578,86.06999969482422,86.5999984741211,2944100
2011-12-01 00:00:00+00:00,86.0,86.5199966430664,85.83999633789062,86.43000030517578,2442000
2011-12-02 00:00:00+00:00,86.69000244140625,87.0,86.43000030517578,86.91999816894531,2664700
2011-12-05 00:00:00+00:00,87.44000244140625,87.63999938964844,87.12000274658203,87.41000366210938,2719200
2011-12-06 00:00:00+00:00,87.37000274658203,87.86000061035156,87.12999725341797,87.80000305175781,2355600
2011-12-07 00:00:00+00:00,87.58000183105469,87.68000030517578,87.19000244140625,87.5199966430664,1740600
2011-12-08 00:00:00+00:00,87.38999938964844,87.5199966430664,86.94000244140625,86.94999694824219,1994200
2011-12-09 00:00:00+00:00,87.0999984741211,87.75,87.0,87.69999694824219,1355900
2011-12-12 00:00:00+00:00,87.37999725341797,87.37999725341797,87.05000305175781,87.2300033569336,1772000
2011-12-13 00:00:00+00:00,87.51000213623047,87.70999908447266,86.87000274658203,86.9000015258789,1742400
2011-12-14 00:00:00+00:00,86.93000030517578,86.9800033569336,86.47000122070312,86.75,1317700
2011-12-15 00:00:00+00:00,87.33999633789062,87.3499984741211,86.93000030517578,87.05999755859375,1562200
2011-12-16 00:00:00+00:00,87.25,87.51000213623047,87.0,87.47000122070312,1383900
2011-12-19 00:00:00+00:00,87.54000091552734,87.94999694824219,87.3499984741211,87.36000061035156,2268000
2011-12-20 00:00:00+00:00,87.94000244140625,88.5199966430664,87.86000061035156,88.44999694824219,1957100
2011-12-21 00:00:00+00:00,88.20999908447266,88.69999694824219,88.0999984741211,88.69999694824219,1792300
2011-12-22 00:00:00+00:00,88.62999725341797,89.16000366210938,88.45999908447266,89.04000091552734,1885800
2011-12-23 00:00:00+00:00,88.98999786376953,89.51000213623047,88.87000274658203,89.44999694824219,1255200
2011-12-27 00:00:00+00:00,89.02999877929688,89.30000305175781,88.80000305175781,89.2699966430664,2282000
2011-12-28 00:00:00+00:00,89.41000366210938,89.48999786376953,88.76000213623047,88.8499984741211,1899200
2011-12-29 00:00:00+00:00,89.0999984741211,89.44000244140625,88.86000061035156,89.37999725341797,1558600
2011-12-30 00:00:00+00:00,89.37000274658203,89.6500015258789,89.26000213623047,89.43000030517578,1553400
2012-01-03 00:00:00+00:00,89.81999969482422,89.98999786376953,89.44999694824219,89.72000122070312,3118800
2012-01-04 00:00:00+00:00,89.69999694824219,89.70999908447266,89.11000061035156,89.56999969482422,3010000
2012-01-05 00:00:00+00:00,89.54000091552734,89.58000183105469,88.98999786376953,89.18000030517578,2579700
2012-01-06 00:00:00+00:00,89.38999938964844,89.38999938964844,88.75,88.9000015258789,1916400
2012-01-09 00:00:00+00:00,88.91000366210938,89.2300033569336,88.91000366210938,89.0199966430664,2157800
2012-01-10 00:00:00+00:00,89.4000015258789,89.4800033569336,89.19999694824219,89.33000183105469,2318000
2012-01-11 00:00:00+00:00,89.2699966430664,89.33000183105469,89.04000091552734,89.23999786376953,1191100
2012-01-12 00:00:00+00:00,89.23999786376953,89.44000244140625,89.04000091552734,89.12000274658203,1558100
2012-01-13 00:00:00+00:00,89.06999969482422,89.12999725341797,88.55000305175781,89.0199966430664,1929400
2012-01-17 00:00:00+00:00,89.37999725341797,89.37999725341797,89.05999755859375,89.19999694824219,4144200
2012-01-18 00:00:00+00:00,89.20999908447266,89.45999908447266,88.94999694824219,89.44999694824219,2725800
2012-01-19 00:00:00+00:00,89.72000122070312,89.8499984741211,89.45999908447266,89.58000183105469,2953000
2012-01-20 00:00:00+00:00,89.61000061035156,89.73999786376953,89.54000091552734,89.58000183105469,2037500
2012-01-23 00:00:00+00:00,89.7699966430664,90.0199966430664,89.66000366210938,89.88999938964844,1680100
2012-01-24 00:00:00+00:00,89.88999938964844,90.16999816894531,89.72000122070312,90.12000274658203,2863800
2012-01-25 00:00:00+00:00,90.30000305175781,91.0,89.91999816894531,90.91000366210938,3882800
2012-01-26 00:00:00+00:00,91.30000305175781,91.4800033569336,90.91999816894531,91.12999725341797,6487500
2012-01-27 00:00:00+00:00,91.01000213623047,91.18000030517578,90.80000305175781,90.80000305175781,2431100
2012-01-30 00:00:00+00:00,90.45999908447266,90.7300033569336,90.3499984741211,90.51000213623047,2553000
2012-01-31 00:00:00+00:00,90.75,90.87000274658203,90.52999877929688,90.73999786376953,2864400
2012-02-01 00:00:00+00:00,90.27999877929688,90.72000122070312,90.27999877929688,90.4000015258789,4284200
2012-02-02 00:00:00+00:00,90.58999633789062,90.62000274658203,90.41000366210938,90.45999908447266,2079600
2012-02-03 00:00:00+00:00,91.22000122070312,91.23999786376953,90.58000183105469,90.72000122070312,2312900
2012-02-06 00:00:00+00:00,90.63999938964844,90.76000213623047,90.5,90.73999786376953,2270500
2012-02-07 00:00:00+00:00,90.79000091552734,90.98999786376953,90.66999816894531,90.91999816894531,2467000
2012-02-08 00:00:00+00:00,91.04000091552734,91.08999633789062,90.80999755859375,91.0,3336000
2012-02-09 00:00:00+00:00,91.05999755859375,91.08999633789062,90.66999816894531,91.04000091552734,3258700
2012-02-10 00:00:00+00:00,90.58000183105469,90.62000274658203,90.25,90.25,2909600
2012-02-13 00:00:00+00:00,90.5,90.72000122070312,90.33000183105469,90.51000213623047,2193100
2012-02-14 00:00:00+00:00,90.45999908447266,90.6500015258789,90.38999938964844,90.51000213623047,3000100
2012-02-15 00:00:00+00:00,90.52999877929688,90.7699966430664,90.19999694824219,90.22000122070312,1986600
2012-02-16 00:00:00+00:00,90.22000122070312,90.62000274658203,89.98999786376953,90.5999984741211,2514100
2012-02-17 00:00:00+00:00,90.83999633789062,90.86000061035156,90.44999694824219,90.56999969482422,2402700
2012-02-21 00:00:00+00:00,90.68000030517578,91.08999633789062,90.6500015258789,90.91000366210938,2265100
2012-02-22 00:00:00+00:00,91.02999877929688,91.25,90.97000122070312,91.19999694824219,3570600
2012-02-23 00:00:00+00:00,91.26000213623047,91.73999786376953,91.19999694824219,91.52999877929688,3212300
2012-02-24 00:00:00+00:00,91.55000305175781,91.8499984741211,91.4800033569336,91.80999755859375,1795500
2012-02-27 00:00:00+00:00,91.58999633789062,91.94999694824219,91.58999633789062,91.83000183105469,1608100
2012-02-28 00:00:00+00:00,91.9000015258789,92.12000274658203,91.8499984741211,92.01000213623047,2813200
2012-02-29 00:00:00+00:00,92.0999984741211,92.26000213623047,91.7699966430664,92.12999725341797,3085800
2012-03-01 00:00:00+00:00,91.6500015258789,91.83999633789062,91.5,91.75,3802800
2012-03-02 00:00:00+00:00,91.7300033569336,91.7300033569336,91.33999633789062,91.37000274658203,1709000
2012-03-05 00:00:00+00:00,91.44999694824219,91.4800033569336,90.8499984741211,90.86000061035156,2333700
2012-03-06 00:00:00+00:00,90.54000091552734,90.73999786376953,89.6500015258789,89.6500015258789,5792700
2012-03-07 00:00:00+00:00,89.93000030517578,90.01000213623047,89.63999938964844,89.9000015258789,5840700
2012-03-08 00:00:00+00:00,90.25,90.62000274658203,90.04000091552734,90.5999984741211,2249700
2012-03-09 00:00:00+00:00,90.69000244140625,90.94000244140625,90.62999725341797,90.69999694824219,2531300
2012-03-12 00:00:00+00:00,90.62000274658203,90.72000122070312,90.5,90.69999694824219,2153000
2012-03-13 00:00:00+00:00,90.9800033569336,91.36000061035156,90.76000213623047,91.36000061035156,2890700
2012-03-14 00:00:00+00:00,91.30999755859375,91.3499984741211,90.66999816894531,91.12999725341797,2928800
2012-03-15 00:00:00+00:00,91.19999694824219,91.19999694824219,90.73999786376953,90.81999969482422,1726800
2012-03-16 00:00:00+00:00,90.91000366210938,91.0,90.30000305175781,90.48999786376953,3570300
2012-03-19 00:00:00+00:00,90.48999786376953,90.86000061035156,90.33000183105469,90.83000183105469,2283900
2012-03-20 00:00:00+00:00,90.76000213623047,90.91999816894531,90.61000061035156,90.76000213623047,2756600
2012-03-21 00:00:00+00:00,90.93000030517578,90.93000030517578,90.44999694824219,90.47000122070312,3280100
2012-03-22 00:00:00+00:00,90.44999694824219,90.77999877929688,90.43000030517578,90.69000244140625,3500900
2012-03-23 00:00:00+00:00,90.66000366210938,90.75,90.4000015258789,90.5,3465200
2012-03-26 00:00:00+00:00,90.62000274658203,91.05999755859375,90.56999969482422,91.05000305175781,2081200
2012-03-27 00:00:00+00:00,91.01000213623047,91.30999755859375,90.94000244140625,91.20999908447266,4196700
2012-03-28 00:00:00+00:00,91.25,91.25,90.7699966430664,90.91000366210938,2803700
2012-03-29 00:00:00+00:00,90.81999969482422,90.94999694824219,90.5999984741211,90.9000015258789,2158600
2012-03-30 00:00:00+00:00,90.97000122070312,91.06999969482422,90.58999633789062,90.72000122070312,4020300
2012-04-02 00:00:00+00:00,90.36000061035156,90.47000122070312,90.19999694824219,90.33000183105469,5883800
2012-04-03 00:00:00+00:00,90.30999755859375,90.5199966430664,90.23999786376953,90.25,4099700
2012-04-04 00:00:00+00:00,89.97000122070312,90.0999984741211,89.79000091552734,89.91999816894531,2297600
2012-04-05 00:00:00+00:00,89.87000274658203,89.9000015258789,89.58999633789062,89.69999694824219,3658900
2012-04-09 00:00:00+00:00,89.52999877929688,89.56999969482422,89.13999938964844,89.23999786376953,2692500
2012-04-10 00:00:00+00:00,89.2699966430664,89.43000030517578,88.72000122070312,88.80000305175781,4471100
2012-04-11 00:00:00+00:00,89.23999786376953,89.38999938964844,89.06999969482422,89.33999633789062,2003700
2012-04-12 00:00:00+00:00,89.41999816894531,90.20999908447266,89.33999633789062,90.13999938964844,2753500
2012-04-13 00:00:00+00:00,90.11000061035156,90.19999694824219,89.79000091552734,89.8499984741211,2767400
2012-04-16 00:00:00+00:00,90.04000091552734,90.16999816894531,89.70999908447266,89.98999786376953,3804300
2012-04-17 00:00:00+00:00,90.26000213623047,90.48999786376953,90.1500015258789,90.37999725341797,2787400
2012-04-18 00:00:00+00:00,90.23999786376953,90.45999908447266,90.19000244140625,90.3499984741211,3322600
2012-04-19 00:00:00+00:00,90.31999969482422,90.48999786376953,90.08000183105469,90.18000030517578,2597800
2012-04-20 00:00:00+00:00,90.45999908447266,90.45999908447266,90.11000061035156,90.31999969482422,2241500
2012-04-23 00:00:00+00:00,90.0199966430664,90.16000366210938,89.8499984741211,90.12999725341797,2850700
2012-04-24 00:00:00+00:00,90.2300033569336,90.33999633789062,90.0999984741211,90.33999633789062,2049300
2012-04-25 00:00:00+00:00,90.56999969482422,91.0,90.45999908447266,91.0,3351000
2012-04-26 00:00:00+00:00,91.0,91.13999938964844,90.95999908447266,91.05999755859375,2641100
2012-04-27 00:00:00+00:00,91.13999938964844,91.1500015258789,90.9000015258789,91.0199966430664,2413000
2012-04-30 00:00:00+00:00,91.02999877929688,91.22000122070312,90.80000305175781,91.19999694824219,3989000
2012-05-01 00:00:00+00:00,90.8499984741211,91.16999816894531,90.7300033569336,90.76000213623047,3624600
2012-05-02 00:00:00+00:00,90.66000366210938,91.18000030517578,90.5999984741211,91.11000061035156,2040700
2012-05-03 00:00:00+00:00,91.19999694824219,91.25,90.94999694824219,91.05000305175781,1871900
2012-05-04 00:00:00+00:00,90.94000244140625,91.08000183105469,90.80000305175781,90.87000274658203,2381400
2012-05-07 00:00:00+00:00,90.83999633789062,91.23999786376953,90.61000061035156,91.0199966430664,1906100
2012-05-08 00:00:00+00:00,90.88999938964844,91.06999969482422,90.72000122070312,91.0,1688900
2012-05-09 00:00:00+00:00,90.7699966430664,90.86000061035156,90.44000244140625,90.68000030517578,3146800
2012-05-10 00:00:00+00:00,90.9800033569336,91.02999877929688,90.5199966430664,90.58000183105469,3354000
2012-05-11 00:00:00+00:00,90.54000091552734,91.1500015258789,90.4800033569336,90.80999755859375,2765200
2012-05-14 00:00:00+00:00,90.5,90.56999969482422,90.0,90.13999938964844,4544000
2012-05-15 00:00:00+00:00,90.0999984741211,90.18000030517578,89.69999694824219,89.69999694824219,5242100
2012-05-16 00:00:00+00:00,89.80999755859375,90.05000305175781,88.79000091552734,88.81999969482422,6224400
2012-05-17 00:00:00+00:00,88.81999969482422,88.83000183105469,87.37000274658203,87.58999633789062,8867800
2012-05-18 00:00:00+00:00,88.01000213623047,88.29000091552734,87.4800033569336,87.58999633789062,6525600
2012-05-21 00:00:00+00:00,87.69000244140625,88.55999755859375,87.68000030517578,88.5,4276900
2012-05-22 00:00:00+00:00,88.76000213623047,89.11000061035156,88.37999725341797,88.48999786376953,3675300
2012-05-23 00:00:00+00:00,88.29000091552734,88.68000030517578,87.94999694824219,88.4000015258789,4320900
2012-05-24 00:00:00+00:00,88.25,88.6500015258789,88.25,88.41999816894531,2183000
2012-05-25 00:00:00+00:00,88.56999969482422,88.63999938964844,88.08999633789062,88.13999938964844,1651500
2012-05-29 00:00:00+00:00,88.52999877929688,89.25,88.44999694824219,89.11000061035156,4380300
2012-05-30 00:00:00+00:00,88.7300033569336,88.80999755859375,88.52999877929688,88.70999908447266,2543300
2012-05-31 00:00:00+00:00,88.80000305175781,88.80000305175781,87.75,87.7699966430664,10706100
2012-06-01 00:00:00+00:00,86.58000183105469,87.16000366210938,86.36000061035156,86.47000122070312,5945600
2012-06-04 00:00:00+00:00,86.54000091552734,86.8499984741211,86.43000030517578,86.54000091552734,3125700
2012-06-05 00:00:00+00:00,86.54000091552734,87.37999725341797,86.44999694824219,87.08999633789062,2970100
2012-06-06 00:00:00+00:00,87.48999786376953,88.04000091552734,87.30999755859375,88.0199966430664,2334800
2012-06-07 00:00:00+00:00,88.5,88.73999786376953,88.04000091552734,88.3499984741211,5454300
2012-06-08 00:00:00+00:00,88.33000183105469,88.9000015258789,88.19000244140625,88.69000244140625,3738100
2012-06-11 00:00:00+00:00,88.9000015258789,88.98999786376953,88.0999984741211,88.11000061035156,5266700
2012-06-12 00:00:00+00:00,88.41000366210938,88.81999969482422,88.26000213623047,88.7300033569336,3648400
2012-06-13 00:00:00+00:00,88.5999984741211,88.91999816894531,88.26000213623047,88.47000122070312,3527200
2012-06-14 00:00:00+00:00,88.48999786376953,89.23999786376953,88.43000030517578,89.12999725341797,3874100
2012-06-15 00:00:00+00:00,89.0,89.37999725341797,89.0,89.29000091552734,2683200
2012-06-18 00:00:00+00:00,89.08999633789062,89.33999633789062,89.0,89.31999969482422,3628200
2012-06-19 00:00:00+00:00,89.69000244140625,90.11000061035156,89.33999633789062,89.94999694824219,2809100
2012-06-20 00:00:00+00:00,90.18000030517578,90.33999633789062,89.81999969482422,90.30000305175781,3719000
2012-06-21 00:00:00+00:00,90.4000015258789,90.69999694824219,89.41999816894531,89.55999755859375,4843700
2012-06-22 00:00:00+00:00,89.87000274658203,90.27999877929688,89.8499984741211,90.16999816894531,3211700
2012-06-25 00:00:00+00:00,89.80999755859375,90.05000305175781,89.66999816894531,90.02999877929688,3385600
2012-06-26 00:00:00+00:00,90.11000061035156,90.12000274658203,89.66000366210938,89.9000015258789,2357900
2012-06-27 00:00:00+00:00,90.05999755859375,90.45999908447266,90.05999755859375,90.44000244140625,1918000
2012-06-28 00:00:00+00:00,90.19000244140625,90.48999786376953,90.08000183105469,90.43000030517578,3068700
2012-06-29 00:00:00+00:00,90.9800033569336,91.29000091552734,90.77999877929688,91.29000091552734,3394900
2012-07-02 00:00:00+00:00,90.80000305175781,90.87000274658203,90.4000015258789,90.87000274658203,3810700
2012-07-03 00:00:00+00:00,90.94999694824219,91.26000213623047,90.83000183105469,91.19999694824219,1987500
2012-07-05 00:00:00+00:00,91.0,91.41000366210938,90.72000122070312,91.20999908447266,2221300
2012-07-06 00:00:00+00:00,90.73999786376953,91.12999725341797,90.69999694824219,91.08999633789062,2612400
2012-07-09 00:00:00+00:00,90.98999786376953,91.23999786376953,90.88999938964844,91.12000274658203,1916600
2012-07-10 00:00:00+00:00,91.19999694824219,91.33999633789062,90.5999984741211,90.72000122070312,1832600
2012-07-11 00:00:00+00:00,90.86000061035156,91.08000183105469,90.63999938964844,91.01000213623047,3188700
2012-07-12 00:00:00+00:00,90.93000030517578,90.95999908447266,90.45999908447266,90.80999755859375,1989100
2012-07-13 00:00:00+00:00,90.91000366210938,91.12999725341797,90.76000213623047,91.08999633789062,2316400
2012-07-16 00:00:00+00:00,90.69000244140625,91.02999877929688,90.66000366210938,90.73999786376953,2178900
2012-07-17 00:00:00+00:00,91.0,91.19000244140625,90.69000244140625,91.16999816894531,4036500
2012-07-18 00:00:00+00:00,91.12999725341797,91.55000305175781,91.08999633789062,91.55000305175781,3958600
2012-07-19 00:00:00+00:00,91.51000213623047,91.88999938964844,91.4800033569336,91.77999877929688,4718200
2012-07-20 00:00:00+00:00,91.51000213623047,91.61000061035156,91.2300033569336,91.3499984741211,2733500
2012-07-23 00:00:00+00:00,90.83999633789062,91.29000091552734,90.58000183105469,91.19999694824219,4561700
2012-07-24 00:00:00+00:00,91.12000274658203,91.16000366210938,90.56999969482422,90.63999938964844,3447700
2012-07-25 00:00:00+00:00,90.88999938964844,90.93000030517578,90.44000244140625,90.44999694824219,2891000
2012-07-26 00:00:00+00:00,90.88999938964844,91.41999816894531,90.83000183105469,91.37999725341797,4330900
2012-07-27 00:00:00+00:00,91.37000274658203,91.94000244140625,91.37000274658203,91.91999816894531,5556800
2012-07-30 00:00:00+00:00,91.9000015258789,91.94999694824219,91.6500015258789,91.91999816894531,3889700
2012-07-31 00:00:00+00:00,91.94999694824219,91.98999786376953,91.54000091552734,91.69999694824219,3530800
2012-08-01 00:00:00+00:00,91.41000366210938,91.69000244140625,91.1500015258789,91.69000244140625,3598100
2012-08-02 00:00:00+00:00,91.45999908447266,91.58999633789062,91.1500015258789,91.31999969482422,4516600
2012-08-03 00:00:00+00:00,91.5999984741211,91.9000015258789,91.56999969482422,91.69999694824219,4602000
2012-08-06 00:00:00+00:00,91.6500015258789,91.98999786376953,91.63999938964844,91.63999938964844,2864400
2012-08-07 00:00:00+00:00,91.81999969482422,91.9000015258789,91.36000061035156,91.45999908447266,3680600
2012-08-08 00:00:00+00:00,91.58000183105469,91.70999908447266,91.4800033569336,91.5199966430664,3162100
2012-08-09 00:00:00+00:00,91.62000274658203,91.66000366210938,91.37999725341797,91.52999877929688,2975600
2012-08-10 00:00:00+00:00,91.41999816894531,91.58000183105469,91.30999755859375,91.44999694824219,1533600
2012-08-13 00:00:00+00:00,91.41000366210938,91.5,91.25,91.5,2007800
2012-08-14 00:00:00+00:00,91.5,91.79000091552734,91.47000122070312,91.63999938964844,2381000
2012-08-15 00:00:00+00:00,91.7300033569336,91.7300033569336,91.19999694824219,91.19999694824219,2580400
2012-08-16 00:00:00+00:00,91.33999633789062,91.58000183105469,91.08000183105469,91.54000091552734,2914300
2012-08-17 00:00:00+00:00,91.48999786376953,91.6500015258789,91.38999938964844,91.54000091552734,2222000
2012-08-20 00:00:00+00:00,91.55999755859375,91.69999694824219,91.41000366210938,91.6500015258789,2333200
2012-08-21 00:00:00+00:00,91.7300033569336,91.86000061035156,91.69999694824219,91.8499984741211,2531200
2012-08-22 00:00:00+00:00,91.76000213623047,91.87000274658203,91.68000030517578,91.76000213623047,1889100
2012-08-23 00:00:00+00:00,91.7699966430664,91.8499984741211,91.61000061035156,91.73999786376953,1141700
2012-08-24 00:00:00+00:00,91.7699966430664,92.16000366210938,91.69000244140625,92.1500015258789,2082100
2012-08-27 00:00:00+00:00,92.12000274658203,92.22000122070312,91.91999816894531,92.08000183105469,1883600
2012-08-28 00:00:00+00:00,92.06999969482422,92.1500015258789,91.94999694824219,92.0,1795700
2012-08-29 00:00:00+00:00,92.12999725341797,92.16999816894531,92.0,92.12999725341797,1617600
2012-08-30 00:00:00+00:00,92.08000183105469,92.18000030517578,92.0,92.08999633789062,2022400
2012-08-31 00:00:00+00:00,92.25,92.4000015258789,92.08999633789062,92.33000183105469,1801800
2012-09-04 00:00:00+00:00,91.87000274658203,91.87000274658203,91.55999755859375,91.81999969482422,3921500
2012-09-05 00:00:00+00:00,91.91000366210938,91.91999816894531,91.76000213623047,91.83000183105469,1541000
2012-09-06 00:00:00+00:00,91.86000061035156,92.37999725341797,91.86000061035156,92.37000274658203,3306000
2012-09-07 00:00:00+00:00,92.5,92.5999984741211,92.37000274658203,92.52999877929688,3403300
2012-09-10 00:00:00+00:00,92.4800033569336,92.70999908447266,92.31999969482422,92.37999725341797,2138600
2012-09-11 00:00:00+00:00,92.43000030517578,93.01000213623047,92.43000030517578,93.01000213623047,4400300
2012-09-12 00:00:00+00:00,93.12999725341797,93.30999755859375,93.08000183105469,93.29000091552734,1957400
2012-09-13 00:00:00+00:00,93.33000183105469,93.91000366210938,93.26000213623047,93.88999938964844,5946800
2012-09-14 00:00:00+00:00,93.9000015258789,94.04000091552734,93.70999908447266,93.87999725341797,3467200
2012-09-17 00:00:00+00:00,93.77999877929688,93.9800033569336,93.69999694824219,93.80000305175781,3075500
2012-09-18 00:00:00+00:00,93.83000183105469,93.91999816894531,93.62000274658203,93.83999633789062,4099400
2012-09-19 00:00:00+00:00,93.94000244140625,93.94000244140625,93.72000122070312,93.72000122070312,3306500
2012-09-20 00:00:00+00:00,93.62999725341797,93.63999938964844,93.2699966430664,93.27999877929688,2122200
2012-09-21 00:00:00+00:00,93.47000122070312,93.47000122070312,93.02999877929688,93.1500015258789,3121700
2012-09-24 00:00:00+00:00,93.0199966430664,93.12000274658203,92.94000244140625,93.02999877929688,1867200
2012-09-25 00:00:00+00:00,93.05000305175781,93.0999984741211,92.12999725341797,92.19999694824219,5726800
2012-09-26 00:00:00+00:00,92.18000030517578,92.19999694824219,91.4800033569336,91.73999786376953,6554200
2012-09-27 00:00:00+00:00,92.18000030517578,92.73999786376953,92.0,92.73999786376953,3882600
2012-09-28 00:00:00+00:00,92.66000366210938,92.66999816894531,92.29000091552734,92.30000305175781,3668200
2012-10-01 00:00:00+00:00,92.2699966430664,92.2699966430664,91.5999984741211,91.66000366210938,5386700
2012-10-02 00:00:00+00:00,91.83999633789062,91.97000122070312,91.63999938964844,91.88999938964844,3151900
2012-10-03 00:00:00+00:00,91.97000122070312,92.3499984741211,91.91000366210938,92.12000274658203,3201000
2012-10-04 00:00:00+00:00,92.2300033569336,92.56999969482422,92.18000030517578,92.51000213623047,1847200
2012-10-05 00:00:00+00:00,92.77999877929688,92.79000091552734,92.27999877929688,92.45999908447266,2513500
2012-10-08 00:00:00+00:00,92.26000213623047,92.4000015258789,92.19000244140625,92.33000183105469,1143300
2012-10-09 00:00:00+00:00,92.51000213623047,92.51000213623047,92.05000305175781,92.06999969482422,5777300
2012-10-10 00:00:00+00:00,92.1500015258789,92.20999908447266,91.80000305175781,91.8499984741211,5431800
2012-10-11 00:00:00+00:00,92.19999694824219,92.37000274658203,92.12000274658203,92.3499984741211,2811000
2012-10-12 00:00:00+00:00,92.44000244140625,92.76000213623047,92.30999755859375,92.51000213623047,3696800
2012-10-15 00:00:00+00:00,92.76000213623047,92.97000122070312,92.58000183105469,92.93000030517578,2378500
2012-10-16 00:00:00+00:00,93.05999755859375,93.33000183105469,92.94000244140625,93.2699966430664,3536300
2012-10-17 00:00:00+00:00,93.4000015258789,93.55999755859375,93.30000305175781,93.4800033569336,2971500
2012-10-18 00:00:00+00:00,93.3499984741211,93.52999877929688,93.30000305175781,93.43000030517578,1676300
2012-10-19 00:00:00+00:00,93.37000274658203,93.41999816894531,92.87999725341797,92.95999908447266,2041200
2012-10-22 00:00:00+00:00,93.0,93.19000244140625,92.91999816894531,92.9800033569336,3021700
2012-10-23 00:00:00+00:00,92.69999694824219,92.80999755859375,92.5,92.62999725341797,3916900
2012-10-24 00:00:00+00:00,92.83999633789062,92.87000274658203,92.5,92.55000305175781,4332900
2012-10-25 00:00:00+00:00,92.91999816894531,92.95999908447266,92.5999984741211,92.69999694824219,2005600
2012-10-26 00:00:00+00:00,92.7300033569336,92.79000091552734,92.27999877929688,92.4800033569336,4591800
2012-10-31 00:00:00+00:00,92.4800033569336,92.66999816894531,92.44000244140625,92.58999633789062,2914100
2012-11-01 00:00:00+00:00,92.18000030517578,92.62999725341797,92.05999755859375,92.54000091552734,2092300
2012-11-02 00:00:00+00:00,92.66000366210938,92.75,92.38999938964844,92.41000366210938,2829300
2012-11-05 00:00:00+00:00,92.4000015258789,92.58999633789062,92.11000061035156,92.26000213623047,3361700
2012-11-06 00:00:00+00:00,92.43000030517578,92.5199966430664,92.2699966430664,92.4000015258789,1409000
2012-11-07 00:00:00+00:00,92.25,92.2699966430664,91.80000305175781,91.8499984741211,3698200
2012-11-08 00:00:00+00:00,91.95999908447266,92.16000366210938,91.5,91.55000305175781,5829400
2012-11-09 00:00:00+00:00,91.27999877929688,91.68000030517578,91.25,91.38999938964844,3953900
2012-11-12 00:00:00+00:00,91.48999786376953,91.56999969482422,91.31999969482422,91.41999816894531,2066000
2012-11-13 00:00:00+00:00,91.27999877929688,91.37999725341797,91.06999969482422,91.20999908447266,4347400
2012-11-14 00:00:00+00:00,91.45999908447266,91.5,90.63999938964844,90.70999908447266,5017500
2012-11-15 00:00:00+00:00,90.55000305175781,90.91999816894531,90.08999633789062,90.66999816894531,6989700
2012-11-16 00:00:00+00:00,90.76000213623047,91.0,90.52999877929688,90.93000030517578,4730200
2012-11-19 00:00:00+00:00,91.2300033569336,92.12000274658203,91.20999908447266,92.08000183105469,9498500
2012-11-20 00:00:00+00:00,92.08000183105469,92.18000030517578,91.83999633789062,92.08999633789062,4010400
2012-11-21 00:00:00+00:00,92.0,92.2300033569336,91.97000122070312,92.05999755859375,2984700
2012-11-23 00:00:00+00:00,92.25,92.44000244140625,92.11000061035156,92.37000274658203,1041100
2012-11-26 00:00:00+00:00,92.30999755859375,92.38999938964844,92.01000213623047,92.38999938964844,2160700
2012-11-27 00:00:00+00:00,92.26000213623047,92.56999969482422,92.26000213623047,92.4800033569336,4194100
2012-11-28 00:00:00+00:00,92.41000366210938,92.73999786376953,92.23999786376953,92.5,6528000
2012-11-29 00:00:00+00:00,92.7300033569336,92.94999694824219,92.5999984741211,92.91000366210938,3870500
2012-11-30 00:00:00+00:00,92.9000015258789,93.1500015258789,92.87000274658203,93.05000305175781,3276200
2012-12-03 00:00:00+00:00,92.86000061035156,93.02999877929688,92.66000366210938,93.02999877929688,5444400
2012-12-04 00:00:00+00:00,92.98999786376953,93.16999816894531,92.8499984741211,93.02999877929688,3121100
2012-12-05 00:00:00+00:00,93.2699966430664,93.29000091552734,92.8499984741211,93.18000030517578,4580900
2012-12-06 00:00:00+00:00,93.1500015258789,93.38999938964844,93.1500015258789,93.3499984741211,2261500
2012-12-07 00:00:00+00:00,93.44999694824219,93.5,93.16000366210938,93.20999908447266,2294400
2012-12-10 00:00:00+00:00,93.5,93.5,93.16999816894531,93.29000091552734,2140700
2012-12-11 00:00:00+00:00,93.52999877929688,93.70999908447266,93.3499984741211,93.37999725341797,3206300
2012-12-12 00:00:00+00:00,93.55000305175781,93.80000305175781,93.44000244140625,93.66000366210938,3305600
2012-12-13 00:00:00+00:00,93.5999984741211,93.80000305175781,93.30000305175781,93.33000183105469,4898700
2012-12-14 00:00:00+00:00,93.36000061035156,93.5,93.26000213623047,93.26000213623047,2741400
2012-12-17 00:00:00+00:00,93.31999969482422,93.69999694824219,93.31999969482422,93.62000274658203,2195600
2012-12-18 00:00:00+00:00,93.7699966430664,93.80999755859375,93.58000183105469,93.66999816894531,3409800
2012-12-19 00:00:00+00:00,93.73999786376953,93.73999786376953,93.56999969482422,93.56999969482422,2566400
2012-12-20 00:00:00+00:00,93.5999984741211,93.91000366210938,93.58999633789062,93.9000015258789,3191200
2012-12-21 00:00:00+00:00,93.44000244140625,93.68000030517578,93.44000244140625,93.62999725341797,3187900
2012-12-24 00:00:00+00:00,93.43000030517578,93.55000305175781,93.19000244140625,93.29000091552734,1221400
2012-12-26 00:00:00+00:00,93.0,93.13999938964844,92.79000091552734,93.01000213623047,2257200
2012-12-27 00:00:00+00:00,93.05000305175781,93.19999694824219,92.88999938964844,93.19999694824219,2332600
2012-12-28 00:00:00+00:00,93.01000213623047,93.23999786376953,92.86000061035156,92.94999694824219,2426100
2012-12-31 00:00:00+00:00,92.97000122070312,93.4000015258789,92.93000030517578,93.3499984741211,2918500
2013-01-02 00:00:00+00:00,94.06999969482422,94.2300033569336,93.80000305175781,94.2300033569336,3975200
2013-01-03 00:00:00+00:00,94.08000183105469,94.29000091552734,93.87999725341797,93.94000244140625,3950700
2013-01-04 00:00:00+00:00,93.9800033569336,94.08000183105469,93.83000183105469,94.0,2968000
2013-01-07 00:00:00+00:00,94.0199966430664,94.08999633789062,93.83000183105469,94.08000183105469,4137300
2013-01-08 00:00:00+00:00,94.0999984741211,94.12000274658203,93.93000030517578,94.01000213623047,2179100
2013-01-09 00:00:00+00:00,94.23999786376953,94.23999786376953,94.01000213623047,94.19000244140625,2183900
2013-01-10 00:00:00+00:00,94.33000183105469,94.37999725341797,94.19999694824219,94.3499984741211,1684300
2013-01-11 00:00:00+00:00,94.30000305175781,94.5199966430664,94.20999908447266,94.5199966430664,1982600
2013-01-14 00:00:00+00:00,94.44999694824219,94.47000122070312,94.22000122070312,94.38999938964844,2182400
2013-01-15 00:00:00+00:00,94.22000122070312,94.41999816894531,94.16999816894531,94.41000366210938,2136000
2013-01-16 00:00:00+00:00,94.27999877929688,94.4000015258789,94.16999816894531,94.25,3272700
2013-01-17 00:00:00+00:00,94.41999816894531,94.61000061035156,94.30999755859375,94.58999633789062,6058900
2013-01-18 00:00:00+00:00,94.54000091552734,94.72000122070312,94.4800033569336,94.72000122070312,2836800
2013-01-22 00:00:00+00:00,94.6500015258789,94.87000274658203,94.54000091552734,94.77999877929688,2295200
2013-01-23 00:00:00+00:00,94.70999908447266,94.79000091552734,94.6500015258789,94.66999816894531,2227900
2013-01-24 00:00:00+00:00,94.7699966430664,94.93000030517578,94.69000244140625,94.87999725341797,3175400
2013-01-25 00:00:00+00:00,94.97000122070312,94.97000122070312,94.77999877929688,94.8499984741211,2525100
2013-01-28 00:00:00+00:00,94.7699966430664,94.83999633789062,94.69000244140625,94.80000305175781,2331000
2013-01-29 00:00:00+00:00,94.70999908447266,94.75,94.54000091552734,94.63999938964844,1514300
2013-01-30 00:00:00+00:00,94.44999694824219,94.51000213623047,93.88999938964844,93.95999908447266,6595600
2013-01-31 00:00:00+00:00,93.93000030517578,94.11000061035156,93.62000274658203,93.66999816894531,5963700
2013-02-01 00:00:00+00:00,93.54000091552734,93.76000213623047,93.45999908447266,93.4800033569336,5713000
2013-02-04 00:00:00+00:00,93.29000091552734,93.4000015258789,93.01000213623047,93.08999633789062,3878000
2013-02-05 00:00:00+00:00,93.23999786376953,93.4000015258789,93.19999694824219,93.30000305175781,2590900
2013-02-06 00:00:00+00:00,93.16000366210938,93.29000091552734,93.05999755859375,93.16000366210938,2850500
2013-02-07 00:00:00+00:00,93.11000061035156,93.12999725341797,92.80999755859375,92.9800033569336,4071400
2013-02-08 00:00:00+00:00,92.91999816894531,93.0999984741211,92.91000366210938,93.0,3220400
2013-02-11 00:00:00+00:00,92.88999938964844,93.08000183105469,92.86000061035156,92.98999786376953,3146100
2013-02-12 00:00:00+00:00,92.91999816894531,93.36000061035156,92.91000366210938,93.30999755859375,3490600
2013-02-13 00:00:00+00:00,93.41999816894531,93.4800033569336,93.16999816894531,93.44999694824219,3672200
2013-02-14 00:00:00+00:00,93.25,93.55000305175781,93.25,93.41000366210938,2731800
2013-02-15 00:00:00+00:00,93.45999908447266,93.66000366210938,93.26000213623047,93.41999816894531,2483000
2013-02-19 00:00:00+00:00,93.5,93.58999633789062,93.41000366210938,93.51000213623047,3074300
2013-02-20 00:00:00+00:00,93.58000183105469,93.72000122070312,93.4000015258789,93.41999816894531,3830300
2013-02-21 00:00:00+00:00,93.41999816894531,93.58999633789062,93.30000305175781,93.5199966430664,7185300
2013-02-22 00:00:00+00:00,93.62999725341797,93.75,93.51000213623047,93.75,3367000
2013-02-25 00:00:00+00:00,93.77999877929688,93.93000030517578,93.44999694824219,93.45999908447266,5259300
2013-02-26 00:00:00+00:00,93.63999938964844,93.91999816894531,93.47000122070312,93.91999816894531,4075600
2013-02-27 00:00:00+00:00,93.8499984741211,94.1500015258789,93.75,94.08000183105469,3681600
2013-02-28 00:00:00+00:00,94.06999969482422,94.12999725341797,93.94000244140625,94.04000091552734,3822000
2013-03-01 00:00:00+00:00,93.48999786376953,93.98999786376953,93.4800033569336,93.72000122070312,4833200
2013-03-04 00:00:00+00:00,93.6500015258789,93.80000305175781,93.61000061035156,93.7300033569336,2222500
2013-03-05 00:00:00+00:00,93.79000091552734,94.0199966430664,93.79000091552734,93.91999816894531,3733400
2013-03-06 00:00:00+00:00,94.02999877929688,94.05999755859375,93.83999633789062,93.86000061035156,2118000
2013-03-07 00:00:00+00:00,93.94999694824219,94.0,93.9000015258789,94.0,2124900
2013-03-08 00:00:00+00:00,94.16999816894531,94.19000244140625,93.91999816894531,94.11000061035156,2464100
2013-03-11 00:00:00+00:00,94.08000183105469,94.1500015258789,94.0,94.05000305175781,2782800
2013-03-12 00:00:00+00:00,93.98999786376953,94.0999984741211,93.95999908447266,94.01000213623047,1526200
2013-03-13 00:00:00+00:00,94.0999984741211,94.16999816894531,93.94999694824219,94.02999877929688,1431200
2013-03-14 00:00:00+00:00,94.16999816894531,94.38999938964844,94.06999969482422,94.38999938964844,2954100
2013-03-15 00:00:00+00:00,94.25,94.4000015258789,94.19999694824219,94.37999725341797,2024300
2013-03-18 00:00:00+00:00,94.0,94.45999908447266,94.0,94.4000015258789,3000600
2013-03-19 00:00:00+00:00,94.44999694824219,94.52999877929688,94.20999908447266,94.23999786376953,3742800
2013-03-20 00:00:00+00:00,94.33000183105469,94.5999984741211,94.31999969482422,94.55000305175781,2553200
2013-03-21 00:00:00+00:00,94.37000274658203,94.55999755859375,94.22000122070312,94.37999725341797,3532400
2013-03-22 00:00:00+00:00,94.37999725341797,94.45999908447266,94.25,94.30999755859375,2201500
2013-03-25 00:00:00+00:00,94.30000305175781,94.44000244140625,94.1500015258789,94.16999816894531,2131700
2013-03-26 00:00:00+00:00,94.38999938964844,94.4000015258789,94.25,94.33999633789062,1169400
2013-03-27 00:00:00+00:00,94.19000244140625,94.29000091552734,94.16999816894531,94.18000030517578,2195100
2013-03-28 00:00:00+00:00,94.23999786376953,94.37999725341797,94.16000366210938,94.3499984741211,1959100
2013-04-01 00:00:00+00:00,93.83000183105469,94.08999633789062,93.6500015258789,94.02999877929688,3823000
2013-04-02 00:00:00+00:00,93.94999694824219,94.18000030517578,93.91999816894531,93.95999908447266,2528700
2013-04-03 00:00:00+00:00,93.98999786376953,94.05000305175781,93.77999877929688,93.95999908447266,2773100
2013-04-04 00:00:00+00:00,93.91999816894531,94.1500015258789,93.87000274658203,93.93000030517578,3040600
2013-04-05 00:00:00+00:00,93.7699966430664,94.0199966430664,93.68000030517578,94.0199966430664,2243800
2013-04-08 00:00:00+00:00,94.06999969482422,94.1500015258789,93.94999694824219,94.12000274658203,2346800
2013-04-09 00:00:00+00:00,94.19999694824219,94.41999816894531,94.12000274658203,94.41999816894531,2985400
2013-04-10 00:00:00+00:00,94.3499984741211,94.76000213623047,94.3499984741211,94.72000122070312,2932600
2013-04-11 00:00:00+00:00,94.75,94.79000091552734,94.63999938964844,94.72000122070312,2676200
2013-04-12 00:00:00+00:00,94.63999938964844,94.80999755859375,94.55000305175781,94.75,2040900
2013-04-15 00:00:00+00:00,94.75,94.75,94.12999725341797,94.1500015258789,3910600
2013-04-16 00:00:00+00:00,94.41000366210938,94.80999755859375,94.31999969482422,94.80000305175781,4138300
2013-04-17 00:00:00+00:00,94.61000061035156,94.66999816894531,94.4000015258789,94.6500015258789,5778600
2013-04-18 00:00:00+00:00,94.61000061035156,94.66999816894531,94.45999908447266,94.5,2476900
2013-04-19 00:00:00+00:00,94.5999984741211,94.66000366210938,94.43000030517578,94.44999694824219,2474800
2013-04-22 00:00:00+00:00,94.69000244140625,94.88999938964844,94.52999877929688,94.66999816894531,3641900
2013-04-23 00:00:00+00:00,94.7699966430664,95.05000305175781,94.7699966430664,95.04000091552734,2217400
2013-04-24 00:00:00+00:00,95.08999633789062,95.26000213623047,95.01000213623047,95.20999908447266,3872600
2013-04-25 00:00:00+00:00,95.22000122070312,95.5199966430664,95.13999938964844,95.47000122070312,2453100
2013-04-26 00:00:00+00:00,95.45999908447266,95.4800033569336,95.33000183105469,95.37000274658203,2679000
2013-04-29 00:00:00+00:00,95.38999938964844,95.58999633789062,95.37999725341797,95.55000305175781,1785300
2013-04-30 00:00:00+00:00,95.62999725341797,95.8499984741211,95.55000305175781,95.8499984741211,2953100
2013-05-01 00:00:00+00:00,95.33999633789062,95.55999755859375,95.18000030517578,95.19999694824219,4812400
2013-05-02 00:00:00+00:00,95.5,95.83000183105469,95.37000274658203,95.80999755859375,3368200
2013-05-03 00:00:00+00:00,95.97000122070312,96.12999725341797,95.86000061035156,95.95999908447266,2407400
2013-05-06 00:00:00+00:00,95.91999816894531,96.05999755859375,95.87999725341797,96.0199966430664,1458700
2013-05-07 00:00:00+00:00,96.12000274658203,96.1500015258789,95.91999816894531,95.94999694824219,2590900
2013-05-08 00:00:00+00:00,96.0199966430664,96.30000305175781,96.0199966430664,96.29000091552734,3801200
2013-05-09 00:00:00+00:00,96.19999694824219,96.29000091552734,96.0,96.01000213623047,1644900
2013-05-10 00:00:00+00:00,96.05000305175781,96.05000305175781,95.45999908447266,95.51000213623047,4654400
2013-05-13 00:00:00+00:00,95.41000366210938,95.5,95.11000061035156,95.12000274658203,2710000
2013-05-14 00:00:00+00:00,95.19999694824219,95.45999908447266,95.11000061035156,95.22000122070312,4473900
2013-05-15 00:00:00+00:00,95.22000122070312,95.33999633789062,95.08999633789062,95.2300033569336,3179800
2013-05-16 00:00:00+00:00,95.29000091552734,95.63999938964844,95.18000030517578,95.45999908447266,6036800
2013-05-17 00:00:00+00:00,95.5999984741211,95.62999725341797,95.33999633789062,95.45999908447266,4313300
2013-05-20 00:00:00+00:00,95.45999908447266,95.63999938964844,95.36000061035156,95.55999755859375,2086200
2013-05-21 00:00:00+00:00,95.55999755859375,95.77999877929688,95.54000091552734,95.73999786376953,4666500
2013-05-22 00:00:00+00:00,95.72000122070312,95.87999725341797,95.0999984741211,95.1500015258789,5243800
2013-05-23 00:00:00+00:00,95.0,95.0199966430664,94.69000244140625,94.88999938964844,3294400
2013-05-24 00:00:00+00:00,94.75,94.79000091552734,94.66999816894531,94.70999908447266,3420400
2013-05-28 00:00:00+00:00,95.02999877929688,95.02999877929688,94.30999755859375,94.36000061035156,3486700
2013-05-29 00:00:00+00:00,94.04000091552734,94.26000213623047,93.55000305175781,93.9800033569336,10958100
2013-05-30 00:00:00+00:00,94.0,94.36000061035156,93.69000244140625,94.16999816894531,5462100
2013-05-31 00:00:00+00:00,93.97000122070312,94.11000061035156,92.9000015258789,92.91999816894531,6809400
2013-06-03 00:00:00+00:00,92.37999725341797,92.5199966430664,91.80000305175781,92.36000061035156,14320900
2013-06-04 00:00:00+00:00,92.5,93.05000305175781,92.19000244140625,92.36000061035156,7927000
2013-06-05 00:00:00+00:00,92.19000244140625,92.23999786376953,91.44000244140625,91.55999755859375,10309200
2013-06-06 00:00:00+00:00,91.4000015258789,92.58999633789062,91.31999969482422,92.27999877929688,11849800
2013-06-07 00:00:00+00:00,92.44000244140625,92.97000122070312,92.19999694824219,92.33999633789062,8879800
2013-06-10 00:00:00+00:00,92.33999633789062,92.58999633789062,92.08000183105469,92.1500015258789,7678000
2013-06-11 00:00:00+00:00,91.58000183105469,92.23999786376953,91.29000091552734,91.58000183105469,9065200
2013-06-12 00:00:00+00:00,91.93000030517578,92.12000274658203,91.62999725341797,91.6500015258789,9193300
2013-06-13 00:00:00+00:00,91.6500015258789,92.81999969482422,91.6500015258789,92.69999694824219,7526400
2013-06-14 00:00:00+00:00,92.77999877929688,92.94000244140625,92.55000305175781,92.80999755859375,3909200
2013-06-17 00:00:00+00:00,92.93000030517578,93.44999694824219,92.80000305175781,92.80000305175781,3830700
2013-06-18 00:00:00+00:00,92.76000213623047,93.11000061035156,92.76000213623047,93.02999877929688,3609700
2013-06-19 00:00:00+00:00,92.94999694824219,93.2699966430664,91.62000274658203,91.63999938964844,7971700
2013-06-20 00:00:00+00:00,91.08999633789062,91.58000183105469,90.27999877929688,90.73999786376953,11094000
2013-06-21 00:00:00+00:00,91.01000213623047,91.11000061035156,90.12000274658203,90.1500015258789,9245400
2013-06-24 00:00:00+00:00,89.44999694824219,90.0,88.2699966430664,89.04000091552734,12116100
2013-06-25 00:00:00+00:00,89.5,90.30999755859375,89.5,90.30999755859375,6233300
2013-06-26 00:00:00+00:00,90.69999694824219,91.18000030517578,90.56999969482422,91.05999755859375,5527200
2013-06-27 00:00:00+00:00,91.4000015258789,91.94000244140625,91.4000015258789,91.5,5578600
2013-06-28 00:00:00+00:00,91.30000305175781,91.31999969482422,90.47000122070312,90.87999725341797,6112000
2013-07-01 00:00:00+00:00,90.56999969482422,90.98999786376953,90.5,90.88999938964844,5213400
2013-07-02 00:00:00+00:00,90.79000091552734,91.05000305175781,90.3499984741211,90.61000061035156,3799800
2013-07-03 00:00:00+00:00,90.29000091552734,90.86000061035156,90.27999877929688,90.81999969482422,1679600
2013-07-05 00:00:00+00:00,90.38999938964844,90.44000244140625,89.62999725341797,89.8499984741211,3312600
2013-07-08 00:00:00+00:00,90.08999633789062,91.08999633789062,90.0,91.08999633789062,5638400
2013-07-09 00:00:00+00:00,91.0999984741211,91.19000244140625,90.87000274658203,91.13999938964844,6127700
2013-07-10 00:00:00+00:00,91.18000030517578,91.54000091552734,91.08000183105469,91.5,6529900
2013-07-11 00:00:00+00:00,92.18000030517578,92.66999816894531,92.0,92.6500015258789,5865400
2013-07-12 00:00:00+00:00,92.41000366210938,92.66999816894531,92.25,92.55999755859375,5788300
2013-07-15 00:00:00+00:00,92.66999816894531,93.08999633789062,92.55999755859375,92.94999694824219,6791500
2013-07-16 00:00:00+00:00,93.08999633789062,93.08999633789062,92.47000122070312,92.72000122070312,3292100
2013-07-17 00:00:00+00:00,93.02999877929688,93.5199966430664,93.0,93.4000015258789,8660500
2013-07-18 00:00:00+00:00,93.5,94.0,93.44000244140625,93.95999908447266,6825000
2013-07-19 00:00:00+00:00,93.94999694824219,93.97000122070312,93.7699966430664,93.9000015258789,2603100
2013-07-22 00:00:00+00:00,93.93000030517578,94.01000213623047,93.75,93.97000122070312,3888200
2013-07-23 00:00:00+00:00,93.88999938964844,93.9800033569336,93.66999816894531,93.73999786376953,2483700
2013-07-24 00:00:00+00:00,93.54000091552734,93.63999938964844,92.66000366210938,92.94999694824219,5249800
2013-07-25 00:00:00+00:00,92.51000213623047,92.87999725341797,92.44000244140625,92.73999786376953,5995400
2013-07-26 00:00:00+00:00,92.4800033569336,92.77999877929688,92.38999938964844,92.77999877929688,4213600
2013-07-29 00:00:00+00:00,92.5999984741211,92.7300033569336,92.41999816894531,92.58000183105469,3850100
2013-07-30 00:00:00+00:00,92.5199966430664,92.87000274658203,92.5199966430664,92.70999908447266,4239400
2013-07-31 00:00:00+00:00,92.48999786376953,93.01000213623047,92.27999877929688,92.9800033569336,4076500
2013-08-01 00:00:00+00:00,92.41999816894531,92.58999633789062,91.61000061035156,91.6500015258789,4616600
2013-08-02 00:00:00+00:00,91.95999908447266,92.26000213623047,91.80999755859375,92.20999908447266,4309400
2013-08-05 00:00:00+00:00,92.18000030517578,92.18000030517578,91.69999694824219,91.73999786376953,2231000
2013-08-06 00:00:00+00:00,91.93000030517578,91.93000030517578,91.36000061035156,91.6500015258789,3398800
2013-08-07 00:00:00+00:00,91.44999694824219,91.54000091552734,91.29000091552734,91.36000061035156,2253300
2013-08-08 00:00:00+00:00,91.41999816894531,91.58999633789062,91.37999725341797,91.55999755859375,2857100
2013-08-09 00:00:00+00:00,91.43000030517578,91.66999816894531,91.12000274658203,91.56999969482422,1765600
2013-08-12 00:00:00+00:00,91.44000244140625,91.72000122070312,91.41999816894531,91.48999786376953,3840800
2013-08-13 00:00:00+00:00,91.4800033569336,91.56999969482422,91.30000305175781,91.48999786376953,2290500
2013-08-14 00:00:00+00:00,91.43000030517578,91.48999786376953,91.26000213623047,91.30999755859375,4605800
2013-08-15 00:00:00+00:00,91.0,91.08999633789062,90.75,90.83999633789062,6446100
2013-08-16 00:00:00+00:00,90.97000122070312,91.0999984741211,90.41999816894531,90.52999877929688,6922400
2013-08-19 00:00:00+00:00,90.56999969482422,90.62999725341797,89.80000305175781,89.93000030517578,6536300
2013-08-20 00:00:00+00:00,90.30000305175781,90.86000061035156,90.27999877929688,90.76000213623047,4208300
2013-08-21 00:00:00+00:00,90.66999816894531,90.77999877929688,90.37000274658203,90.43000030517578,3098100
2013-08-22 00:00:00+00:00,90.56999969482422,90.91999816894531,90.48999786376953,90.91999816894531,4049900
2013-08-23 00:00:00+00:00,90.9000015258789,91.36000061035156,90.8499984741211,91.30000305175781,3370400
2013-08-26 00:00:00+00:00,91.31999969482422,91.38999938964844,91.12999725341797,91.30999755859375,2365400
2013-08-27 00:00:00+00:00,91.05000305175781,91.12999725341797,90.70999908447266,90.72000122070312,3578500
2013-08-28 00:00:00+00:00,90.76000213623047,91.08999633789062,90.66000366210938,91.05999755859375,3860600
2013-08-29 00:00:00+00:00,90.91000366210938,91.5,90.81999969482422,91.43000030517578,4012900
2013-08-30 00:00:00+00:00,91.47000122070312,91.58999633789062,91.19000244140625,91.3499984741211,2486900
2013-09-03 00:00:00+00:00,90.94000244140625,91.18000030517578,90.30999755859375,90.38999938964844,9986800
2013-09-04 00:00:00+00:00,90.52999877929688,90.83999633789062,90.51000213623047,90.7300033569336,3507400
2013-09-05 00:00:00+00:00,90.56999969482422,90.6500015258789,90.2699966430664,90.2699966430664,3622300
2013-09-06 00:00:00+00:00,90.79000091552734,91.0999984741211,90.41999816894531,90.56999969482422,4713800
2013-09-09 00:00:00+00:00,90.7300033569336,91.0,90.70999908447266,90.80000305175781,4227400
2013-09-10 00:00:00+00:00,90.87999725341797,91.12999725341797,90.87000274658203,91.12000274658203,5287100
2013-09-11 00:00:00+00:00,90.98999786376953,91.26000213623047,90.9000015258789,91.23999786376953,3514200
2013-09-12 00:00:00+00:00,91.19000244140625,91.30999755859375,91.0999984741211,91.12999725341797,3594500
2013-09-13 00:00:00+00:00,91.23999786376953,91.31999969482422,90.9800033569336,91.05999755859375,2789300
2013-09-16 00:00:00+00:00,91.70999908447266,91.80999755859375,91.44999694824219,91.55999755859375,4331300
2013-09-17 00:00:00+00:00,91.66999816894531,91.9800033569336,91.61000061035156,91.86000061035156,5978600
2013-09-18 00:00:00+00:00,91.83999633789062,92.87999725341797,91.70999908447266,92.73999786376953,7476300
2013-09-19 00:00:00+00:00,92.98999786376953,92.98999786376953,92.4000015258789,92.47000122070312,5821100
2013-09-20 00:00:00+00:00,92.44000244140625,92.48999786376953,92.27999877929688,92.36000061035156,4033900
2013-09-23 00:00:00+00:00,92.3499984741211,92.45999908447266,92.22000122070312,92.3499984741211,6564600
2013-09-24 00:00:00+00:00,92.2699966430664,92.41000366210938,92.05999755859375,92.1500015258789,7947700
2013-09-25 00:00:00+00:00,92.13999938964844,92.26000213623047,91.94999694824219,91.98999786376953,3535700
2013-09-26 00:00:00+00:00,92.11000061035156,92.12999725341797,91.7699966430664,91.94000244140625,4751200
2013-09-27 00:00:00+00:00,91.87000274658203,91.94000244140625,91.61000061035156,91.83999633789062,6779700
2013-09-30 00:00:00+00:00,91.58999633789062,91.94999694824219,91.5,91.58000183105469,6248900
2013-10-01 00:00:00+00:00,91.16000366210938,91.55000305175781,91.05999755859375,91.52999877929688,5743900
2013-10-02 00:00:00+00:00,91.45999908447266,91.56999969482422,91.25,91.56999969482422,2765700
2013-10-03 00:00:00+00:00,91.6500015258789,91.69000244140625,91.43000030517578,91.62999725341797,3169700
2013-10-04 00:00:00+00:00,91.5999984741211,91.87000274658203,91.54000091552734,91.79000091552734,2048300
2013-10-07 00:00:00+00:00,91.45999908447266,91.76000213623047,91.45999908447266,91.55000305175781,2391700
2013-10-08 00:00:00+00:00,91.75,91.86000061035156,91.48999786376953,91.51000213623047,2944700
2013-10-09 00:00:00+00:00,91.77999877929688,91.77999877929688,91.51000213623047,91.58999633789062,2973700
2013-10-10 00:00:00+00:00,91.81999969482422,92.0999984741211,91.81999969482422,92.01000213623047,2899500
2013-10-11 00:00:00+00:00,92.16000366210938,92.23999786376953,92.01000213623047,92.18000030517578,3293900
2013-10-14 00:00:00+00:00,92.0,92.41000366210938,92.0,92.31999969482422,1003900
2013-10-15 00:00:00+00:00,92.4000015258789,92.4000015258789,92.05000305175781,92.29000091552734,2310100
2013-10-16 00:00:00+00:00,92.33000183105469,92.79000091552734,92.31999969482422,92.77999877929688,6949700
2013-10-17 00:00:00+00:00,92.75,93.25,92.7300033569336,93.2300033569336,7277900
2013-10-18 00:00:00+00:00,93.27999877929688,93.5,93.25,93.41999816894531,2873800
2013-10-21 00:00:00+00:00,93.44999694824219,93.45999908447266,93.20999908447266,93.20999908447266,2471400
2013-10-22 00:00:00+00:00,93.37999725341797,93.61000061035156,93.36000061035156,93.48999786376953,5488400
2013-10-23 00:00:00+00:00,93.56999969482422,93.58999633789062,93.31999969482422,93.56999969482422,2434200
2013-10-24 00:00:00+00:00,93.5999984741211,93.69000244140625,93.45999908447266,93.5999984741211,2284400
2013-10-25 00:00:00+00:00,93.63999938964844,93.69999694824219,93.55000305175781,93.62999725341797,2026000
2013-10-28 00:00:00+00:00,93.6500015258789,93.69999694824219,93.58000183105469,93.61000061035156,1697900
2013-10-29 00:00:00+00:00,93.58999633789062,93.79000091552734,93.56999969482422,93.76000213623047,1864600
2013-10-30 00:00:00+00:00,93.76000213623047,93.83000183105469,93.30999755859375,93.37999725341797,3691100
2013-10-31 00:00:00+00:00,93.44000244140625,93.54000091552734,93.22000122070312,93.43000030517578,5846500
2013-11-01 00:00:00+00:00,93.0,93.26000213623047,92.80000305175781,92.81999969482422,7882000
2013-11-04 00:00:00+00:00,93.08000183105469,93.08000183105469,92.93000030517578,92.9800033569336,2025500
2013-11-05 00:00:00+00:00,92.91999816894531,92.91999816894531,92.7300033569336,92.7300033569336,2770300
2013-11-06 00:00:00+00:00,92.88999938964844,93.01000213623047,92.81999969482422,93.0,4936700
2013-11-07 00:00:00+00:00,93.0999984741211,93.13999938964844,92.91999816894531,93.05999755859375,4802700
2013-11-08 00:00:00+00:00,92.69000244140625,92.95999908447266,92.66000366210938,92.9000015258789,4191100
2013-11-11 00:00:00+00:00,92.94000244140625,92.94000244140625,92.52999877929688,92.55000305175781,1607600
2013-11-12 00:00:00+00:00,92.55999755859375,92.58999633789062,92.37000274658203,92.41999816894531,2148900
2013-11-13 00:00:00+00:00,92.37000274658203,92.77999877929688,92.31999969482422,92.7699966430664,2795100
2013-11-14 00:00:00+00:00,92.75,93.05000305175781,92.6500015258789,93.04000091552734,4216800
2013-11-15 00:00:00+00:00,93.05999755859375,93.18000030517578,92.95999908447266,93.18000030517578,2990600
2013-11-18 00:00:00+00:00,93.2300033569336,93.25,92.83000183105469,92.91000366210938,3694600
2013-11-19 00:00:00+00:00,92.87999725341797,93.01000213623047,92.79000091552734,92.87000274658203,1415800
2013-11-20 00:00:00+00:00,92.83000183105469,93.06999969482422,92.66999816894531,92.77999877929688,2470600
2013-11-21 00:00:00+00:00,92.83000183105469,93.0999984741211,92.76000213623047,93.0999984741211,1895800
2013-11-22 00:00:00+00:00,93.05999755859375,93.19999694824219,92.98999786376953,93.16999816894531,1649200
2013-11-25 00:00:00+00:00,93.19999694824219,93.33999633789062,93.05999755859375,93.30999755859375,2813900
2013-11-26 00:00:00+00:00,93.22000122070312,93.43000030517578,93.1500015258789,93.37999725341797,2835300
2013-11-27 00:00:00+00:00,93.63999938964844,93.63999938964844,93.30000305175781,93.31999969482422,1845300
2013-11-29 00:00:00+00:00,93.33000183105469,93.44999694824219,93.30999755859375,93.41999816894531,958700
2013-12-02 00:00:00+00:00,92.88999938964844,93.02999877929688,92.8499984741211,93.0,5748100
2013-12-03 00:00:00+00:00,92.86000061035156,93.0,92.76000213623047,92.91000366210938,2710300
2013-12-04 00:00:00+00:00,92.75,92.87000274658203,92.54000091552734,92.66999816894531,3076100
2013-12-05 00:00:00+00:00,92.66999816894531,92.76000213623047,92.54000091552734,92.5999984741211,5354700
2013-12-06 00:00:00+00:00,92.83000183105469,92.9800033569336,92.6500015258789,92.86000061035156,2487900
2013-12-09 00:00:00+00:00,93.05000305175781,93.25,92.9000015258789,93.19999694824219,4313000
2013-12-10 00:00:00+00:00,93.19999694824219,93.23999786376953,93.08999633789062,93.19999694824219,1473200
2013-12-11 00:00:00+00:00,93.19999694824219,93.19999694824219,92.79000091552734,92.91999816894531,3586600
2013-12-12 00:00:00+00:00,92.93000030517578,93.01000213623047,92.75,92.75,4268800
2013-12-13 00:00:00+00:00,92.86000061035156,92.97000122070312,92.79000091552734,92.9000015258789,3523200
2013-12-16 00:00:00+00:00,92.87000274658203,93.04000091552734,92.87000274658203,92.9800033569336,3108500
2013-12-17 00:00:00+00:00,93.08000183105469,93.08000183105469,92.87999725341797,92.98999786376953,2799900
2013-12-18 00:00:00+00:00,93.0,93.27999877929688,92.75,93.1500015258789,4893500
2013-12-19 00:00:00+00:00,93.0,93.08999633789062,92.91000366210938,93.05000305175781,5775500
2013-12-20 00:00:00+00:00,93.05000305175781,93.11000061035156,92.93000030517578,93.11000061035156,12743900
2013-12-23 00:00:00+00:00,93.08999633789062,93.33000183105469,93.01000213623047,93.18000030517578,5525100
2013-12-24 00:00:00+00:00,93.0999984741211,93.20999908447266,93.0999984741211,93.12999725341797,1281600
2013-12-26 00:00:00+00:00,92.61000061035156,92.7699966430664,92.61000061035156,92.75,1577400
2013-12-27 00:00:00+00:00,92.77999877929688,92.77999877929688,92.6500015258789,92.73999786376953,1357300
2013-12-30 00:00:00+00:00,92.7699966430664,92.87000274658203,92.66999816894531,92.81999969482422,1888600
2013-12-31 00:00:00+00:00,92.8499984741211,92.95999908447266,92.7699966430664,92.87999725341797,2413400
2014-01-02 00:00:00+00:00,92.86000061035156,93.05000305175781,92.70999908447266,93.04000091552734,7412500
2014-01-03 00:00:00+00:00,92.98999786376953,93.11000061035156,92.94000244140625,93.01000213623047,1903300
2014-01-06 00:00:00+00:00,93.1500015258789,93.2300033569336,93.05999755859375,93.20999908447266,2622700
2014-01-07 00:00:00+00:00,93.2300033569336,93.30999755859375,93.16000366210938,93.20999908447266,3953000
2014-01-08 00:00:00+00:00,93.20999908447266,93.29000091552734,93.12000274658203,93.1500015258789,4540500
2014-01-09 00:00:00+00:00,93.25,93.30000305175781,93.19000244140625,93.29000091552734,3036600
2014-01-10 00:00:00+00:00,93.41000366210938,93.56999969482422,93.3499984741211,93.56999969482422,2423900
2014-01-13 00:00:00+00:00,93.55000305175781,93.61000061035156,93.41000366210938,93.47000122070312,4716600
2014-01-14 00:00:00+00:00,93.4800033569336,93.68000030517578,93.4800033569336,93.61000061035156,2636100
2014-01-15 00:00:00+00:00,93.69999694824219,93.80000305175781,93.61000061035156,93.80000305175781,1797400
2014-01-16 00:00:00+00:00,93.79000091552734,93.83000183105469,93.7300033569336,93.76000213623047,1269800
2014-01-17 00:00:00+00:00,93.83000183105469,93.88999938964844,93.72000122070312,93.77999877929688,2192300
2014-01-21 00:00:00+00:00,93.9000015258789,93.94999694824219,93.81999969482422,93.9000015258789,2056000
2014-01-22 00:00:00+00:00,93.93000030517578,93.94000244140625,93.7300033569336,93.76000213623047,3235400
2014-01-23 00:00:00+00:00,93.77999877929688,93.80999755859375,93.58000183105469,93.63999938964844,4989500
2014-01-24 00:00:00+00:00,93.45999908447266,93.47000122070312,92.98999786376953,93.0199966430664,7575400
2014-01-27 00:00:00+00:00,93.1500015258789,93.22000122070312,92.94999694824219,92.98999786376953,5482900
2014-01-28 00:00:00+00:00,93.11000061035156,93.4800033569336,93.04000091552734,93.4000015258789,5393600
2014-01-29 00:00:00+00:00,93.25,93.26000213623047,93.0999984741211,93.12000274658203,5781700
2014-01-30 00:00:00+00:00,93.30000305175781,93.43000030517578,93.20999908447266,93.27999877929688,3940200
2014-01-31 00:00:00+00:00,93.12999725341797,93.37000274658203,93.12000274658203,93.25,7756900
2014-02-03 00:00:00+00:00,93.0199966430664,93.0199966430664,92.30000305175781,92.51000213623047,16150600
2014-02-04 00:00:00+00:00,92.75,92.80000305175781,92.58000183105469,92.62000274658203,5246900
2014-02-05 00:00:00+00:00,92.62000274658203,92.69999694824219,92.52999877929688,92.62000274658203,3893000
2014-02-06 00:00:00+00:00,92.77999877929688,92.97000122070312,92.66000366210938,92.94999694824219,3426100
2014-02-07 00:00:00+00:00,93.05999755859375,93.41999816894531,93.05999755859375,93.41999816894531,5193300
2014-02-10 00:00:00+00:00,93.41999816894531,93.54000091552734,93.30999755859375,93.4800033569336,5199700
2014-02-11 00:00:00+00:00,93.52999877929688,93.75,93.44000244140625,93.63999938964844,3950800
2014-02-12 00:00:00+00:00,93.66999816894531,93.72000122070312,93.45999908447266,93.48999786376953,2432100
2014-02-13 00:00:00+00:00,93.44000244140625,93.77999877929688,93.44000244140625,93.76000213623047,3078400
2014-02-14 00:00:00+00:00,93.69999694824219,93.94999694824219,93.69000244140625,93.91000366210938,2158700
2014-02-18 00:00:00+00:00,93.81999969482422,94.08999633789062,93.81999969482422,94.04000091552734,3734700
2014-02-19 00:00:00+00:00,94.11000061035156,94.19000244140625,93.77999877929688,93.80000305175781,7273600
2014-02-20 00:00:00+00:00,93.88999938964844,94.08999633789062,93.87000274658203,94.08999633789062,3756900
2014-02-21 00:00:00+00:00,94.0999984741211,94.2300033569336,94.0999984741211,94.16999816894531,2574600
2014-02-24 00:00:00+00:00,94.25,94.44000244140625,94.25,94.37999725341797,3531600
2014-02-25 00:00:00+00:00,94.4000015258789,94.5199966430664,94.37999725341797,94.48999786376953,2979500
2014-02-26 00:00:00+00:00,94.56999969482422,94.6500015258789,94.5,94.6500015258789,2722100
2014-02-27 00:00:00+00:00,94.6500015258789,94.83999633789062,94.6500015258789,94.83000183105469,4377300
2014-02-28 00:00:00+00:00,94.81999969482422,95.0199966430664,94.72000122070312,94.93000030517578,3919300
2014-03-03 00:00:00+00:00,94.37000274658203,94.5,94.11000061035156,94.37999725341797,9488700
2014-03-04 00:00:00+00:00,94.61000061035156,94.75,94.4800033569336,94.72000122070312,9313600
2014-03-05 00:00:00+00:00,94.69000244140625,94.69999694824219,94.5,94.55000305175781,4531600
2014-03-06 00:00:00+00:00,94.62999725341797,94.66999816894531,94.37000274658203,94.41000366210938,4075500
2014-03-07 00:00:00+00:00,94.30999755859375,94.37999725341797,94.01000213623047,94.05000305175781,4552000
2014-03-10 00:00:00+00:00,94.04000091552734,94.08999633789062,93.91999816894531,94.05999755859375,1908200
2014-03-11 00:00:00+00:00,94.13999938964844,94.16000366210938,93.94000244140625,93.95999908447266,1618500
2014-03-12 00:00:00+00:00,93.9800033569336,94.13999938964844,93.97000122070312,94.12000274658203,2595000
2014-03-13 00:00:00+00:00,94.18000030517578,94.18000030517578,93.83000183105469,93.87000274658203,4829700
2014-03-14 00:00:00+00:00,93.88999938964844,94.01000213623047,93.73999786376953,93.80000305175781,4088200
2014-03-17 00:00:00+00:00,93.91000366210938,94.01000213623047,93.8499984741211,93.93000030517578,2943100
2014-03-18 00:00:00+00:00,94.02999877929688,94.2300033569336,93.93000030517578,94.20999908447266,2903500
2014-03-19 00:00:00+00:00,94.19000244140625,94.29000091552734,93.54000091552734,93.7300033569336,9983600
2014-03-20 00:00:00+00:00,93.9000015258789,94.06999969482422,93.66999816894531,94.05000305175781,4872300
2014-03-21 00:00:00+00:00,94.01000213623047,94.16000366210938,93.95999908447266,93.98999786376953,6106500
2014-03-24 00:00:00+00:00,94.19999694824219,94.19999694824219,93.95999908447266,94.0199966430664,5986100
2014-03-25 00:00:00+00:00,94.08999633789062,94.29000091552734,94.08999633789062,94.20999908447266,3468800
2014-03-26 00:00:00+00:00,94.3499984741211,94.3499984741211,94.16000366210938,94.2300033569336,3887200
2014-03-27 00:00:00+00:00,94.16999816894531,94.23999786376953,94.06999969482422,94.08999633789062,2255400
2014-03-28 00:00:00+00:00,94.2300033569336,94.3499984741211,94.16999816894531,94.25,2732600
2014-03-31 00:00:00+00:00,94.44999694824219,94.48999786376953,94.33999633789062,94.38999938964844,2641400
2014-04-01 00:00:00+00:00,94.05000305175781,94.12000274658203,93.97000122070312,94.12000274658203,4514900
2014-04-02 00:00:00+00:00,94.13999938964844,94.13999938964844,93.9800033569336,94.0199966430664,2285900
2014-04-03 00:00:00+00:00,94.0999984741211,94.1500015258789,94.04000091552734,94.05999755859375,2812400
2014-04-04 00:00:00+00:00,94.18000030517578,94.36000061035156,94.1500015258789,94.27999877929688,4555000
2014-04-07 00:00:00+00:00,94.2699966430664,94.30000305175781,94.06999969482422,94.08000183105469,1520900
2014-04-08 00:00:00+00:00,94.1500015258789,94.30000305175781,94.08000183105469,94.30000305175781,2804400
2014-04-09 00:00:00+00:00,94.30000305175781,94.45999908447266,94.19999694824219,94.44999694824219,4383400
2014-04-10 00:00:00+00:00,94.5,94.5,94.18000030517578,94.18000030517578,3226900
2014-04-11 00:00:00+00:00,94.22000122070312,94.22000122070312,93.7699966430664,93.77999877929688,7228500
2014-04-14 00:00:00+00:00,93.83999633789062,94.13999938964844,93.83999633789062,94.08000183105469,3355800
2014-04-15 00:00:00+00:00,94.22000122070312,94.22000122070312,94.0,94.18000030517578,3104900
2014-04-16 00:00:00+00:00,94.22000122070312,94.25,94.0999984741211,94.2300033569336,3450100
2014-04-17 00:00:00+00:00,94.18000030517578,94.25,94.0999984741211,94.12000274658203,2443800
2014-04-21 00:00:00+00:00,94.23999786376953,94.27999877929688,94.0999984741211,94.12000274658203,1682200
2014-04-22 00:00:00+00:00,94.25,94.2699966430664,94.12000274658203,94.22000122070312,2442800
2014-04-23 00:00:00+00:00,94.23999786376953,94.44000244140625,94.19999694824219,94.25,1591300
2014-04-24 00:00:00+00:00,94.25,94.4000015258789,94.1500015258789,94.2699966430664,1021700
2014-04-25 00:00:00+00:00,94.30999755859375,94.31999969482422,94.16000366210938,94.23999786376953,1195400
2014-04-28 00:00:00+00:00,94.26000213623047,94.30000305175781,94.12999725341797,94.22000122070312,1903900
2014-04-29 00:00:00+00:00,94.36000061035156,94.37999725341797,94.19000244140625,94.36000061035156,1775300
2014-04-30 00:00:00+00:00,94.36000061035156,94.41999816894531,94.19999694824219,94.33999633789062,4393100
2014-05-01 00:00:00+00:00,94.01000213623047,94.05000305175781,93.81999969482422,93.81999969482422,7322200
2014-05-02 00:00:00+00:00,94.04000091552734,94.04000091552734,93.83000183105469,94.04000091552734,2146000
2014-05-05 00:00:00+00:00,93.7699966430664,94.08000183105469,93.75,94.0,3541300
2014-05-06 00:00:00+00:00,94.1500015258789,94.1500015258789,93.9800033569336,94.0199966430664,2567800
2014-05-07 00:00:00+00:00,94.08999633789062,94.26000213623047,94.05000305175781,94.16000366210938,1578600
2014-05-08 00:00:00+00:00,94.2699966430664,94.30999755859375,94.08999633789062,94.13999938964844,4522400
2014-05-09 00:00:00+00:00,94.16000366210938,94.30000305175781,94.13999938964844,94.2300033569336,1736600
2014-05-12 00:00:00+00:00,94.37999725341797,94.37999725341797,94.22000122070312,94.33000183105469,1123000
2014-05-13 00:00:00+00:00,94.2699966430664,94.62000274658203,94.25,94.4800033569336,1933600
2014-05-14 00:00:00+00:00,94.4000015258789,94.58999633789062,94.38999938964844,94.52999877929688,1721400
2014-05-15 00:00:00+00:00,94.5999984741211,94.5999984741211,94.33999633789062,94.44000244140625,4240700
2014-05-16 00:00:00+00:00,94.5,94.6500015258789,94.37999725341797,94.62999725341797,3185000
2014-05-19 00:00:00+00:00,94.5999984741211,94.8499984741211,94.51000213623047,94.7699966430664,7351000
2014-05-20 00:00:00+00:00,94.7699966430664,94.77999877929688,94.63999938964844,94.6500015258789,4217800
2014-05-21 00:00:00+00:00,94.7300033569336,94.7699966430664,94.5,94.63999938964844,2925900
2014-05-22 00:00:00+00:00,94.66000366210938,94.7300033569336,94.58999633789062,94.70999908447266,1950900
2014-05-23 00:00:00+00:00,94.66000366210938,94.83999633789062,94.66000366210938,94.73999786376953,2289100
2014-05-27 00:00:00+00:00,94.7699966430664,94.8499984741211,94.72000122070312,94.83000183105469,4384700
2014-05-28 00:00:00+00:00,94.8499984741211,94.9000015258789,94.80999755859375,94.86000061035156,3904400
2014-05-29 00:00:00+00:00,94.9000015258789,95.0,94.83999633789062,94.94999694824219,4734800
2014-05-30 00:00:00+00:00,94.9800033569336,95.06999969482422,94.93000030517578,95.05000305175781,4445800
2014-06-02 00:00:00+00:00,94.75,94.75,94.30999755859375,94.31999969482422,5722500
2014-06-03 00:00:00+00:00,94.41000366210938,94.43000030517578,94.30999755859375,94.33000183105469,2978300
2014-06-04 00:00:00+00:00,94.30999755859375,94.4000015258789,94.26000213623047,94.33000183105469,2527200
2014-06-05 00:00:00+00:00,94.41999816894531,94.58999633789062,94.33000183105469,94.55999755859375,2034100
2014-06-06 00:00:00+00:00,94.5999984741211,94.91000366210938,94.58999633789062,94.83000183105469,3059100
2014-06-09 00:00:00+00:00,94.97000122070312,94.9800033569336,94.77999877929688,94.94000244140625,2906800
2014-06-10 00:00:00+00:00,94.76000213623047,95.0,94.76000213623047,94.88999938964844,2091000
2014-06-11 00:00:00+00:00,94.87999725341797,94.91999816894531,94.77999877929688,94.9000015258789,1699500
2014-06-12 00:00:00+00:00,94.80999755859375,94.93000030517578,94.80999755859375,94.83999633789062,1354000
2014-06-13 00:00:00+00:00,94.9800033569336,94.9800033569336,94.83000183105469,94.94999694824219,1276500
2014-06-16 00:00:00+00:00,94.91999816894531,95.0,94.88999938964844,94.9000015258789,1869500
2014-06-17 00:00:00+00:00,94.88999938964844,95.0,94.77999877929688,94.83000183105469,7251700
2014-06-18 00:00:00+00:00,94.83999633789062,95.30999755859375,94.83999633789062,95.26000213623047,4284800
2014-06-19 00:00:00+00:00,95.2699966430664,95.30999755859375,95.1500015258789,95.23999786376953,2882500
2014-06-20 00:00:00+00:00,95.26000213623047,95.4000015258789,95.23999786376953,95.33000183105469,2372300
2014-06-23 00:00:00+00:00,95.33999633789062,95.43000030517578,95.29000091552734,95.31999969482422,1551000
2014-06-24 00:00:00+00:00,95.2699966430664,95.41000366210938,95.23999786376953,95.23999786376953,1839300
2014-06-25 00:00:00+00:00,95.30000305175781,95.4000015258789,95.25,95.37999725341797,2385000
2014-06-26 00:00:00+00:00,95.33999633789062,95.38999938964844,95.19999694824219,95.27999877929688,1806400
2014-06-27 00:00:00+00:00,95.30999755859375,95.33000183105469,95.19000244140625,95.27999877929688,1702700
2014-06-30 00:00:00+00:00,95.11000061035156,95.31999969482422,95.11000061035156,95.19999694824219,2647600
2014-07-01 00:00:00+00:00,94.93000030517578,95.02999877929688,94.77999877929688,94.80999755859375,3472700
2014-07-02 00:00:00+00:00,94.87000274658203,95.0,94.80999755859375,94.87000274658203,2819400
2014-07-03 00:00:00+00:00,94.86000061035156,94.91000366210938,94.69999694824219,94.7300033569336,2776100
2014-07-07 00:00:00+00:00,94.69999694824219,94.80000305175781,94.6500015258789,94.66000366210938,1941300
2014-07-08 00:00:00+00:00,94.73999786376953,94.77999877929688,94.66000366210938,94.68000030517578,2035300
2014-07-09 00:00:00+00:00,94.75,94.80000305175781,94.58000183105469,94.61000061035156,3945400
2014-07-10 00:00:00+00:00,94.54000091552734,94.54000091552734,94.29000091552734,94.31999969482422,6011600
2014-07-11 00:00:00+00:00,94.33000183105469,94.52999877929688,94.33000183105469,94.4800033569336,2071400
2014-07-14 00:00:00+00:00,94.80000305175781,94.80000305175781,94.44000244140625,94.44999694824219,2632700
2014-07-15 00:00:00+00:00,94.45999908447266,94.51000213623047,94.29000091552734,94.30000305175781,2888400
2014-07-16 00:00:00+00:00,94.41000366210938,94.41000366210938,94.12999725341797,94.1500015258789,4264900
2014-07-17 00:00:00+00:00,94.11000061035156,94.13999938964844,93.4800033569336,93.48999786376953,5767800
2014-07-18 00:00:00+00:00,93.7699966430664,93.9800033569336,93.6500015258789,93.87999725341797,1994800
2014-07-21 00:00:00+00:00,93.8499984741211,93.87999725341797,93.62999725341797,93.72000122070312,3111700
2014-07-22 00:00:00+00:00,93.7699966430664,94.0,93.76000213623047,93.8499984741211,3707100
2014-07-23 00:00:00+00:00,93.95999908447266,94.08000183105469,93.93000030517578,94.02999877929688,1995900
2014-07-24 00:00:00+00:00,94.06999969482422,94.29000091552734,93.98999786376953,94.19999694824219,3089100
2014-07-25 00:00:00+00:00,94.18000030517578,94.2300033569336,94.01000213623047,94.04000091552734,3072300
2014-07-28 00:00:00+00:00,94.01000213623047,94.04000091552734,93.73999786376953,93.76000213623047,5355100
2014-07-29 00:00:00+00:00,93.81999969482422,94.0,93.61000061035156,93.62999725341797,3877100
2014-07-30 00:00:00+00:00,93.7300033569336,93.7699966430664,93.0999984741211,93.23999786376953,5415100
2014-07-31 00:00:00+00:00,92.83000183105469,92.97000122070312,92.44000244140625,92.4800033569336,7460000
2014-08-01 00:00:00+00:00,92.05999755859375,92.3499984741211,91.31999969482422,92.04000091552734,10942000
2014-08-04 00:00:00+00:00,92.05999755859375,92.62999725341797,92.02999877929688,92.5999984741211,7020400
2014-08-05 00:00:00+00:00,92.61000061035156,92.62999725341797,92.27999877929688,92.41999816894531,3612500
2014-08-06 00:00:00+00:00,92.37999725341797,92.7300033569336,92.3499984741211,92.63999938964844,4167700
2014-08-07 00:00:00+00:00,92.69000244140625,92.94999694824219,92.66999816894531,92.69999694824219,3833900
2014-08-08 00:00:00+00:00,92.5,93.05999755859375,92.5,92.98999786376953,3426300
2014-08-11 00:00:00+00:00,93.12000274658203,93.48999786376953,92.98999786376953,93.43000030517578,6908300
2014-08-12 00:00:00+00:00,93.47000122070312,93.55999755859375,93.31999969482422,93.41000366210938,4231700
2014-08-13 00:00:00+00:00,93.6500015258789,93.69999694824219,93.45999908447266,93.68000030517578,4960200
2014-08-14 00:00:00+00:00,93.72000122070312,93.95999908447266,93.70999908447266,93.86000061035156,4246600
2014-08-15 00:00:00+00:00,94.0199966430664,94.11000061035156,93.87000274658203,94.05000305175781,6051300
2014-08-18 00:00:00+00:00,94.06999969482422,94.33999633789062,94.01000213623047,94.31999969482422,5112800
2014-08-19 00:00:00+00:00,94.37000274658203,94.37999725341797,94.23999786376953,94.29000091552734,2747200
2014-08-20 00:00:00+00:00,94.31999969482422,94.4800033569336,94.16999816894531,94.36000061035156,2470000
2014-08-21 00:00:00+00:00,94.36000061035156,94.45999908447266,94.33999633789062,94.36000061035156,1869100
2014-08-22 00:00:00+00:00,94.3499984741211,94.41000366210938,94.08999633789062,94.12999725341797,3065500
2014-08-25 00:00:00+00:00,94.26000213623047,94.37999725341797,94.08000183105469,94.33000183105469,1958000
2014-08-26 00:00:00+00:00,94.33000183105469,94.47000122070312,94.30999755859375,94.4000015258789,1562400
2014-08-27 00:00:00+00:00,94.47000122070312,94.4800033569336,94.30000305175781,94.30999755859375,3685200
2014-08-28 00:00:00+00:00,94.27999877929688,94.38999938964844,94.12999725341797,94.16999816894531,1815400
2014-08-29 00:00:00+00:00,94.23999786376953,94.27999877929688,94.12000274658203,94.23999786376953,2046000
2014-09-02 00:00:00+00:00,93.7699966430664,93.9800033569336,93.75,93.91999816894531,4484800
2014-09-03 00:00:00+00:00,93.91999816894531,93.91999816894531,93.66999816894531,93.68000030517578,3200200
2014-09-04 00:00:00+00:00,93.7300033569336,93.7699966430664,93.26000213623047,93.37000274658203,4754500
2014-09-05 00:00:00+00:00,93.37999725341797,93.44999694824219,93.25,93.26000213623047,4752700
2014-09-08 00:00:00+00:00,93.23999786376953,93.3499984741211,93.08000183105469,93.16999816894531,2549200
2014-09-09 00:00:00+00:00,93.13999938964844,93.13999938964844,92.70999908447266,92.73999786376953,4647900
2014-09-10 00:00:00+00:00,92.75,92.81999969482422,92.55000305175781,92.77999877929688,3290600
2014-09-11 00:00:00+00:00,92.68000030517578,92.83999633789062,92.58000183105469,92.77999877929688,2822400
2014-09-12 00:00:00+00:00,92.69999694824219,92.80000305175781,92.5199966430664,92.66999816894531,5372500
2014-09-15 00:00:00+00:00,92.75,92.76000213623047,92.47000122070312,92.5,3592400
2014-09-16 00:00:00+00:00,92.44999694824219,92.86000061035156,92.43000030517578,92.69000244140625,5132200
2014-09-17 00:00:00+00:00,92.87000274658203,93.08999633789062,92.76000213623047,92.98999786376953,4399300
2014-09-18 00:00:00+00:00,92.9800033569336,93.08000183105469,92.91000366210938,93.0199966430664,3640300
2014-09-19 00:00:00+00:00,93.0999984741211,93.19000244140625,93.0199966430664,93.16000366210938,6000600
2014-09-22 00:00:00+00:00,93.16000366210938,93.23999786376953,92.91000366210938,92.98999786376953,4355300
2014-09-23 00:00:00+00:00,92.79000091552734,92.91999816894531,92.44000244140625,92.5199966430664,3573100
2014-09-24 00:00:00+00:00,92.5,92.5,92.05999755859375,92.23999786376953,6342700
2014-09-25 00:00:00+00:00,92.0999984741211,92.0999984741211,91.5,91.61000061035156,7348000
2014-09-26 00:00:00+00:00,91.22000122070312,91.7300033569336,90.94999694824219,91.55000305175781,11842500
2014-09-29 00:00:00+00:00,91.04000091552734,91.37000274658203,90.88999938964844,91.36000061035156,6289400
2014-09-30 00:00:00+00:00,91.63999938964844,92.02999877929688,91.55000305175781,91.94999694824219,6905400
2014-10-01 00:00:00+00:00,91.75,91.9000015258789,91.5199966430664,91.66000366210938,9996600
2014-10-02 00:00:00+00:00,91.62000274658203,91.87999725341797,91.4000015258789,91.83999633789062,6197300
2014-10-03 00:00:00+00:00,92.0999984741211,92.43000030517578,91.97000122070312,92.1500015258789,6371600
2014-10-06 00:00:00+00:00,92.30000305175781,92.44000244140625,92.13999938964844,92.25,4213800
2014-10-07 00:00:00+00:00,92.12999725341797,92.20999908447266,91.80999755859375,91.9000015258789,4994200
2014-10-08 00:00:00+00:00,91.87999725341797,92.37999725341797,91.7300033569336,92.33999633789062,7589400
2014-10-09 00:00:00+00:00,92.1500015258789,92.2300033569336,91.2699966430664,91.36000061035156,7177500
2014-10-10 00:00:00+00:00,91.18000030517578,91.30999755859375,90.51000213623047,90.62000274658203,14239800
2014-10-13 00:00:00+00:00,90.55000305175781,90.95999908447266,90.1500015258789,90.16999816894531,7908500
2014-10-14 00:00:00+00:00,90.5,90.7699966430664,90.22000122070312,90.47000122070312,11695300
2014-10-15 00:00:00+00:00,90.20999908447266,90.48999786376953,89.20999908447266,90.48999786376953,11711300
2014-10-16 00:00:00+00:00,89.98999786376953,91.0999984741211,89.8499984741211,91.0,12623100
2014-10-17 00:00:00+00:00,91.73999786376953,92.23999786376953,91.4000015258789,91.7699966430664,13575900
2014-10-20 00:00:00+00:00,91.83000183105469,92.5,91.7300033569336,92.43000030517578,7331400
2014-10-21 00:00:00+00:00,92.62000274658203,93.19999694824219,92.62000274658203,93.18000030517578,7453700
2014-10-22 00:00:00+00:00,93.16000366210938,93.19999694824219,92.44999694824219,92.56999969482422,8363900
2014-10-23 00:00:00+00:00,92.87000274658203,94.91999816894531,92.51000213623047,92.52999877929688,9482300
2014-10-24 00:00:00+00:00,92.44999694824219,92.91999816894531,92.44999694824219,92.79000091552734,5764300
2014-10-27 00:00:00+00:00,92.7300033569336,92.75,92.33999633789062,92.41000366210938,4911400
2014-10-28 00:00:00+00:00,92.54000091552734,92.70999908447266,92.37999725341797,92.55999755859375,6024200
2014-10-29 00:00:00+00:00,92.62999725341797,92.68000030517578,92.20999908447266,92.48999786376953,5320700
2014-10-30 00:00:00+00:00,92.5,94.94999694824219,92.38999938964844,92.44999694824219,3341700
2014-10-31 00:00:00+00:00,92.80999755859375,92.80999755859375,92.5,92.52999877929688,5065400
2014-11-03 00:00:00+00:00,92.22000122070312,92.51000213623047,92.18000030517578,92.31999969482422,4936200
2014-11-04 00:00:00+00:00,92.29000091552734,92.29000091552734,91.95999908447266,92.02999877929688,5886200
2014-11-05 00:00:00+00:00,92.16000366210938,92.18000030517578,91.91000366210938,92.01000213623047,4399300
2014-11-06 00:00:00+00:00,92.08000183105469,92.2699966430664,92.06999969482422,92.25,3747700
2014-11-07 00:00:00+00:00,92.25,92.37999725341797,92.13999938964844,92.33999633789062,3456300
2014-11-10 00:00:00+00:00,92.30999755859375,92.41999816894531,92.29000091552734,92.37999725341797,2680400
2014-11-11 00:00:00+00:00,92.37999725341797,92.62000274658203,92.25,92.58999633789062,2730700
2014-11-12 00:00:00+00:00,92.4800033569336,92.51000213623047,92.26000213623047,92.29000091552734,3218900
2014-11-13 00:00:00+00:00,92.37999725341797,92.37999725341797,91.80000305175781,91.91000366210938,5081300
2014-11-14 00:00:00+00:00,91.80999755859375,91.94000244140625,91.41000366210938,91.44999694824219,7868000
2014-11-17 00:00:00+00:00,91.5199966430664,91.66999816894531,91.3499984741211,91.44000244140625,5213700
2014-11-18 00:00:00+00:00,91.41000366210938,91.55999755859375,91.25,91.26000213623047,5227200
2014-11-19 00:00:00+00:00,91.0999984741211,91.26000213623047,90.86000061035156,91.23999786376953,7733300
2014-11-20 00:00:00+00:00,91.0,91.30000305175781,90.91999816894531,91.25,3274300
2014-11-21 00:00:00+00:00,91.62000274658203,92.01000213623047,91.52999877929688,91.75,7983000
2014-11-24 00:00:00+00:00,91.87000274658203,91.94000244140625,91.62999725341797,91.73999786376953,4569100
2014-11-25 00:00:00+00:00,91.69999694824219,91.94999694824219,91.66000366210938,91.88999938964844,4878500
2014-11-26 00:00:00+00:00,91.94999694824219,92.12999725341797,91.9000015258789,92.01000213623047,3055800
2014-11-28 00:00:00+00:00,91.58999633789062,91.6500015258789,91.04000091552734,91.12999725341797,5290500
2014-12-01 00:00:00+00:00,90.66999816894531,90.66999816894531,89.73999786376953,89.80000305175781,12432400
2014-12-02 00:00:00+00:00,90.05000305175781,90.31999969482422,89.87000274658203,90.29000091552734,6821200
2014-12-03 00:00:00+00:00,90.31999969482422,90.51000213623047,90.19999694824219,90.44000244140625,7627000
2014-12-04 00:00:00+00:00,90.36000061035156,90.5,90.30000305175781,90.37999725341797,4581600
2014-12-05 00:00:00+00:00,90.26000213623047,90.38999938964844,90.04000091552734,90.30999755859375,5237400
2014-12-08 00:00:00+00:00,90.12999725341797,90.19999694824219,89.69999694824219,89.8499984741211,6770800
2014-12-09 00:00:00+00:00,89.30999755859375,89.87999725341797,89.2300033569336,89.80000305175781,9702100
2014-12-10 00:00:00+00:00,89.37000274658203,89.5,88.41999816894531,88.7699966430664,15409400
2014-12-11 00:00:00+00:00,88.62000274658203,88.91000366210938,87.91999816894531,88.44999694824219,12053000
2014-12-12 00:00:00+00:00,87.80000305175781,87.94000244140625,87.0999984741211,87.25,11563300
2014-12-15 00:00:00+00:00,87.44000244140625,87.5999984741211,86.45999908447266,87.19999694824219,14114000
2014-12-16 00:00:00+00:00,86.44000244140625,87.66000366210938,86.12000274658203,86.88999938964844,14875500
2014-12-17 00:00:00+00:00,86.95999908447266,88.9800033569336,86.88999938964844,88.66000366210938,16864000
2014-12-18 00:00:00+00:00,90.0,90.30999755859375,88.72000122070312,89.37000274658203,16638700
2014-12-19 00:00:00+00:00,89.62000274658203,90.30999755859375,89.5199966430664,90.2300033569336,9952800
2014-12-22 00:00:00+00:00,90.1500015258789,90.30000305175781,89.69999694824219,90.01000213623047,6622400
2014-12-23 00:00:00+00:00,90.23999786376953,90.41000366210938,89.94999694824219,90.33000183105469,5314400
2014-12-24 00:00:00+00:00,89.9800033569336,90.30000305175781,89.91999816894531,90.25,2285700
2014-12-26 00:00:00+00:00,90.3499984741211,90.5,89.9000015258789,89.97000122070312,1815500
2014-12-29 00:00:00+00:00,90.0199966430664,90.23999786376953,89.7300033569336,90.0199966430664,4717100
2014-12-30 00:00:00+00:00,89.7699966430664,89.95999908447266,89.66000366210938,89.83999633789062,3624300
2014-12-31 00:00:00+00:00,89.87999725341797,90.0,89.44000244140625,89.5999984741211,4185400
2015-01-02 00:00:00+00:00,89.69000244140625,89.93000030517578,89.48999786376953,89.5999984741211,3271900
2015-01-05 00:00:00+00:00,89.0999984741211,89.23999786376953,88.6500015258789,88.7699966430664,7523100
2015-01-06 00:00:00+00:00,88.5999984741211,88.95999908447266,88.33999633789062,88.43000030517578,9489700
2015-01-07 00:00:00+00:00,89.12000274658203,89.27999877929688,88.87000274658203,88.9800033569336,8353100
2015-01-08 00:00:00+00:00,89.30999755859375,89.83000183105469,88.9800033569336,89.6500015258789,8388600
2015-01-09 00:00:00+00:00,89.72000122070312,90.13999938964844,89.37000274658203,90.0999984741211,6766700
2015-01-12 00:00:00+00:00,90.16999816894531,90.16999816894531,89.63999938964844,89.98999786376953,8698500
2015-01-13 00:00:00+00:00,90.0,90.2300033569336,89.54000091552734,89.98999786376953,7738700
2015-01-14 00:00:00+00:00,89.51000213623047,89.83999633789062,89.3499984741211,89.77999877929688,7415500
2015-01-15 00:00:00+00:00,89.9800033569336,89.9800033569336,89.20999908447266,89.2300033569336,7061300
2015-01-16 00:00:00+00:00,89.33999633789062,89.69999694824219,89.33000183105469,89.56999969482422,7685500
2015-01-20 00:00:00+00:00,89.83999633789062,89.83999633789062,89.26000213623047,89.41000366210938,5915300
2015-01-21 00:00:00+00:00,89.36000061035156,89.91000366210938,89.30000305175781,89.88999938964844,6110700
2015-01-22 00:00:00+00:00,90.0199966430664,90.16999816894531,89.77999877929688,90.01000213623047,6940100
2015-01-23 00:00:00+00:00,90.01000213623047,90.13999938964844,89.93000030517578,90.01000213623047,5134500
2015-01-26 00:00:00+00:00,90.06999969482422,90.48999786376953,89.93000030517578,90.41999816894531,8252300
2015-01-27 00:00:00+00:00,90.08000183105469,90.43000030517578,90.01000213623047,90.3499984741211,8771100
2015-01-28 00:00:00+00:00,90.41000366210938,90.5,90.01000213623047,90.16000366210938,5622400
2015-01-29 00:00:00+00:00,90.33999633789062,90.5199966430664,90.1500015258789,90.4800033569336,4923200
2015-01-30 00:00:00+00:00,90.37999725341797,90.4800033569336,90.19000244140625,90.2300033569336,6383000
2015-02-02 00:00:00+00:00,90.02999877929688,90.20999908447266,89.87999725341797,90.20999908447266,4120600
2015-02-03 00:00:00+00:00,90.37999725341797,90.83000183105469,90.30000305175781,90.72000122070312,11682400
2015-02-04 00:00:00+00:00,90.63999938964844,90.63999938964844,90.30000305175781,90.33999633789062,8333900
2015-02-05 00:00:00+00:00,90.55000305175781,90.87999725341797,90.4000015258789,90.87000274658203,10172500
2015-02-06 00:00:00+00:00,91.06999969482422,91.08000183105469,90.77999877929688,90.94000244140625,6076700
2015-02-09 00:00:00+00:00,90.87999725341797,90.98999786376953,90.69999694824219,90.72000122070312,4672800
2015-02-10 00:00:00+00:00,90.9000015258789,91.02999877929688,90.88999938964844,91.02999877929688,6846600
2015-02-11 00:00:00+00:00,90.9800033569336,91.02999877929688,90.83000183105469,91.0,5688000
2015-02-12 00:00:00+00:00,91.13999938964844,91.13999938964844,90.94000244140625,90.98999786376953,3185400
2015-02-13 00:00:00+00:00,91.01000213623047,91.19000244140625,90.94000244140625,91.12000274658203,4676600
2015-02-17 00:00:00+00:00,91.23999786376953,91.27999877929688,91.02999877929688,91.05999755859375,6624200
2015-02-18 00:00:00+00:00,91.1500015258789,91.38999938964844,91.04000091552734,91.37000274658203,4744400
2015-02-19 00:00:00+00:00,91.2699966430664,91.31999969482422,91.13999938964844,91.16000366210938,2964800
2015-02-20 00:00:00+00:00,91.1500015258789,91.41999816894531,91.08000183105469,91.41000366210938,5470600
2015-02-23 00:00:00+00:00,91.44999694824219,91.4800033569336,91.2699966430664,91.4800033569336,4165700
2015-02-24 00:00:00+00:00,91.45999908447266,91.5999984741211,91.38999938964844,91.56999969482422,3689300
2015-02-25 00:00:00+00:00,91.62999725341797,91.9000015258789,91.56999969482422,91.87000274658203,9048500
2015-02-26 00:00:00+00:00,91.83999633789062,91.97000122070312,91.73999786376953,91.8499984741211,7928200
2015-02-27 00:00:00+00:00,91.9000015258789,91.94999694824219,91.80999755859375,91.87000274658203,4521800
2015-03-02 00:00:00+00:00,91.55999755859375,91.5999984741211,91.30000305175781,91.45999908447266,6933000
2015-03-03 00:00:00+00:00,91.31999969482422,91.4000015258789,91.12000274658203,91.19999694824219,10032000
2015-03-04 00:00:00+00:00,91.05000305175781,91.16000366210938,90.9800033569336,91.02999877929688,7832800
2015-03-05 00:00:00+00:00,91.16999816894531,91.19999694824219,91.04000091552734,91.19999694824219,6412500
2015-03-06 00:00:00+00:00,90.94999694824219,90.97000122070312,90.52999877929688,90.62000274658203,9271900
2015-03-09 00:00:00+00:00,90.7300033569336,90.73999786376953,90.37999725341797,90.43000030517578,9607500
2015-03-10 00:00:00+00:00,90.27999877929688,90.33999633789062,89.9000015258789,90.08000183105469,12447300
2015-03-11 00:00:00+00:00,90.3499984741211,90.45999908447266,90.06999969482422,90.33000183105469,9214800
2015-03-12 00:00:00+00:00,90.5999984741211,90.63999938964844,90.36000061035156,90.51000213623047,4469900
2015-03-13 00:00:00+00:00,90.36000061035156,90.4000015258789,89.97000122070312,90.19999694824219,6184500
2015-03-16 00:00:00+00:00,90.2699966430664,90.33999633789062,90.05000305175781,90.11000061035156,4772600
2015-03-17 00:00:00+00:00,89.87999725341797,90.0199966430664,89.48999786376953,89.66000366210938,13059600
2015-03-18 00:00:00+00:00,89.66000366210938,90.47000122070312,89.48999786376953,90.45999908447266,11633900
2015-03-19 00:00:00+00:00,90.16999816894531,90.36000061035156,89.68000030517578,89.73999786376953,9226000
2015-03-20 00:00:00+00:00,90.0999984741211,90.4800033569336,89.97000122070312,90.44000244140625,9127300
2015-03-23 00:00:00+00:00,90.43000030517578,90.54000091552734,90.30999755859375,90.51000213623047,5459200
2015-03-24 00:00:00+00:00,90.4800033569336,90.72000122070312,90.44999694824219,90.6500015258789,6767200
2015-03-25 00:00:00+00:00,90.70999908447266,90.83000183105469,90.4000015258789,90.41000366210938,5364600
2015-03-26 00:00:00+00:00,90.51000213623047,90.52999877929688,90.2300033569336,90.4000015258789,4876400
2015-03-27 00:00:00+00:00,90.38999938964844,90.55999755859375,90.3499984741211,90.47000122070312,3822000
2015-03-30 00:00:00+00:00,90.51000213623047,90.79000091552734,90.5,90.72000122070312,4197700
2015-03-31 00:00:00+00:00,90.69000244140625,90.83999633789062,90.55999755859375,90.61000061035156,4498400
2015-04-01 00:00:00+00:00,90.3499984741211,90.43000030517578,90.0999984741211,90.38999938964844,9298200
2015-04-02 00:00:00+00:00,90.45999908447266,90.58999633789062,90.3499984741211,90.45999908447266,4774400
2015-04-06 00:00:00+00:00,90.37999725341797,90.80999755859375,90.37999725341797,90.69000244140625,5020700
2015-04-07 00:00:00+00:00,90.7699966430664,91.19999694824219,90.69000244140625,91.16999816894531,8659800
2015-04-08 00:00:00+00:00,91.20999908447266,91.30000305175781,91.01000213623047,91.1500015258789,7151900
2015-04-09 00:00:00+00:00,91.19000244140625,91.26000213623047,91.0,91.05999755859375,3415700
2015-04-10 00:00:00+00:00,91.05000305175781,91.27999877929688,91.05000305175781,91.2699966430664,3012700
2015-04-13 00:00:00+00:00,91.2699966430664,91.31999969482422,91.08000183105469,91.0999984741211,2866600
2015-04-14 00:00:00+00:00,91.12999725341797,91.19999694824219,90.93000030517578,91.13999938964844,2830000
2015-04-15 00:00:00+00:00,91.23999786376953,91.55999755859375,91.20999908447266,91.5,4438300
2015-04-16 00:00:00+00:00,91.44000244140625,91.44000244140625,91.2699966430664,91.30999755859375,5285400
2015-04-17 00:00:00+00:00,91.23999786376953,91.23999786376953,91.0,91.02999877929688,3901300
2015-04-20 00:00:00+00:00,91.23999786376953,91.37999725341797,91.11000061035156,91.2300033569336,3641000
2015-04-21 00:00:00+00:00,91.4800033569336,91.4800033569336,91.23999786376953,91.29000091552734,3730700
2015-04-22 00:00:00+00:00,91.43000030517578,91.44000244140625,91.18000030517578,91.19999694824219,4031100
2015-04-23 00:00:00+00:00,91.26000213623047,91.36000061035156,91.08000183105469,91.16999816894531,4755200
2015-04-24 00:00:00+00:00,91.19000244140625,91.33999633789062,91.19000244140625,91.31999969482422,4221400
2015-04-27 00:00:00+00:00,91.44999694824219,91.48999786376953,91.2699966430664,91.3499984741211,5049600
2015-04-28 00:00:00+00:00,91.27999877929688,91.30999755859375,91.16999816894531,91.20999908447266,4697400
2015-04-29 00:00:00+00:00,91.0,91.19999694824219,90.91999816894531,91.04000091552734,8152700
2015-04-30 00:00:00+00:00,91.0,91.08000183105469,90.80999755859375,90.98999786376953,11463800
2015-05-01 00:00:00+00:00,90.66000366210938,90.80999755859375,90.61000061035156,90.79000091552734,8053700
2015-05-04 00:00:00+00:00,90.94999694824219,90.97000122070312,90.6500015258789,90.7699966430664,6683700
2015-05-05 00:00:00+00:00,90.69000244140625,90.77999877929688,90.48999786376953,90.6500015258789,12736900
2015-05-06 00:00:00+00:00,90.6500015258789,90.69000244140625,90.31999969482422,90.37999725341797,13677500
2015-05-07 00:00:00+00:00,90.30000305175781,90.58000183105469,90.2699966430664,90.37000274658203,8676400
2015-05-08 00:00:00+00:00,90.86000061035156,91.08000183105469,90.80000305175781,91.08000183105469,10319600
2015-05-11 00:00:00+00:00,91.01000213623047,91.05999755859375,90.4800033569336,90.51000213623047,5499200
2015-05-12 00:00:00+00:00,90.36000061035156,90.7300033569336,90.29000091552734,90.5,6569200
2015-05-13 00:00:00+00:00,90.62000274658203,90.7699966430664,90.33000183105469,90.37000274658203,4349000
2015-05-14 00:00:00+00:00,90.58999633789062,90.87000274658203,90.58999633789062,90.80999755859375,5147100
2015-05-15 00:00:00+00:00,90.9000015258789,91.08000183105469,90.80999755859375,91.01000213623047,8939400
2015-05-18 00:00:00+00:00,91.0,91.0,90.75,90.86000061035156,2843700
2015-05-19 00:00:00+00:00,90.87999725341797,90.87999725341797,90.63999938964844,90.72000122070312,4743200
2015-05-20 00:00:00+00:00,90.7300033569336,90.86000061035156,90.61000061035156,90.61000061035156,2841700
2015-05-21 00:00:00+00:00,90.5999984741211,90.83000183105469,90.5999984741211,90.73999786376953,3709300
2015-05-22 00:00:00+00:00,90.7300033569336,90.8499984741211,90.69000244140625,90.80999755859375,3716900
2015-05-26 00:00:00+00:00,90.66999816894531,90.79000091552734,90.61000061035156,90.62000274658203,3951500
2015-05-27 00:00:00+00:00,90.77999877929688,90.9000015258789,90.68000030517578,90.81999969482422,3737800
2015-05-28 00:00:00+00:00,90.80999755859375,90.83000183105469,90.69000244140625,90.77999877929688,5440700
2015-05-29 00:00:00+00:00,90.76000213623047,90.97000122070312,90.76000213623047,90.91000366210938,4764000
2015-06-01 00:00:00+00:00,90.6500015258789,90.7699966430664,90.45999908447266,90.66000366210938,9372600
2015-06-02 00:00:00+00:00,90.75,90.75,90.33999633789062,90.48999786376953,5203700
2015-06-03 00:00:00+00:00,90.38999938964844,90.44999694824219,89.94000244140625,90.0,9532700
2015-06-04 00:00:00+00:00,89.93000030517578,90.01000213623047,89.70999908447266,89.70999908447266,11381700
2015-06-05 00:00:00+00:00,89.48999786376953,89.62999725341797,89.33000183105469,89.44000244140625,7747600
2015-06-08 00:00:00+00:00,89.5199966430664,89.61000061035156,89.33999633789062,89.44000244140625,6487800
2015-06-09 00:00:00+00:00,89.41999816894531,89.44000244140625,89.16999816894531,89.29000091552734,11416200
2015-06-10 00:00:00+00:00,89.30999755859375,89.4800033569336,89.26000213623047,89.41000366210938,5187500
2015-06-11 00:00:00+00:00,89.47000122070312,89.5999984741211,89.37999725341797,89.58999633789062,5202100
2015-06-12 00:00:00+00:00,89.41999816894531,89.5199966430664,89.23999786376953,89.26000213623047,5713500
2015-06-15 00:00:00+00:00,89.06999969482422,89.22000122070312,88.80999755859375,88.83999633789062,12726200
2015-06-16 00:00:00+00:00,88.80999755859375,89.33999633789062,88.80999755859375,89.33999633789062,5249800
2015-06-17 00:00:00+00:00,89.19999694824219,89.4000015258789,88.94000244140625,89.26000213623047,5660400
2015-06-18 00:00:00+00:00,89.29000091552734,89.69000244140625,89.29000091552734,89.58999633789062,6869900
2015-06-19 00:00:00+00:00,89.76000213623047,89.76000213623047,89.45999908447266,89.63999938964844,12585700
2015-06-22 00:00:00+00:00,89.88999938964844,89.98999786376953,89.63999938964844,89.81999969482422,5035400
2015-06-23 00:00:00+00:00,89.7699966430664,89.80000305175781,89.63999938964844,89.76000213623047,3474800
2015-06-24 00:00:00+00:00,89.69999694824219,89.79000091552734,89.5199966430664,89.5199966430664,2636900
2015-06-25 00:00:00+00:00,89.56999969482422,89.63999938964844,89.25,89.25,5176700
2015-06-26 00:00:00+00:00,89.25,89.31999969482422,88.94999694824219,88.98999786376953,6683200
2015-06-29 00:00:00+00:00,88.6500015258789,88.80000305175781,88.37000274658203,88.37999725341797,10156900
2015-06-30 00:00:00+00:00,88.76000213623047,88.86000061035156,88.58000183105469,88.80000305175781,4912700
2015-07-01 00:00:00+00:00,88.80999755859375,88.80999755859375,88.36000061035156,88.41999816894531,13614700
2015-07-02 00:00:00+00:00,88.6500015258789,88.8499984741211,88.5199966430664,88.75,5586300
2015-07-06 00:00:00+00:00,88.58000183105469,88.75,88.41000366210938,88.45999908447266,4719100
2015-07-07 00:00:00+00:00,88.33000183105469,88.62999725341797,88.12999725341797,88.52999877929688,8406300
2015-07-08 00:00:00+00:00,88.16999816894531,88.41999816894531,88.05999755859375,88.08999633789062,5744800
2015-07-09 00:00:00+00:00,88.44999694824219,88.7300033569336,88.29000091552734,88.29000091552734,6291000
2015-07-10 00:00:00+00:00,88.58999633789062,88.87000274658203,88.55999755859375,88.80000305175781,7097900
2015-07-13 00:00:00+00:00,88.91000366210938,88.94000244140625,88.72000122070312,88.87999725341797,6119200
2015-07-14 00:00:00+00:00,88.73999786376953,88.83000183105469,88.63999938964844,88.79000091552734,6354100
2015-07-15 00:00:00+00:00,88.77999877929688,88.9000015258789,88.6500015258789,88.79000091552734,5983300
2015-07-16 00:00:00+00:00,88.88999938964844,89.02999877929688,88.87999725341797,88.93000030517578,7523600
2015-07-17 00:00:00+00:00,88.98999786376953,88.98999786376953,88.5999984741211,88.69000244140625,7788400
2015-07-20 00:00:00+00:00,88.6500015258789,88.66000366210938,88.2699966430664,88.27999877929688,6740400
2015-07-21 00:00:00+00:00,88.20999908447266,88.31999969482422,88.11000061035156,88.12000274658203,4904800
2015-07-22 00:00:00+00:00,87.87000274658203,87.93000030517578,87.5199966430664,87.55000305175781,10578500
2015-07-23 00:00:00+00:00,87.5199966430664,87.70999908447266,87.5,87.5,4918400
2015-07-24 00:00:00+00:00,87.5,87.55000305175781,87.19999694824219,87.25,4702900
2015-07-27 00:00:00+00:00,87.01000213623047,87.2699966430664,86.80999755859375,86.87999725341797,11061700
2015-07-28 00:00:00+00:00,86.97000122070312,87.44999694824219,86.93000030517578,87.3499984741211,10471000
2015-07-29 00:00:00+00:00,87.3499984741211,87.93000030517578,87.3499984741211,87.86000061035156,8839500
2015-07-30 00:00:00+00:00,87.80999755859375,88.16999816894531,87.80999755859375,88.12000274658203,6127600
2015-07-31 00:00:00+00:00,88.01000213623047,88.23999786376953,87.94000244140625,87.97000122070312,5936500
2015-08-03 00:00:00+00:00,87.58999633789062,87.5999984741211,87.37000274658203,87.41000366210938,5416900
2015-08-04 00:00:00+00:00,87.5,87.62999725341797,87.44000244140625,87.45999908447266,3691400
2015-08-05 00:00:00+00:00,87.63999938964844,87.7300033569336,87.33000183105469,87.33999633789062,7778300
2015-08-06 00:00:00+00:00,87.2300033569336,87.33000183105469,86.95999908447266,86.9800033569336,10794800
2015-08-07 00:00:00+00:00,86.8499984741211,86.88999938964844,86.68000030517578,86.70999908447266,5483500
2015-08-10 00:00:00+00:00,86.7699966430664,86.97000122070312,86.7300033569336,86.95999908447266,3234500
2015-08-11 00:00:00+00:00,86.62999725341797,86.69999694824219,86.45999908447266,86.55999755859375,4598600
2015-08-12 00:00:00+00:00,86.26000213623047,86.4800033569336,86.04000091552734,86.44000244140625,6371900
2015-08-13 00:00:00+00:00,86.37000274658203,86.44000244140625,86.27999877929688,86.33000183105469,7422100
2015-08-14 00:00:00+00:00,86.29000091552734,86.51000213623047,86.27999877929688,86.37999725341797,3437900
2015-08-17 00:00:00+00:00,86.29000091552734,86.51000213623047,86.19999694824219,86.37999725341797,4153600
2015-08-18 00:00:00+00:00,86.2699966430664,86.4000015258789,86.18000030517578,86.2699966430664,5471300
2015-08-19 00:00:00+00:00,86.20999908447266,86.44999694824219,86.0199966430664,86.19000244140625,7208500
2015-08-20 00:00:00+00:00,85.9000015258789,85.97000122070312,85.6500015258789,85.7699966430664,11099100
2015-08-21 00:00:00+00:00,85.52999877929688,85.75,85.37000274658203,85.45999908447266,13158600
2015-08-24 00:00:00+00:00,83.80999755859375,85.37999725341797,83.43000030517578,84.76000213623047,19116200
2015-08-25 00:00:00+00:00,85.55999755859375,85.69000244140625,84.91000366210938,84.93000030517578,18194700
2015-08-26 00:00:00+00:00,85.26000213623047,85.80000305175781,85.19000244140625,85.63999938964844,10654800
2015-08-27 00:00:00+00:00,85.86000061035156,86.44999694824219,85.86000061035156,86.27999877929688,12772100
2015-08-28 00:00:00+00:00,86.22000122070312,86.5,86.05999755859375,86.36000061035156,9100000
2015-08-31 00:00:00+00:00,86.23999786376953,86.30000305175781,85.7300033569336,86.23999786376953,5408800
2015-09-01 00:00:00+00:00,85.69999694824219,85.7699966430664,85.44000244140625,85.58000183105469,4739100
2015-09-02 00:00:00+00:00,85.93000030517578,85.95999908447266,85.68000030517578,85.93000030517578,5259700
2015-09-03 00:00:00+00:00,86.0,86.2300033569336,85.86000061035156,86.05000305175781,8779000
2015-09-04 00:00:00+00:00,85.86000061035156,86.06999969482422,85.8499984741211,85.95999908447266,4671000
2015-09-08 00:00:00+00:00,86.3499984741211,86.44000244140625,86.23999786376953,86.43000030517578,5450300
2015-09-09 00:00:00+00:00,86.5999984741211,86.62000274658203,86.23999786376953,86.31999969482422,4914800
2015-09-10 00:00:00+00:00,86.27999877929688,86.5999984741211,86.27999877929688,86.52999877929688,4744100
2015-09-11 00:00:00+00:00,86.1500015258789,86.55000305175781,86.11000061035156,86.5,4834900
2015-09-14 00:00:00+00:00,86.36000061035156,86.44000244140625,86.22000122070312,86.3499984741211,4383100
2015-09-15 00:00:00+00:00,86.25,86.41000366210938,86.19999694824219,86.33000183105469,4247800
2015-09-16 00:00:00+00:00,86.02999877929688,86.2300033569336,85.94000244140625,86.0199966430664,5026700
2015-09-17 00:00:00+00:00,86.01000213623047,86.41000366210938,85.8499984741211,86.08999633789062,6576800
2015-09-18 00:00:00+00:00,85.83999633789062,86.05000305175781,85.69000244140625,85.8499984741211,10827600
2015-09-21 00:00:00+00:00,85.86000061035156,85.9000015258789,85.61000061035156,85.69000244140625,7579000
2015-09-22 00:00:00+00:00,85.3499984741211,85.69000244140625,84.95999908447266,85.06999969482422,7366900
2015-09-23 00:00:00+00:00,85.05000305175781,85.11000061035156,84.86000061035156,84.91999816894531,7686000
2015-09-24 00:00:00+00:00,84.75,84.75,84.3499984741211,84.5,9167500
2015-09-25 00:00:00+00:00,84.5999984741211,84.76000213623047,84.04000091552734,84.06999969482422,8384200
2015-09-28 00:00:00+00:00,83.66999816894531,84.0199966430664,82.72000122070312,82.77999877929688,12416300
2015-09-29 00:00:00+00:00,82.70999908447266,83.08999633789062,82.62999725341797,82.7699966430664,11417600
2015-09-30 00:00:00+00:00,83.12999725341797,83.33999633789062,82.83000183105469,83.29000091552734,14539800
2015-10-01 00:00:00+00:00,82.75,82.87999725341797,82.31999969482422,82.36000061035156,12179800
2015-10-02 00:00:00+00:00,81.88999938964844,82.47000122070312,81.66000366210938,82.44000244140625,14060200
2015-10-05 00:00:00+00:00,82.87000274658203,83.47000122070312,82.80999755859375,83.43000030517578,13531400
2015-10-06 00:00:00+00:00,83.4800033569336,83.9800033569336,83.36000061035156,83.88999938964844,13985800
2015-10-07 00:00:00+00:00,84.3499984741211,84.83000183105469,84.19999694824219,84.75,18000700
2015-10-08 00:00:00+00:00,84.62000274658203,85.12999725341797,84.45999908447266,85.0999984741211,9466900
2015-10-09 00:00:00+00:00,85.2300033569336,85.5999984741211,84.9800033569336,85.11000061035156,9900600
2015-10-12 00:00:00+00:00,85.18000030517578,85.25,84.83000183105469,84.94999694824219,3867000
2015-10-13 00:00:00+00:00,84.79000091552734,84.94999694824219,84.62999725341797,84.75,7772600
2015-10-14 00:00:00+00:00,84.76000213623047,84.94999694824219,84.63999938964844,84.69000244140625,7748100
2015-10-15 00:00:00+00:00,84.81999969482422,84.94999694824219,84.61000061035156,84.88999938964844,8049200
2015-10-16 00:00:00+00:00,84.91000366210938,85.29000091552734,84.88999938964844,85.27999877929688,5978200
2015-10-19 00:00:00+00:00,85.1500015258789,85.56999969482422,85.08000183105469,85.51000213623047,10347000
2015-10-20 00:00:00+00:00,85.37999725341797,85.69000244140625,85.29000091552734,85.58999633789062,10294800
2015-10-21 00:00:00+00:00,85.6500015258789,85.7699966430664,85.26000213623047,85.5,14332200
2015-10-22 00:00:00+00:00,85.58000183105469,85.68000030517578,85.41000366210938,85.52999877929688,11805100
2015-10-23 00:00:00+00:00,85.9000015258789,86.08999633789062,85.58000183105469,85.83000183105469,13201700
2015-10-26 00:00:00+00:00,85.93000030517578,85.94000244140625,85.68000030517578,85.73999786376953,9354100
2015-10-27 00:00:00+00:00,85.66999816894531,85.68000030517578,85.33999633789062,85.45999908447266,5585800
2015-10-28 00:00:00+00:00,85.45999908447266,85.70999908447266,85.30000305175781,85.69000244140625,8637000
2015-10-29 00:00:00+00:00,85.44999694824219,85.68000030517578,85.43000030517578,85.47000122070312,6064500
2015-10-30 00:00:00+00:00,85.52999877929688,85.76000213623047,85.38999938964844,85.56999969482422,8803100
2015-11-02 00:00:00+00:00,85.18000030517578,85.4800033569336,85.11000061035156,85.44000244140625,5476000
2015-11-03 00:00:00+00:00,85.36000061035156,85.58000183105469,85.36000061035156,85.52999877929688,5873700
2015-11-04 00:00:00+00:00,85.56999969482422,85.56999969482422,85.23999786376953,85.27999877929688,6082100
2015-11-05 00:00:00+00:00,85.25,85.33999633789062,84.94000244140625,84.94999694824219,8529600
2015-11-06 00:00:00+00:00,84.62000274658203,84.69000244140625,84.33999633789062,84.54000091552734,8207700
2015-11-09 00:00:00+00:00,84.36000061035156,84.44000244140625,84.12999725341797,84.19000244140625,10127900
2015-11-10 00:00:00+00:00,84.0999984741211,84.19000244140625,83.87000274658203,84.0,9673000
2015-11-11 00:00:00+00:00,84.04000091552734,84.0999984741211,83.75,83.80000305175781,3943900
2015-11-12 00:00:00+00:00,83.47000122070312,83.68000030517578,83.22000122070312,83.23999786376953,11570600
2015-11-13 00:00:00+00:00,83.27999877929688,83.36000061035156,82.98999786376953,83.0,7487900
2015-11-16 00:00:00+00:00,82.91000366210938,83.44000244140625,82.80999755859375,83.38999938964844,8228200
2015-11-17 00:00:00+00:00,83.5999984741211,83.73999786376953,83.37000274658203,83.44999694824219,9106400
2015-11-18 00:00:00+00:00,83.4000015258789,83.66000366210938,83.4000015258789,83.61000061035156,7479000
2015-11-19 00:00:00+00:00,83.33000183105469,83.48999786376953,82.8499984741211,82.86000061035156,9428300
2015-11-20 00:00:00+00:00,82.87999725341797,83.20999908447266,82.80999755859375,82.83999633789062,9763700
2015-11-23 00:00:00+00:00,82.73999786376953,82.88999938964844,82.69000244140625,82.7699966430664,5138900
2015-11-24 00:00:00+00:00,82.6500015258789,82.91000366210938,82.56999969482422,82.87999725341797,9529200
2015-11-25 00:00:00+00:00,82.83999633789062,82.98999786376953,82.83999633789062,82.97000122070312,7132500
2015-11-27 00:00:00+00:00,83.0199966430664,83.1500015258789,82.94000244140625,83.0999984741211,2259900
2015-11-30 00:00:00+00:00,83.0999984741211,83.1500015258789,82.98999786376953,83.05000305175781,5356300
2015-12-01 00:00:00+00:00,82.8499984741211,83.27999877929688,82.80000305175781,83.23999786376953,9849200
2015-12-02 00:00:00+00:00,83.18000030517578,83.44000244140625,83.02999877929688,83.06999969482422,11871300
2015-12-03 00:00:00+00:00,82.91999816894531,83.12999725341797,82.72000122070312,82.8499984741211,15290200
2015-12-04 00:00:00+00:00,82.80000305175781,82.93000030517578,82.5,82.66000366210938,14027900
2015-12-07 00:00:00+00:00,82.33000183105469,82.5,82.0199966430664,82.08000183105469,11989900
2015-12-08 00:00:00+00:00,81.43000030517578,81.62000274658203,80.95999908447266,81.05999755859375,25199100
2015-12-09 00:00:00+00:00,81.05999755859375,81.69999694824219,81.05000305175781,81.4800033569336,16703900
2015-12-10 00:00:00+00:00,81.2699966430664,81.56999969482422,81.0,81.13999938964844,14206800
2015-12-11 00:00:00+00:00,80.54000091552734,80.54000091552734,78.62000274658203,79.5199966430664,54233300
2015-12-14 00:00:00+00:00,79.4000015258789,79.51000213623047,78.20999908447266,78.83000183105469,38540500
2015-12-15 00:00:00+00:00,79.80000305175781,80.44999694824219,79.76000213623047,80.12000274658203,36337800
2015-12-16 00:00:00+00:00,80.38999938964844,80.88999938964844,80.05999755859375,80.7300033569336,30575300
2015-12-17 00:00:00+00:00,80.69999694824219,80.80999755859375,79.80000305175781,79.83000183105469,17345300
2015-12-18 00:00:00+00:00,79.55999755859375,79.79000091552734,79.33999633789062,79.52999877929688,23548900
2015-12-21 00:00:00+00:00,79.69999694824219,79.9000015258789,79.06999969482422,79.27999877929688,14468700
2015-12-22 00:00:00+00:00,79.4000015258789,80.26000213623047,79.36000061035156,80.23999786376953,12569500
2015-12-23 00:00:00+00:00,80.51000213623047,80.88999938964844,80.41999816894531,80.75,12824900
2015-12-24 00:00:00+00:00,80.3499984741211,80.69999694824219,80.2699966430664,80.48999786376953,5284300
2015-12-28 00:00:00+00:00,80.23999786376953,80.25,79.87999725341797,80.01000213623047,7151600
2015-12-29 00:00:00+00:00,80.16000366210938,80.52999877929688,80.1500015258789,80.47000122070312,7485500
2015-12-30 00:00:00+00:00,80.37000274658203,80.63999938964844,80.18000030517578,80.52999877929688,13145300
2015-12-31 00:00:00+00:00,80.4800033569336,80.87999725341797,80.38999938964844,80.58000183105469,7935200
2016-01-04 00:00:00+00:00,80.01000213623047,80.16000366210938,79.66999816894531,80.0999984741211,14787700
2016-01-05 00:00:00+00:00,80.33999633789062,80.52999877929688,80.06999969482422,80.25,11491300
2016-01-06 00:00:00+00:00,79.93000030517578,80.33000183105469,79.93000030517578,80.25,11320100
2016-01-07 00:00:00+00:00,79.66999816894531,80.0,79.62000274658203,79.7300033569336,11004700
2016-01-08 00:00:00+00:00,80.04000091552734,80.22000122070312,79.5,79.5199966430664,17902100
2016-01-11 00:00:00+00:00,79.86000061035156,79.94999694824219,79.30999755859375,79.4000015258789,16917700
2016-01-12 00:00:00+00:00,79.88999938964844,79.94999694824219,79.30000305175781,79.4800033569336,15217700
2016-01-13 00:00:00+00:00,79.54000091552734,79.62000274658203,78.48999786376953,78.5999984741211,20352700
2016-01-14 00:00:00+00:00,78.66000366210938,79.04000091552734,78.27999877929688,78.94999694824219,18572700
2016-01-15 00:00:00+00:00,77.66999816894531,78.68000030517578,77.41999816894531,77.91000366210938,27309900
2016-01-19 00:00:00+00:00,77.94999694824219,78.12999725341797,77.38999938964844,77.63999938964844,15975700
2016-01-20 00:00:00+00:00,77.02999877929688,77.41999816894531,75.81999969482422,77.12000274658203,25973500
2016-01-21 00:00:00+00:00,77.12000274658203,77.95999908447266,76.80000305175781,77.63999938964844,20065800
2016-01-22 00:00:00+00:00,78.4000015258789,78.91999816894531,78.23999786376953,78.83000183105469,17653100
2016-01-25 00:00:00+00:00,78.58999633789062,78.73999786376953,78.02999877929688,78.05000305175781,16448400
2016-01-26 00:00:00+00:00,78.36000061035156,78.79000091552734,78.18000030517578,78.75,12010900
2016-01-27 00:00:00+00:00,78.72000122070312,79.08000183105469,78.37999725341797,78.62999725341797,14563000
2016-01-28 00:00:00+00:00,79.11000061035156,79.29000091552734,78.73999786376953,79.02999877929688,14622600
2016-01-29 00:00:00+00:00,79.19999694824219,79.44999694824219,79.12999725341797,79.29000091552734,14218700
2016-02-01 00:00:00+00:00,78.76000213623047,78.79000091552734,78.30999755859375,78.43000030517578,8865500
2016-02-02 00:00:00+00:00,78.05000305175781,78.22000122070312,77.83000183105469,77.87000274658203,15442100
2016-02-03 00:00:00+00:00,78.11000061035156,78.4000015258789,77.62999725341797,78.25,15465200
2016-02-04 00:00:00+00:00,78.22000122070312,78.38999938964844,77.93000030517578,78.0,8989700
2016-02-05 00:00:00+00:00,77.98999786376953,77.98999786376953,77.27999877929688,77.4000015258789,14632300
2016-02-08 00:00:00+00:00,76.7699966430664,76.80000305175781,76.27999877929688,76.5,15649900
2016-02-09 00:00:00+00:00,76.08999633789062,76.55999755859375,75.87000274658203,76.20999908447266,18685000
2016-02-10 00:00:00+00:00,76.41000366210938,76.7300033569336,75.94999694824219,76.0999984741211,13086000
2016-02-11 00:00:00+00:00,75.3499984741211,75.87000274658203,75.08999633789062,75.58999633789062,22158200
2016-02-12 00:00:00+00:00,75.86000061035156,76.79000091552734,75.7699966430664,76.72000122070312,17751500
2016-02-16 00:00:00+00:00,76.80999755859375,77.02999877929688,76.69000244140625,76.79000091552734,14106000
2016-02-17 00:00:00+00:00,77.18000030517578,77.58999633789062,77.11000061035156,77.41999816894531,16353000
2016-02-18 00:00:00+00:00,77.69999694824219,77.75,77.44000244140625,77.48999786376953,13247300
2016-02-19 00:00:00+00:00,77.1500015258789,77.68000030517578,77.05000305175781,77.63999938964844,12879900
2016-02-22 00:00:00+00:00,78.04000091552734,78.3499984741211,77.94999694824219,78.30999755859375,13826600
2016-02-23 00:00:00+00:00,78.05999755859375,78.27999877929688,77.73999786376953,78.1500015258789,16809700
2016-02-24 00:00:00+00:00,77.55999755859375,78.37000274658203,77.45999908447266,78.27999877929688,13622100
2016-02-25 00:00:00+00:00,78.33000183105469,78.7300033569336,78.05999755859375,78.69999694824219,10699100
2016-02-26 00:00:00+00:00,78.94999694824219,79.30000305175781,78.86000061035156,79.2300033569336,12060200
2016-02-29 00:00:00+00:00,79.27999877929688,80.12999725341797,79.26000213623047,80.08000183105469,23746800
2016-03-01 00:00:00+00:00,79.83000183105469,81.01000213623047,79.54000091552734,80.91999816894531,24023200
2016-03-02 00:00:00+00:00,80.5,80.61000061035156,80.22000122070312,80.37000274658203,14987400
2016-03-03 00:00:00+00:00,80.2699966430664,80.87000274658203,79.98999786376953,80.63999938964844,12018400
2016-03-04 00:00:00+00:00,80.77999877929688,81.23999786376953,80.5,80.87000274658203,18029900
2016-03-07 00:00:00+00:00,80.68000030517578,81.0,80.66999816894531,80.97000122070312,12656200
2016-03-08 00:00:00+00:00,80.79000091552734,80.8499984741211,80.36000061035156,80.4000015258789,17813700
2016-03-09 00:00:00+00:00,80.55000305175781,80.69999694824219,80.36000061035156,80.5999984741211,7699600
2016-03-10 00:00:00+00:00,81.05999755859375,81.19000244140625,80.55000305175781,81.16000366210938,18167000
2016-03-11 00:00:00+00:00,81.72000122070312,82.26000213623047,81.63999938964844,82.13999938964844,18662700
2016-03-14 00:00:00+00:00,81.87999725341797,82.05999755859375,81.52999877929688,81.91000366210938,12512400
2016-03-15 00:00:00+00:00,81.4000015258789,81.4800033569336,81.11000061035156,81.1500015258789,16442600
2016-03-16 00:00:00+00:00,80.93000030517578,81.98999786376953,80.81999969482422,81.69000244140625,21567100
2016-03-17 00:00:00+00:00,81.87999725341797,82.3499984741211,81.72000122070312,82.20999908447266,18423000
2016-03-18 00:00:00+00:00,82.30000305175781,82.61000061035156,82.27999877929688,82.4000015258789,12922000
2016-03-21 00:00:00+00:00,82.38999938964844,82.45999908447266,82.13999938964844,82.30999755859375,12653600
2016-03-22 00:00:00+00:00,82.13999938964844,82.25,81.9800033569336,82.08999633789062,8941200
2016-03-23 00:00:00+00:00,82.06999969482422,82.06999969482422,81.68000030517578,81.70999908447266,11354200
2016-03-24 00:00:00+00:00,81.12000274658203,81.48999786376953,81.08000183105469,81.3499984741211,13497800
2016-03-28 00:00:00+00:00,81.26000213623047,81.43000030517578,80.94000244140625,80.9800033569336,11298900
2016-03-29 00:00:00+00:00,80.73999786376953,81.31999969482422,80.68000030517578,81.29000091552734,11348400
2016-03-30 00:00:00+00:00,81.44000244140625,81.70999908447266,81.38999938964844,81.58000183105469,11796400
2016-03-31 00:00:00+00:00,81.48999786376953,81.9000015258789,81.4800033569336,81.69000244140625,9436700
2016-04-01 00:00:00+00:00,80.9800033569336,81.51000213623047,80.80000305175781,81.37000274658203,10822400
2016-04-04 00:00:00+00:00,81.26000213623047,81.51000213623047,81.08000183105469,81.16999816894531,9269700
2016-04-05 00:00:00+00:00,80.81999969482422,81.06999969482422,80.77999877929688,80.87000274658203,13254500
2016-04-06 00:00:00+00:00,81.01000213623047,81.62000274658203,80.9800033569336,81.55000305175781,13935000
2016-04-07 00:00:00+00:00,81.22000122070312,81.41000366210938,81.05999755859375,81.1500015258789,11306100
2016-04-08 00:00:00+00:00,81.58000183105469,81.63999938964844,81.41999816894531,81.5199966430664,7953000
2016-04-11 00:00:00+00:00,81.6500015258789,81.86000061035156,81.62000274658203,81.62999725341797,8126900
2016-04-12 00:00:00+00:00,81.7699966430664,82.13999938964844,81.72000122070312,82.11000061035156,11772800
2016-04-13 00:00:00+00:00,82.30999755859375,82.81999969482422,82.30999755859375,82.6500015258789,13596100
2016-04-14 00:00:00+00:00,82.6500015258789,82.7300033569336,82.5,82.62000274658203,10758400
2016-04-15 00:00:00+00:00,82.47000122070312,82.56999969482422,82.4000015258789,82.48999786376953,7857300
2016-04-18 00:00:00+00:00,82.16000366210938,82.97000122070312,82.12999725341797,82.95999908447266,9211400
2016-04-19 00:00:00+00:00,83.1500015258789,83.41000366210938,83.08000183105469,83.30999755859375,11623600
2016-04-20 00:00:00+00:00,83.37999725341797,83.69999694824219,83.22000122070312,83.47000122070312,10128800
2016-04-21 00:00:00+00:00,83.56999969482422,83.5999984741211,83.16999816894531,83.20999908447266,13349500
2016-04-22 00:00:00+00:00,83.27999877929688,83.44999694824219,83.20999908447266,83.4000015258789,10982300
2016-04-25 00:00:00+00:00,83.25,83.37000274658203,83.05000305175781,83.08000183105469,8972400
2016-04-26 00:00:00+00:00,83.29000091552734,83.37000274658203,83.16000366210938,83.36000061035156,8291000
2016-04-27 00:00:00+00:00,83.44000244140625,83.91000366210938,83.41000366210938,83.8499984741211,10505400
2016-04-28 00:00:00+00:00,83.83000183105469,84.04000091552734,83.6500015258789,83.70999908447266,9229000
2016-04-29 00:00:00+00:00,83.62999725341797,83.91000366210938,83.3499984741211,83.8499984741211,20284700
2016-05-02 00:00:00+00:00,83.37999725341797,83.52999877929688,83.29000091552734,83.5,11420700
2016-05-03 00:00:00+00:00,83.19999694824219,83.22000122070312,82.83999633789062,82.95999908447266,18449200
2016-05-04 00:00:00+00:00,82.80999755859375,82.86000061035156,82.61000061035156,82.6500015258789,17645200
2016-05-05 00:00:00+00:00,82.91000366210938,82.91999816894531,82.54000091552734,82.58000183105469,18782100
2016-05-06 00:00:00+00:00,82.2300033569336,82.70999908447266,82.20999908447266,82.52999877929688,16204400
2016-05-09 00:00:00+00:00,82.4000015258789,82.58999633789062,82.27999877929688,82.37999725341797,11622800
2016-05-10 00:00:00+00:00,82.43000030517578,83.0999984741211,82.43000030517578,83.08000183105469,11420700
2016-05-11 00:00:00+00:00,83.08000183105469,83.36000061035156,82.93000030517578,83.0199966430664,20692000
2016-05-12 00:00:00+00:00,83.23999786376953,83.23999786376953,82.95999908447266,83.1500015258789,11312400
2016-05-13 00:00:00+00:00,83.06999969482422,83.18000030517578,82.73999786376953,82.77999877929688,11332400
2016-05-16 00:00:00+00:00,82.93000030517578,83.27999877929688,82.87000274658203,83.23999786376953,12981700
2016-05-17 00:00:00+00:00,83.0999984741211,83.31999969482422,83.01000213623047,83.06999969482422,7489900
2016-05-18 00:00:00+00:00,83.0999984741211,83.33000183105469,82.8499984741211,83.08000183105469,16612500
2016-05-19 00:00:00+00:00,82.79000091552734,82.91000366210938,82.58999633789062,82.8499984741211,20290200
2016-05-20 00:00:00+00:00,82.86000061035156,83.16000366210938,82.86000061035156,83.13999938964844,10556700
2016-05-23 00:00:00+00:00,83.12000274658203,83.5999984741211,82.95999908447266,83.16000366210938,10457400
2016-05-24 00:00:00+00:00,83.37000274658203,83.66000366210938,83.30999755859375,83.66000366210938,10838400
2016-05-25 00:00:00+00:00,83.83000183105469,83.91999816894531,83.75,83.79000091552734,15119600
2016-05-26 00:00:00+00:00,83.94000244140625,83.94000244140625,83.54000091552734,83.55000305175781,12269000
2016-05-27 00:00:00+00:00,83.58999633789062,83.69000244140625,83.52999877929688,83.69000244140625,6225600
2016-05-31 00:00:00+00:00,83.75,83.87000274658203,83.5199966430664,83.61000061035156,11994100
2016-06-01 00:00:00+00:00,82.98999786376953,83.37999725341797,82.9000015258789,83.33999633789062,16488600
2016-06-02 00:00:00+00:00,83.19999694824219,83.41000366210938,83.11000061035156,83.36000061035156,12118900
2016-06-03 00:00:00+00:00,83.44000244140625,83.55999755859375,83.2300033569336,83.51000213623047,13093000
2016-06-06 00:00:00+00:00,83.77999877929688,83.93000030517578,83.62000274658203,83.87999725341797,16126200
2016-06-07 00:00:00+00:00,83.9800033569336,84.3499984741211,83.93000030517578,84.25,18423500
2016-06-08 00:00:00+00:00,84.36000061035156,84.5999984741211,84.3499984741211,84.56999969482422,14652800
2016-06-09 00:00:00+00:00,84.56999969482422,84.56999969482422,84.13999938964844,84.23999786376953,11188300
2016-06-10 00:00:00+00:00,83.9000015258789,84.0199966430664,83.66000366210938,83.83000183105469,15259900
2016-06-13 00:00:00+00:00,83.5,83.80999755859375,83.2699966430664,83.2699966430664,17257900
2016-06-14 00:00:00+00:00,83.12999725341797,83.23999786376953,82.7699966430664,82.98999786376953,20578800
2016-06-15 00:00:00+00:00,83.26000213623047,83.37999725341797,82.97000122070312,83.02999877929688,14202800
2016-06-16 00:00:00+00:00,82.8499984741211,83.1500015258789,82.44999694824219,83.08000183105469,19195500
2016-06-17 00:00:00+00:00,83.08999633789062,83.33000183105469,83.05999755859375,83.12999725341797,16113800
2016-06-20 00:00:00+00:00,83.7300033569336,83.97000122070312,83.52999877929688,83.62000274658203,13368400
2016-06-21 00:00:00+00:00,83.7699966430664,83.9800033569336,83.62999725341797,83.94000244140625,12141800
2016-06-22 00:00:00+00:00,83.98999786376953,84.12000274658203,83.88999938964844,84.0199966430664,10759500
2016-06-23 00:00:00+00:00,84.38999938964844,84.63999938964844,84.31999969482422,84.63999938964844,9920200
2016-06-24 00:00:00+00:00,82.98999786376953,84.19999694824219,82.9000015258789,83.25,31416700
2016-06-27 00:00:00+00:00,83.0,83.05999755859375,82.01000213623047,82.05000305175781,27244200
2016-06-28 00:00:00+00:00,82.83000183105469,83.11000061035156,82.69000244140625,83.08000183105469,13910300
2016-06-29 00:00:00+00:00,83.58000183105469,84.30000305175781,83.54000091552734,84.12999725341797,23604300
2016-06-30 00:00:00+00:00,84.05999755859375,84.80000305175781,83.94000244140625,84.69999694824219,26304600
2016-07-01 00:00:00+00:00,84.30000305175781,84.69999694824219,84.25,84.47000122070312,16343000
2016-07-05 00:00:00+00:00,84.30000305175781,84.30000305175781,83.8499984741211,83.98999786376953,12078200
2016-07-06 00:00:00+00:00,83.87999725341797,84.37000274658203,83.75,84.36000061035156,9607000
2016-07-07 00:00:00+00:00,84.37999725341797,84.5999984741211,84.25,84.47000122070312,13058100
2016-07-08 00:00:00+00:00,84.81999969482422,85.63999938964844,84.79000091552734,85.58999633789062,21395600
2016-07-11 00:00:00+00:00,85.63999938964844,85.91999816894531,85.5999984741211,85.63999938964844,18313500
2016-07-12 00:00:00+00:00,86.05999755859375,86.31999969482422,85.86000061035156,85.87999725341797,16074300
2016-07-13 00:00:00+00:00,85.87000274658203,85.9000015258789,85.51000213623047,85.62999725341797,13040300
2016-07-14 00:00:00+00:00,85.9000015258789,85.91000366210938,85.5999984741211,85.80000305175781,7764400
2016-07-15 00:00:00+00:00,85.8499984741211,85.94000244140625,85.5999984741211,85.62999725341797,9163800
2016-07-18 00:00:00+00:00,85.68000030517578,85.94000244140625,85.62999725341797,85.91999816894531,7447200
2016-07-19 00:00:00+00:00,85.7300033569336,85.87000274658203,85.54000091552734,85.69000244140625,7349700
2016-07-20 00:00:00+00:00,85.80999755859375,85.98999786376953,85.6500015258789,85.91000366210938,7247500
2016-07-21 00:00:00+00:00,85.77999877929688,86.08000183105469,85.73999786376953,85.79000091552734,11265000
2016-07-22 00:00:00+00:00,85.80999755859375,86.26000213623047,85.7300033569336,86.16999816894531,10523500
2016-07-25 00:00:00+00:00,86.08999633789062,86.08999633789062,85.68000030517578,85.76000213623047,14768400
2016-07-26 00:00:00+00:00,85.69999694824219,85.75,85.37999725341797,85.43000030517578,14292600
2016-07-27 00:00:00+00:00,85.58000183105469,85.72000122070312,85.33999633789062,85.69000244140625,11730800
2016-07-28 00:00:00+00:00,85.51000213623047,85.51000213623047,85.23999786376953,85.33000183105469,17968100
2016-07-29 00:00:00+00:00,85.18000030517578,85.43000030517578,84.98999786376953,85.41000366210938,15202400
2016-08-01 00:00:00+00:00,84.97000122070312,84.9800033569336,84.4800033569336,84.55000305175781,18335300
2016-08-02 00:00:00+00:00,84.5199966430664,84.61000061035156,84.29000091552734,84.43000030517578,21959800
2016-08-03 00:00:00+00:00,84.5,84.88999938964844,84.44999694824219,84.80999755859375,13733700
2016-08-04 00:00:00+00:00,85.12000274658203,85.45999908447266,85.0,85.3499984741211,11832000
2016-08-05 00:00:00+00:00,85.62999725341797,85.77999877929688,85.51000213623047,85.54000091552734,12314900
2016-08-08 00:00:00+00:00,85.69999694824219,85.93000030517578,85.5999984741211,85.88999938964844,10800900
2016-08-09 00:00:00+00:00,85.94000244140625,86.25,85.91999816894531,86.19000244140625,13772300
2016-08-10 00:00:00+00:00,86.20999908447266,86.25,86.0,86.02999877929688,7250400
2016-08-11 00:00:00+00:00,86.16999816894531,86.36000061035156,86.0999984741211,86.23999786376953,6732600
2016-08-12 00:00:00+00:00,86.19000244140625,86.33000183105469,86.12000274658203,86.30999755859375,3996500
2016-08-15 00:00:00+00:00,86.48999786376953,86.62000274658203,86.33000183105469,86.56999969482422,9396400
2016-08-16 00:00:00+00:00,86.5999984741211,86.5999984741211,86.3499984741211,86.38999938964844,8104400
2016-08-17 00:00:00+00:00,86.44999694824219,86.55000305175781,86.31999969482422,86.51000213623047,14139600
2016-08-18 00:00:00+00:00,86.58000183105469,86.8499984741211,86.5199966430664,86.8499984741211,8582700
2016-08-19 00:00:00+00:00,86.73999786376953,86.80999755859375,86.55000305175781,86.58999633789062,7474000
2016-08-22 00:00:00+00:00,86.5,86.55999755859375,86.30999755859375,86.44999694824219,5364700
2016-08-23 00:00:00+00:00,86.66999816894531,86.81999969482422,86.58999633789062,86.73999786376953,7476400
2016-08-24 00:00:00+00:00,86.7300033569336,86.77999877929688,86.48999786376953,86.5,6655300
2016-08-25 00:00:00+00:00,86.55000305175781,86.7699966430664,86.52999877929688,86.66000366210938,7482800
2016-08-26 00:00:00+00:00,86.61000061035156,87.0199966430664,86.41000366210938,86.55999755859375,10544900
2016-08-29 00:00:00+00:00,86.69000244140625,87.04000091552734,86.66000366210938,86.98999786376953,10038500
2016-08-30 00:00:00+00:00,86.98999786376953,87.13999938964844,86.79000091552734,87.04000091552734,16157400
2016-08-31 00:00:00+00:00,86.97000122070312,87.02999877929688,86.62000274658203,86.69999694824219,16985000
2016-09-01 00:00:00+00:00,86.4000015258789,86.52999877929688,86.12000274658203,86.5,14952700
2016-09-02 00:00:00+00:00,86.76000213623047,87.02999877929688,86.62000274658203,86.9000015258789,13540100
2016-09-06 00:00:00+00:00,86.87000274658203,87.01000213623047,86.8499984741211,87.0,12662000
2016-09-07 00:00:00+00:00,86.94999694824219,87.01000213623047,86.69999694824219,86.76000213623047,8245100
2016-09-08 00:00:00+00:00,86.7699966430664,86.81999969482422,86.58999633789062,86.5999984741211,8430700
2016-09-09 00:00:00+00:00,86.3499984741211,86.55999755859375,85.73999786376953,85.7699966430664,25087600
2016-09-12 00:00:00+00:00,85.5999984741211,86.2300033569336,85.55000305175781,86.06999969482422,17718300
2016-09-13 00:00:00+00:00,85.86000061035156,85.97000122070312,85.2699966430664,85.41000366210938,21907200
2016-09-14 00:00:00+00:00,85.52999877929688,85.80999755859375,85.29000091552734,85.38999938964844,14257700
2016-09-15 00:00:00+00:00,85.5,85.93000030517578,85.44000244140625,85.88999938964844,9964800
2016-09-16 00:00:00+00:00,85.77999877929688,85.93000030517578,85.58000183105469,85.91000366210938,8396600
2016-09-19 00:00:00+00:00,85.97000122070312,86.06999969482422,85.81999969482422,85.95999908447266,9855500
2016-09-20 00:00:00+00:00,86.0,86.0999984741211,85.72000122070312,85.86000061035156,8705600
2016-09-21 00:00:00+00:00,85.91000366210938,86.62000274658203,85.87999725341797,86.56999969482422,17484300
2016-09-22 00:00:00+00:00,86.86000061035156,87.12999725341797,86.70999908447266,86.86000061035156,11813600
2016-09-23 00:00:00+00:00,86.80000305175781,86.97000122070312,86.69999694824219,86.76000213623047,13122600
2016-09-26 00:00:00+00:00,86.56999969482422,86.68000030517578,86.30999755859375,86.37999725341797,6590500
2016-09-27 00:00:00+00:00,86.26000213623047,86.63999938964844,86.12999725341797,86.62999725341797,8516500
2016-09-28 00:00:00+00:00,86.77999877929688,87.2300033569336,86.47000122070312,87.20999908447266,11149300
2016-09-29 00:00:00+00:00,87.16999816894531,87.19000244140625,86.55999755859375,86.87999725341797,13425800
2016-09-30 00:00:00+00:00,87.0,87.29000091552734,86.9800033569336,87.26000213623047,12158000
2016-10-03 00:00:00+00:00,86.81999969482422,86.91000366210938,86.6500015258789,86.81999969482422,10708800
2016-10-04 00:00:00+00:00,86.94000244140625,87.0,86.55999755859375,86.66999816894531,11057500
2016-10-05 00:00:00+00:00,86.97000122070312,86.98999786376953,86.76000213623047,86.9000015258789,9424500
2016-10-06 00:00:00+00:00,86.97000122070312,86.98999786376953,86.7300033569336,86.94999694824219,9455200
2016-10-07 00:00:00+00:00,86.98999786376953,87.19000244140625,86.73999786376953,87.1500015258789,10824200
2016-10-10 00:00:00+00:00,87.20999908447266,87.5,87.1500015258789,87.4000015258789,4182300
2016-10-11 00:00:00+00:00,87.2699966430664,87.27999877929688,86.7699966430664,86.91000366210938,8855400
2016-10-12 00:00:00+00:00,86.87000274658203,87.02999877929688,86.7300033569336,86.87999725341797,7915300
2016-10-13 00:00:00+00:00,86.61000061035156,86.7699966430664,86.43000030517578,86.66000366210938,10614800
2016-10-14 00:00:00+00:00,86.91000366210938,86.9800033569336,86.73999786376953,86.86000061035156,6766300
2016-10-17 00:00:00+00:00,86.83999633789062,86.98999786376953,86.70999908447266,86.73999786376953,7790000
2016-10-18 00:00:00+00:00,87.05000305175781,87.12000274658203,86.81999969482422,87.08999633789062,8404600
2016-10-19 00:00:00+00:00,87.16000366210938,87.38999938964844,87.13999938964844,87.33999633789062,9874300
2016-10-20 00:00:00+00:00,87.33999633789062,87.41000366210938,87.18000030517578,87.3499984741211,12558000
2016-10-21 00:00:00+00:00,87.18000030517578,87.44999694824219,87.06999969482422,87.37000274658203,8332900
2016-10-24 00:00:00+00:00,87.4800033569336,87.55999755859375,87.27999877929688,87.41999816894531,7200800
2016-10-25 00:00:00+00:00,87.33000183105469,87.41999816894531,87.2300033569336,87.37000274658203,6906500
2016-10-26 00:00:00+00:00,87.1500015258789,87.3499984741211,86.98999786376953,87.0199966430664,13813300
2016-10-27 00:00:00+00:00,87.08999633789062,87.12999725341797,86.55000305175781,86.69999694824219,19333100
2016-10-28 00:00:00+00:00,86.5999984741211,86.66000366210938,86.20999908447266,86.27999877929688,19745600
2016-10-31 00:00:00+00:00,86.26000213623047,86.30999755859375,85.93000030517578,86.0199966430664,21174600
2016-11-01 00:00:00+00:00,85.68000030517578,85.68000030517578,84.97000122070312,85.30000305175781,26184000
2016-11-02 00:00:00+00:00,85.16000366210938,85.23999786376953,84.81999969482422,84.91999816894531,19593600
2016-11-03 00:00:00+00:00,85.0999984741211,85.2300033569336,84.87000274658203,84.94000244140625,12699700
2016-11-04 00:00:00+00:00,85.08999633789062,85.25,84.91000366210938,84.9800033569336,10970400
2016-11-07 00:00:00+00:00,85.75,86.22000122070312,85.69000244140625,86.16999816894531,14416200
2016-11-08 00:00:00+00:00,85.7699966430664,86.12999725341797,85.73999786376953,85.9800033569336,20370600
2016-11-09 00:00:00+00:00,85.44999694824219,86.0,85.30000305175781,85.37999725341797,24858900
2016-11-10 00:00:00+00:00,85.19999694824219,85.19999694824219,84.20999908447266,84.26000213623047,33213300
2016-11-11 00:00:00+00:00,83.98999786376953,84.19999694824219,83.25,83.47000122070312,16442900
2016-11-14 00:00:00+00:00,83.25,84.19000244140625,83.23999786376953,84.08999633789062,21036000
2016-11-15 00:00:00+00:00,84.5199966430664,85.30999755859375,84.5199966430664,85.19999694824219,17888600
2016-11-16 00:00:00+00:00,84.83999633789062,85.0,84.7300033569336,84.86000061035156,11965700
2016-11-17 00:00:00+00:00,84.8499984741211,85.08999633789062,84.62999725341797,84.62999725341797,12017600
2016-11-18 00:00:00+00:00,84.80999755859375,84.94000244140625,84.4800033569336,84.62999725341797,17781800
2016-11-21 00:00:00+00:00,84.8499984741211,85.3499984741211,84.83999633789062,85.30999755859375,11581600
2016-11-22 00:00:00+00:00,85.44999694824219,86.02999877929688,85.41999816894531,85.94000244140625,16648100
2016-11-23 00:00:00+00:00,85.29000091552734,85.69000244140625,85.27999877929688,85.62000274658203,10662900
2016-11-25 00:00:00+00:00,85.66999816894531,85.76000213623047,85.5999984741211,85.7300033569336,2009600
2016-11-28 00:00:00+00:00,85.62000274658203,86.0,85.47000122070312,85.72000122070312,16897400
2016-11-29 00:00:00+00:00,85.5,85.69999694824219,85.43000030517578,85.61000061035156,9164000
2016-11-30 00:00:00+00:00,85.69999694824219,85.80000305175781,85.43000030517578,85.6500015258789,15211300
2016-12-01 00:00:00+00:00,85.27999877929688,85.31999969482422,84.87000274658203,84.87000274658203,18249400
2016-12-02 00:00:00+00:00,85.06999969482422,85.38999938964844,84.9800033569336,85.37999725341797,9360400
2016-12-05 00:00:00+00:00,85.41999816894531,85.66999816894531,85.37999725341797,85.5999984741211,9782100
2016-12-06 00:00:00+00:00,85.7300033569336,86.05999755859375,85.6500015258789,86.02999877929688,16090600
2016-12-07 00:00:00+00:00,86.13999938964844,86.5999984741211,86.06999969482422,86.45999908447266,20886400
2016-12-08 00:00:00+00:00,86.37000274658203,86.5,86.12999725341797,86.44999694824219,10782100
2016-12-09 00:00:00+00:00,86.41000366210938,86.62000274658203,86.36000061035156,86.48999786376953,6463400
2016-12-12 00:00:00+00:00,86.6500015258789,86.68000030517578,86.27999877929688,86.37000274658203,8457100
2016-12-13 00:00:00+00:00,86.69000244140625,86.83999633789062,86.55999755859375,86.58000183105469,10739200
2016-12-14 00:00:00+00:00,86.58000183105469,86.83999633789062,85.8499984741211,85.93000030517578,15672400
2016-12-15 00:00:00+00:00,85.79000091552734,86.13999938964844,85.75,85.97000122070312,11221700
2016-12-16 00:00:00+00:00,86.20999908447266,86.26000213623047,86.02999877929688,86.05000305175781,15722200
2016-12-19 00:00:00+00:00,86.12000274658203,86.37999725341797,86.0999984741211,86.2699966430664,5897900
2016-12-20 00:00:00+00:00,86.30000305175781,86.4800033569336,86.19000244140625,86.38999938964844,11072400
2016-12-21 00:00:00+00:00,86.3499984741211,86.62000274658203,86.33000183105469,86.54000091552734,17461400
2016-12-22 00:00:00+00:00,86.2699966430664,86.44000244140625,86.16999816894531,86.44000244140625,8507600
2016-12-23 00:00:00+00:00,86.47000122070312,86.61000061035156,86.41000366210938,86.5999984741211,4230500
2016-12-27 00:00:00+00:00,86.48999786376953,86.66000366210938,86.44999694824219,86.5199966430664,5840600
2016-12-28 00:00:00+00:00,86.63999938964844,86.63999938964844,86.36000061035156,86.4000015258789,6961200
2016-12-29 00:00:00+00:00,86.47000122070312,86.55000305175781,86.37999725341797,86.5199966430664,3794300
2016-12-30 00:00:00+00:00,86.58000183105469,86.69999694824219,86.37999725341797,86.55000305175781,7513400
2017-01-03 00:00:00+00:00,86.87999725341797,86.94999694824219,86.69999694824219,86.91000366210938,14050100
2017-01-04 00:00:00+00:00,87.0,87.38999938964844,87.0,87.37999725341797,11912400
2017-01-05 00:00:00+00:00,87.26000213623047,87.41999816894531,87.19999694824219,87.25,10458600
2017-01-06 00:00:00+00:00,87.16000366210938,87.27999877929688,87.04000091552734,87.2300033569336,6836400
2017-01-09 00:00:00+00:00,87.20999908447266,87.27999877929688,87.05000305175781,87.20999908447266,6648800
2017-01-10 00:00:00+00:00,87.30999755859375,87.43000030517578,87.18000030517578,87.22000122070312,11777000
2017-01-11 00:00:00+00:00,87.25,87.31999969482422,87.11000061035156,87.2699966430664,11914200
2017-01-12 00:00:00+00:00,87.25,87.30000305175781,87.12999725341797,87.29000091552734,12512300
2017-01-13 00:00:00+00:00,87.26000213623047,87.4000015258789,87.0999984741211,87.31999969482422,8861000
2017-01-17 00:00:00+00:00,87.26000213623047,87.29000091552734,87.1500015258789,87.2300033569336,8633000
2017-01-18 00:00:00+00:00,87.19999694824219,87.30999755859375,87.0999984741211,87.30999755859375,12715500
2017-01-19 00:00:00+00:00,87.25,87.30000305175781,86.94000244140625,87.02999877929688,10703200
2017-01-20 00:00:00+00:00,87.05999755859375,87.22000122070312,86.97000122070312,87.19999694824219,9262000
2017-01-23 00:00:00+00:00,87.12999725341797,87.22000122070312,87.04000091552734,87.19999694824219,13561300
2017-01-24 00:00:00+00:00,87.1500015258789,87.31999969482422,87.11000061035156,87.26000213623047,7490500
2017-01-25 00:00:00+00:00,87.4000015258789,87.56999969482422,87.33999633789062,87.56999969482422,8953900
2017-01-26 00:00:00+00:00,87.5,87.58999633789062,87.41000366210938,87.52999877929688,7443900
2017-01-27 00:00:00+00:00,87.45999908447266,87.69000244140625,87.44999694824219,87.61000061035156,7888100
2017-01-30 00:00:00+00:00,87.4800033569336,87.54000091552734,87.30999755859375,87.43000030517578,7637600
2017-01-31 00:00:00+00:00,87.38999938964844,87.41999816894531,87.18000030517578,87.33999633789062,12249400
2017-02-01 00:00:00+00:00,87.19999694824219,87.33000183105469,86.94999694824219,87.27999877929688,12489400
2017-02-02 00:00:00+00:00,87.2699966430664,87.37000274658203,87.13999938964844,87.33000183105469,10886200
2017-02-03 00:00:00+00:00,87.5199966430664,87.58000183105469,87.43000030517578,87.4800033569336,12674000
2017-02-06 00:00:00+00:00,87.5,87.52999877929688,87.3499984741211,87.41999816894531,7004900
2017-02-07 00:00:00+00:00,87.5199966430664,87.5199966430664,87.27999877929688,87.29000091552734,11170100
2017-02-08 00:00:00+00:00,87.29000091552734,87.36000061035156,87.12000274658203,87.3499984741211,11107300
2017-02-09 00:00:00+00:00,87.3499984741211,87.54000091552734,87.3499984741211,87.47000122070312,7292600
2017-02-10 00:00:00+00:00,87.5199966430664,87.55000305175781,87.4000015258789,87.52999877929688,5471800
2017-02-13 00:00:00+00:00,87.5999984741211,87.72000122070312,87.58999633789062,87.66000366210938,7477200
2017-02-14 00:00:00+00:00,87.6500015258789,87.76000213623047,87.47000122070312,87.72000122070312,8785000
2017-02-15 00:00:00+00:00,87.62999725341797,87.7699966430664,87.56999969482422,87.75,10582800
2017-02-16 00:00:00+00:00,87.66000366210938,88.08000183105469,87.51000213623047,87.68000030517578,8917800
2017-02-17 00:00:00+00:00,87.58999633789062,87.79000091552734,87.51000213623047,87.7699966430664,6247300
2017-02-21 00:00:00+00:00,87.7699966430664,88.05999755859375,87.7699966430664,88.05999755859375,10437800
2017-02-22 00:00:00+00:00,88.01000213623047,88.12000274658203,87.94000244140625,88.0999984741211,10963600
2017-02-23 00:00:00+00:00,88.29000091552734,88.30000305175781,88.08000183105469,88.18000030517578,8150200
2017-02-24 00:00:00+00:00,88.11000061035156,88.37000274658203,88.05999755859375,88.25,8390200
2017-02-27 00:00:00+00:00,88.25,88.36000061035156,88.19000244140625,88.36000061035156,5693300
2017-02-28 00:00:00+00:00,88.30000305175781,88.37000274658203,88.23999786376953,88.29000091552734,5868400
2017-03-01 00:00:00+00:00,88.18000030517578,88.30999755859375,88.18000030517578,88.2300033569336,10612100
2017-03-02 00:00:00+00:00,88.25,88.25,87.94999694824219,87.94999694824219,9193000
2017-03-03 00:00:00+00:00,88.0199966430664,88.08999633789062,87.81999969482422,87.98999786376953,15059300
2017-03-06 00:00:00+00:00,87.8499984741211,87.88999938964844,87.69000244140625,87.70999908447266,17066300
2017-03-07 00:00:00+00:00,87.52999877929688,87.5999984741211,87.12000274658203,87.13999938964844,17023100
2017-03-08 00:00:00+00:00,86.93000030517578,87.06999969482422,86.55000305175781,86.55999755859375,22433500
2017-03-09 00:00:00+00:00,86.37999725341797,86.72000122070312,86.19999694824219,86.33000183105469,21260700
2017-03-10 00:00:00+00:00,86.87999725341797,86.87999725341797,86.08000183105469,86.30000305175781,20643900
2017-03-13 00:00:00+00:00,86.37999725341797,86.4800033569336,86.12000274658203,86.37000274658203,13512300
2017-03-14 00:00:00+00:00,86.12000274658203,86.20999908447266,85.98999786376953,86.11000061035156,12808500
2017-03-15 00:00:00+00:00,86.4000015258789,87.30000305175781,86.31999969482422,87.30000305175781,19654600
2017-03-16 00:00:00+00:00,87.5,87.52999877929688,87.02999877929688,87.05000305175781,15807500
2017-03-17 00:00:00+00:00,87.25,87.25,87.04000091552734,87.08000183105469,9984500
2017-03-20 00:00:00+00:00,87.06999969482422,87.06999969482422,86.91000366210938,86.91000366210938,12220600
2017-03-21 00:00:00+00:00,87.08000183105469,87.16999816894531,86.27999877929688,86.29000091552734,16918200
2017-03-22 00:00:00+00:00,86.23999786376953,86.56999969482422,86.0199966430664,86.5,14054600
2017-03-23 00:00:00+00:00,86.43000030517578,86.75,86.37000274658203,86.52999877929688,10618900
2017-03-24 00:00:00+00:00,86.5999984741211,86.86000061035156,86.5999984741211,86.83000183105469,8920800
2017-03-27 00:00:00+00:00,86.5199966430664,86.77999877929688,86.4000015258789,86.73999786376953,7788700
2017-03-28 00:00:00+00:00,86.69999694824219,87.25,86.69999694824219,87.22000122070312,16871700
2017-03-29 00:00:00+00:00,87.27999877929688,87.55000305175781,87.22000122070312,87.4000015258789,12266300
2017-03-30 00:00:00+00:00,87.5999984741211,87.83000183105469,87.47000122070312,87.80999755859375,16367900
2017-03-31 00:00:00+00:00,87.7300033569336,87.9000015258789,87.69000244140625,87.77999877929688,11778400
2017-04-03 00:00:00+00:00,87.45999908447266,87.47000122070312,87.2300033569336,87.36000061035156,20664400
2017-04-04 00:00:00+00:00,87.37000274658203,87.48999786376953,87.29000091552734,87.38999938964844,8473900
2017-04-05 00:00:00+00:00,87.52999877929688,87.70999908447266,87.2699966430664,87.31999969482422,11102300
2017-04-06 00:00:00+00:00,87.4000015258789,87.5199966430664,87.30000305175781,87.43000030517578,7234500
2017-04-07 00:00:00+00:00,87.55000305175781,87.62000274658203,87.38999938964844,87.38999938964844,5457800
2017-04-10 00:00:00+00:00,87.52999877929688,87.62000274658203,87.44999694824219,87.51000213623047,7996900
2017-04-11 00:00:00+00:00,87.56999969482422,87.56999969482422,87.23999786376953,87.33999633789062,8005800
2017-04-12 00:00:00+00:00,87.4000015258789,87.5999984741211,87.31999969482422,87.4000015258789,8723800
2017-04-13 00:00:00+00:00,87.37000274658203,87.48999786376953,87.16000366210938,87.22000122070312,10446700
2017-04-17 00:00:00+00:00,87.33000183105469,87.5,87.2300033569336,87.4800033569336,7158700
2017-04-18 00:00:00+00:00,87.47000122070312,87.55999755859375,87.2300033569336,87.45999908447266,9062800
2017-04-19 00:00:00+00:00,87.51000213623047,87.69999694824219,87.33000183105469,87.37999725341797,8643200
2017-04-20 00:00:00+00:00,87.4800033569336,87.69000244140625,87.44000244140625,87.66999816894531,7766000
2017-04-21 00:00:00+00:00,87.63999938964844,87.70999908447266,87.48999786376953,87.5999984741211,11328200
2017-04-24 00:00:00+00:00,87.95999908447266,88.0199966430664,87.87999725341797,88.01000213623047,8904700
2017-04-25 00:00:00+00:00,88.06999969482422,88.19999694824219,88.02999877929688,88.16999816894531,12493400
2017-04-26 00:00:00+00:00,88.08999633789062,88.2300033569336,88.06999969482422,88.08999633789062,7269000
2017-04-27 00:00:00+00:00,88.08999633789062,88.16000366210938,88.01000213623047,88.1500015258789,6897900
2017-04-28 00:00:00+00:00,88.16000366210938,88.23999786376953,88.06999969482422,88.12000274658203,7542800
2017-05-01 00:00:00+00:00,87.75,87.8499984741211,87.69999694824219,87.79000091552734,10336000
2017-05-02 00:00:00+00:00,87.88999938964844,87.9000015258789,87.76000213623047,87.81999969482422,10792800
2017-05-03 00:00:00+00:00,87.88999938964844,87.94999694824219,87.80000305175781,87.9000015258789,7413400
2017-05-04 00:00:00+00:00,87.83999633789062,87.83999633789062,87.3499984741211,87.43000030517578,20562500
2017-05-05 00:00:00+00:00,87.43000030517578,87.66000366210938,87.37999725341797,87.58000183105469,14935200
2017-05-08 00:00:00+00:00,87.61000061035156,87.7300033569336,87.54000091552734,87.68000030517578,8199200
2017-05-09 00:00:00+00:00,87.80000305175781,87.8499984741211,87.61000061035156,87.62000274658203,10810000
2017-05-10 00:00:00+00:00,87.8499984741211,88.04000091552734,87.7300033569336,88.0,10824900
2017-05-11 00:00:00+00:00,87.94000244140625,88.04000091552734,87.83000183105469,88.01000213623047,8461400
2017-05-12 00:00:00+00:00,88.05999755859375,88.06999969482422,87.91000366210938,87.9800033569336,8929900
2017-05-15 00:00:00+00:00,88.12000274658203,88.25,88.11000061035156,88.18000030517578,10690200
2017-05-16 00:00:00+00:00,88.2699966430664,88.3499984741211,88.18000030517578,88.30999755859375,12638900
2017-05-17 00:00:00+00:00,88.0199966430664,88.0999984741211,87.87000274658203,87.91999816894531,14055700
2017-05-18 00:00:00+00:00,87.66000366210938,88.16000366210938,87.62999725341797,88.0199966430664,10731800
2017-05-19 00:00:00+00:00,88.16999816894531,88.30999755859375,88.12999725341797,88.18000030517578,15998800
2017-05-22 00:00:00+00:00,88.36000061035156,88.44999694824219,88.2699966430664,88.44999694824219,7181800
2017-05-23 00:00:00+00:00,88.48999786376953,88.48999786376953,88.3499984741211,88.44000244140625,6998400
2017-05-24 00:00:00+00:00,88.5,88.61000061035156,88.4000015258789,88.58999633789062,8533600
2017-05-25 00:00:00+00:00,88.58999633789062,88.75,88.48999786376953,88.5199966430664,7985500
2017-05-26 00:00:00+00:00,88.5,88.58999633789062,88.5,88.56999969482422,2909500
2017-05-30 00:00:00+00:00,88.55999755859375,88.69999694824219,88.5199966430664,88.66000366210938,5371100
2017-05-31 00:00:00+00:00,88.66999816894531,88.69999694824219,88.52999877929688,88.6500015258789,13758400
2017-06-01 00:00:00+00:00,88.36000061035156,88.5999984741211,88.29000091552734,88.52999877929688,19189300
2017-06-02 00:00:00+00:00,88.55000305175781,88.66000366210938,88.5,88.58000183105469,9491600
2017-06-05 00:00:00+00:00,88.55000305175781,88.63999938964844,88.45999908447266,88.5,10384400
2017-06-06 00:00:00+00:00,88.4800033569336,88.51000213623047,88.30999755859375,88.36000061035156,14386500
2017-06-07 00:00:00+00:00,88.44000244140625,88.44000244140625,88.06999969482422,88.18000030517578,13329000
2017-06-08 00:00:00+00:00,88.19999694824219,88.33999633789062,88.02999877929688,88.25,14208300
2017-06-09 00:00:00+00:00,88.33999633789062,88.44999694824219,88.19999694824219,88.31999969482422,10414900
2017-06-12 00:00:00+00:00,88.3499984741211,88.54000091552734,88.29000091552734,88.47000122070312,9900000
2017-06-13 00:00:00+00:00,88.51000213623047,88.63999938964844,88.5,88.62999725341797,8640400
2017-06-14 00:00:00+00:00,88.73999786376953,88.75,88.5199966430664,88.63999938964844,8850700
2017-06-15 00:00:00+00:00,88.41999816894531,88.44999694824219,88.12000274658203,88.30000305175781,10860500
2017-06-16 00:00:00+00:00,88.37999725341797,88.37999725341797,88.12999725341797,88.1500015258789,11996100
2017-06-19 00:00:00+00:00,88.31999969482422,88.44999694824219,88.29000091552734,88.41999816894531,6398400
2017-06-20 00:00:00+00:00,88.1500015258789,88.22000122070312,88.0999984741211,88.11000061035156,18318500
2017-06-21 00:00:00+00:00,88.12000274658203,88.16000366210938,87.5199966430664,87.5999984741211,26728100
2017-06-22 00:00:00+00:00,87.69000244140625,87.87999725341797,87.62999725341797,87.83999633789062,18699400
2017-06-23 00:00:00+00:00,87.87999725341797,88.22000122070312,87.87000274658203,88.19999694824219,11337700
2017-06-26 00:00:00+00:00,88.18000030517578,88.36000061035156,88.1500015258789,88.31999969482422,9504500
2017-06-27 00:00:00+00:00,88.31999969482422,88.33999633789062,87.9800033569336,88.04000091552734,15293300
2017-06-28 00:00:00+00:00,88.20999908447266,88.44000244140625,88.11000061035156,88.4000015258789,9755500
2017-06-29 00:00:00+00:00,88.26000213623047,88.38999938964844,88.05999755859375,88.18000030517578,14548400
2017-06-30 00:00:00+00:00,88.30000305175781,88.4800033569336,88.20999908447266,88.38999938964844,8202000
2017-07-03 00:00:00+00:00,88.01000213623047,88.25,87.87999725341797,87.97000122070312,13882000
2017-07-05 00:00:00+00:00,88.02999877929688,88.11000061035156,87.83999633789062,87.9000015258789,16269100
2017-07-06 00:00:00+00:00,87.87000274658203,87.88999938964844,87.54000091552734,87.68000030517578,15424700
2017-07-07 00:00:00+00:00,87.61000061035156,87.70999908447266,87.44999694824219,87.5999984741211,15731200
2017-07-10 00:00:00+00:00,87.5999984741211,87.73999786376953,87.56999969482422,87.69999694824219,12286600
2017-07-11 00:00:00+00:00,87.69999694824219,87.72000122070312,87.5199966430664,87.63999938964844,9261400
2017-07-12 00:00:00+00:00,87.98999786376953,88.20999908447266,87.87000274658203,88.20999908447266,17979900
2017-07-13 00:00:00+00:00,88.22000122070312,88.31999969482422,88.12999725341797,88.27999877929688,11744600
2017-07-14 00:00:00+00:00,88.33999633789062,88.56999969482422,88.25,88.52999877929688,12626700
2017-07-17 00:00:00+00:00,88.55000305175781,88.58999633789062,88.4800033569336,88.55999755859375,10158100
2017-07-18 00:00:00+00:00,88.54000091552734,88.63999938964844,88.47000122070312,88.5999984741211,9221100
2017-07-19 00:00:00+00:00,88.69000244140625,88.83000183105469,88.62999725341797,88.75,8250900
2017-07-20 00:00:00+00:00,88.83999633789062,88.8499984741211,88.66999816894531,88.80000305175781,11827800
2017-07-21 00:00:00+00:00,88.77999877929688,88.79000091552734,88.6500015258789,88.7300033569336,8771700
2017-07-24 00:00:00+00:00,88.70999908447266,88.80000305175781,88.6500015258789,88.80000305175781,4707500
2017-07-25 00:00:00+00:00,88.87000274658203,88.91000366210938,88.79000091552734,88.83999633789062,7292900
2017-07-26 00:00:00+00:00,88.97000122070312,89.04000091552734,88.86000061035156,88.97000122070312,7279800
2017-07-27 00:00:00+00:00,88.95999908447266,89.0,88.80999755859375,88.9000015258789,11624500
2017-07-28 00:00:00+00:00,88.8499984741211,88.91000366210938,88.7699966430664,88.91000366210938,4945300
2017-07-31 00:00:00+00:00,88.80000305175781,88.98999786376953,88.79000091552734,88.91000366210938,9779900
2017-08-01 00:00:00+00:00,88.61000061035156,88.68000030517578,88.56999969482422,88.62999725341797,14946800
2017-08-02 00:00:00+00:00,88.62999725341797,88.72000122070312,88.58999633789062,88.6500015258789,7422700
2017-08-03 00:00:00+00:00,88.56999969482422,88.66000366210938,88.41999816894531,88.4800033569336,9548300
2017-08-04 00:00:00+00:00,88.4800033569336,88.5199966430664,88.41000366210938,88.5,6451600
2017-08-07 00:00:00+00:00,88.5,88.5,88.4000015258789,88.45999908447266,5204700
2017-08-08 00:00:00+00:00,88.41999816894531,88.5,87.98999786376953,88.08000183105469,18534700
2017-08-09 00:00:00+00:00,87.9000015258789,87.9800033569336,87.68000030517578,87.73999786376953,15001700
2017-08-10 00:00:00+00:00,87.55999755859375,87.63999938964844,87.11000061035156,87.18000030517578,24749700
2017-08-11 00:00:00+00:00,87.37000274658203,87.45999908447266,87.26000213623047,87.33000183105469,17434300
2017-08-14 00:00:00+00:00,87.58999633789062,87.94000244140625,87.58999633789062,87.79000091552734,12566000
2017-08-15 00:00:00+00:00,87.80000305175781,87.88999938964844,87.7300033569336,87.81999969482422,6830500
2017-08-16 00:00:00+00:00,87.88999938964844,87.97000122070312,87.80000305175781,87.83000183105469,11716100
2017-08-17 00:00:00+00:00,87.72000122070312,87.80000305175781,87.29000091552734,87.33999633789062,14112300
2017-08-18 00:00:00+00:00,87.48999786376953,87.69000244140625,87.29000091552734,87.47000122070312,14324400
2017-08-21 00:00:00+00:00,87.58000183105469,87.61000061035156,87.44999694824219,87.55999755859375,7763400
2017-08-22 00:00:00+00:00,87.63999938964844,88.0,87.58999633789062,87.91999816894531,12982200
2017-08-23 00:00:00+00:00,87.7699966430664,87.97000122070312,87.70999908447266,87.93000030517578,6449500
2017-08-24 00:00:00+00:00,87.97000122070312,88.06999969482422,87.87999725341797,88.05999755859375,8480100
2017-08-25 00:00:00+00:00,88.04000091552734,88.25,88.01000213623047,88.22000122070312,6622800
2017-08-28 00:00:00+00:00,88.2699966430664,88.2699966430664,88.13999938964844,88.2300033569336,5161700
2017-08-29 00:00:00+00:00,88.01000213623047,88.1500015258789,87.98999786376953,88.12000274658203,8991600
2017-08-30 00:00:00+00:00,88.1500015258789,88.4000015258789,88.13999938964844,88.36000061035156,13431100
2017-08-31 00:00:00+00:00,88.41999816894531,88.61000061035156,88.41999816894531,88.5999984741211,12705200
2017-09-01 00:00:00+00:00,88.1500015258789,88.3499984741211,88.1500015258789,88.31999969482422,10535700
2017-09-05 00:00:00+00:00,88.26000213623047,88.26000213623047,87.95999908447266,88.12000274658203,9560500
2017-09-06 00:00:00+00:00,88.2300033569336,88.27999877929688,88.04000091552734,88.05999755859375,9023300
2017-09-07 00:00:00+00:00,88.19999694824219,88.19999694824219,88.05999755859375,88.06999969482422,8784000
2017-09-08 00:00:00+00:00,88.05999755859375,88.05999755859375,87.79000091552734,87.79000091552734,7688700
2017-09-11 00:00:00+00:00,87.94000244140625,88.19000244140625,87.8499984741211,88.06999969482422,8047600
2017-09-12 00:00:00+00:00,88.11000061035156,88.19000244140625,88.05000305175781,88.18000030517578,4752800
2017-09-13 00:00:00+00:00,88.0999984741211,88.2300033569336,88.05000305175781,88.20999908447266,11725900
2017-09-14 00:00:00+00:00,88.16999816894531,88.37000274658203,88.16000366210938,88.33000183105469,9554600
2017-09-15 00:00:00+00:00,88.27999877929688,88.43000030517578,88.23999786376953,88.41000366210938,8248000
2017-09-18 00:00:00+00:00,88.37999725341797,88.41999816894531,88.31999969482422,88.37000274658203,7442200
2017-09-19 00:00:00+00:00,88.4000015258789,88.47000122070312,88.31999969482422,88.45999908447266,7208300
2017-09-20 00:00:00+00:00,88.4800033569336,88.52999877929688,88.31999969482422,88.44999694824219,10087200
2017-09-21 00:00:00+00:00,88.4800033569336,88.48999786376953,88.31999969482422,88.33999633789062,6932300
2017-09-22 00:00:00+00:00,88.33000183105469,88.43000030517578,88.30000305175781,88.43000030517578,7570500
2017-09-25 00:00:00+00:00,88.4000015258789,88.5,88.36000061035156,88.4800033569336,4326200
2017-09-26 00:00:00+00:00,88.55999755859375,88.68000030517578,88.54000091552734,88.58999633789062,8816500
2017-09-27 00:00:00+00:00,88.58999633789062,88.66000366210938,88.48999786376953,88.62999725341797,7490100
2017-09-28 00:00:00+00:00,88.62999725341797,88.66999816894531,88.58000183105469,88.62999725341797,5934000
2017-09-29 00:00:00+00:00,88.69999694824219,88.76000213623047,88.5999984741211,88.76000213623047,8906900
2017-10-02 00:00:00+00:00,88.26000213623047,88.4000015258789,88.23999786376953,88.3499984741211,13097600
2017-10-03 00:00:00+00:00,88.3499984741211,88.5199966430664,88.3499984741211,88.51000213623047,5928800
2017-10-04 00:00:00+00:00,88.4800033569336,88.51000213623047,88.37000274658203,88.41999816894531,5832400
2017-10-05 00:00:00+00:00,88.41000366210938,88.52999877929688,88.41000366210938,88.52999877929688,5967900
2017-10-06 00:00:00+00:00,88.44999694824219,88.48999786376953,88.3499984741211,88.4000015258789,5847400
2017-10-09 00:00:00+00:00,88.44000244140625,88.47000122070312,88.37999725341797,88.41000366210938,3278400
2017-10-10 00:00:00+00:00,88.52999877929688,88.52999877929688,88.4000015258789,88.4800033569336,8786500
2017-10-11 00:00:00+00:00,88.4800033569336,88.4800033569336,88.37000274658203,88.38999938964844,7948700
2017-10-12 00:00:00+00:00,88.4000015258789,88.4000015258789,88.29000091552734,88.29000091552734,6181100
2017-10-13 00:00:00+00:00,88.41000366210938,88.43000030517578,88.27999877929688,88.33000183105469,3941200
2017-10-16 00:00:00+00:00,88.38999938964844,88.4000015258789,88.27999877929688,88.37999725341797,6060300
2017-10-17 00:00:00+00:00,88.37999725341797,88.55999755859375,88.37999725341797,88.51000213623047,7468100
2017-10-18 00:00:00+00:00,88.54000091552734,88.6500015258789,88.5199966430664,88.5999984741211,7974400
2017-10-19 00:00:00+00:00,88.4800033569336,88.6500015258789,88.44000244140625,88.61000061035156,7270600
2017-10-20 00:00:00+00:00,88.66000366210938,88.7300033569336,88.61000061035156,88.69000244140625,7107000
2017-10-23 00:00:00+00:00,88.69999694824219,88.73999786376953,88.58999633789062,88.58999633789062,7227200
2017-10-24 00:00:00+00:00,88.62000274658203,88.69000244140625,88.58000183105469,88.58999633789062,7103700
2017-10-25 00:00:00+00:00,88.52999877929688,88.52999877929688,88.22000122070312,88.33999633789062,16817000
2017-10-26 00:00:00+00:00,88.43000030517578,88.45999908447266,88.19000244140625,88.2300033569336,10649800
2017-10-27 00:00:00+00:00,88.30000305175781,88.48999786376953,88.2300033569336,88.47000122070312,13720000
2017-10-30 00:00:00+00:00,88.30000305175781,88.51000213623047,88.30000305175781,88.44999694824219,5954500
2017-10-31 00:00:00+00:00,88.48999786376953,88.51000213623047,88.44000244140625,88.47000122070312,7198400
2017-11-01 00:00:00+00:00,88.18000030517578,88.19999694824219,88.01000213623047,88.0199966430664,9505500
2017-11-02 00:00:00+00:00,88.01000213623047,88.08000183105469,87.9000015258789,87.97000122070312,6096800
2017-11-03 00:00:00+00:00,88.0199966430664,88.08000183105469,87.87000274658203,87.9800033569336,7003200
2017-11-06 00:00:00+00:00,87.93000030517578,88.04000091552734,87.88999938964844,87.98999786376953,12262400
2017-11-07 00:00:00+00:00,87.97000122070312,87.9800033569336,87.70999908447266,87.73999786376953,11805400
2017-11-08 00:00:00+00:00,87.73999786376953,87.73999786376953,87.30999755859375,87.3499984741211,18120000
2017-11-09 00:00:00+00:00,87.13999938964844,87.13999938964844,86.72000122070312,86.91999816894531,38343500
2017-11-10 00:00:00+00:00,86.94000244140625,87.18000030517578,86.87999725341797,87.11000061035156,24521600
2017-11-13 00:00:00+00:00,87.04000091552734,87.16000366210938,87.02999877929688,87.05000305175781,16280500
2017-11-14 00:00:00+00:00,86.91999816894531,86.95999908447266,86.62000274658203,86.68000030517578,13870600
2017-11-15 00:00:00+00:00,86.45999908447266,86.76000213623047,86.22000122070312,86.68000030517578,25382000
2017-11-16 00:00:00+00:00,87.12000274658203,87.5999984741211,87.04000091552734,87.52999877929688,30075200
2017-11-17 00:00:00+00:00,87.36000061035156,87.51000213623047,87.33999633789062,87.47000122070312,15942100
2017-11-20 00:00:00+00:00,87.5199966430664,87.62999725341797,87.43000030517578,87.48999786376953,8930300
2017-11-21 00:00:00+00:00,87.56999969482422,87.70999908447266,87.56999969482422,87.66999816894531,10102400
2017-11-22 00:00:00+00:00,87.72000122070312,87.87000274658203,87.69999694824219,87.80999755859375,9473800
2017-11-24 00:00:00+00:00,87.87000274658203,87.91999816894531,87.83000183105469,87.87000274658203,3126500
2017-11-27 00:00:00+00:00,87.87000274658203,87.87000274658203,87.54000091552734,87.5999984741211,10645400
2017-11-28 00:00:00+00:00,87.63999938964844,87.88999938964844,87.62999725341797,87.87000274658203,10403700
2017-11-29 00:00:00+00:00,87.81999969482422,87.87999725341797,87.68000030517578,87.76000213623047,11806200
2017-11-30 00:00:00+00:00,87.79000091552734,87.94999694824219,87.77999877929688,87.77999877929688,17981500
2017-12-01 00:00:00+00:00,87.41999816894531,87.5,86.9800033569336,87.37999725341797,15485800
2017-12-04 00:00:00+00:00,87.5,87.61000061035156,87.31999969482422,87.3499984741211,14801700
2017-12-05 00:00:00+00:00,87.4000015258789,87.44999694824219,87.27999877929688,87.30000305175781,9347600
2017-12-06 00:00:00+00:00,87.29000091552734,87.41000366210938,87.19999694824219,87.22000122070312,10081700
2017-12-07 00:00:00+00:00,87.26000213623047,87.30999755859375,87.16999816894531,87.26000213623047,8955900
2017-12-08 00:00:00+00:00,87.33000183105469,87.37000274658203,87.2699966430664,87.3499984741211,9100400
2017-12-11 00:00:00+00:00,87.3499984741211,87.38999938964844,87.29000091552734,87.37000274658203,11847900
2017-12-12 00:00:00+00:00,87.44999694824219,87.44999694824219,87.31999969482422,87.33000183105469,8846700
2017-12-13 00:00:00+00:00,87.37000274658203,87.44999694824219,87.33000183105469,87.37999725341797,7495000
2017-12-14 00:00:00+00:00,87.33999633789062,87.4000015258789,87.06999969482422,87.19999694824219,19337000
2017-12-15 00:00:00+00:00,87.30000305175781,87.33999633789062,87.19999694824219,87.20999908447266,14223900
2017-12-18 00:00:00+00:00,87.23999786376953,87.38999938964844,87.2300033569336,87.30000305175781,11735200
2017-12-19 00:00:00+00:00,87.30000305175781,87.3499984741211,87.08999633789062,87.12000274658203,10985000
2017-12-20 00:00:00+00:00,87.19999694824219,87.26000213623047,87.08999633789062,87.19000244140625,11857400
2017-12-21 00:00:00+00:00,86.93000030517578,86.98999786376953,86.87000274658203,86.91999816894531,11195700
2017-12-22 00:00:00+00:00,86.97000122070312,87.06999969482422,86.91000366210938,87.0,11136900
2017-12-26 00:00:00+00:00,86.94000244140625,87.12999725341797,86.93000030517578,87.12999725341797,5798900
2017-12-27 00:00:00+00:00,87.08000183105469,87.20999908447266,87.08000183105469,87.16999816894531,5625500
2017-12-28 00:00:00+00:00,87.19000244140625,87.20999908447266,87.0999984741211,87.12999725341797,6116500
2017-12-29 00:00:00+00:00,87.13999938964844,87.30999755859375,87.08000183105469,87.26000213623047,5116800
2018-01-02 00:00:00+00:00,87.30000305175781,87.36000061035156,87.25,87.33999633789062,7223500
2018-01-03 00:00:00+00:00,87.33999633789062,87.77999877929688,87.33999633789062,87.76000213623047,20557100
2018-01-04 00:00:00+00:00,87.81999969482422,87.98999786376953,87.7699966430664,87.91000366210938,13610900
2018-01-05 00:00:00+00:00,87.97000122070312,88.01000213623047,87.87999725341797,87.97000122070312,9851600
2018-01-08 00:00:00+00:00,87.95999908447266,88.02999877929688,87.86000061035156,87.9000015258789,9804000
2018-01-09 00:00:00+00:00,87.98999786376953,87.98999786376953,87.61000061035156,87.62999725341797,13550400
2018-01-10 00:00:00+00:00,87.5,87.55999755859375,87.2699966430664,87.44000244140625,33182000
2018-01-11 00:00:00+00:00,87.5199966430664,87.73999786376953,87.45999908447266,87.7300033569336,12911500
2018-01-12 00:00:00+00:00,87.58999633789062,87.70999908447266,87.55000305175781,87.58000183105469,12088500
2018-01-16 00:00:00+00:00,87.63999938964844,87.7300033569336,87.44999694824219,87.52999877929688,18474100
2018-01-17 00:00:00+00:00,87.55999755859375,87.69000244140625,87.5199966430664,87.54000091552734,16340400
2018-01-18 00:00:00+00:00,87.5,87.55999755859375,87.4000015258789,87.44999694824219,16134900
2018-01-19 00:00:00+00:00,87.44000244140625,87.55000305175781,87.38999938964844,87.54000091552734,14401800
2018-01-22 00:00:00+00:00,87.48999786376953,87.6500015258789,87.48999786376953,87.62000274658203,16674700
2018-01-23 00:00:00+00:00,87.68000030517578,87.9000015258789,87.62999725341797,87.87999725341797,11600300
2018-01-24 00:00:00+00:00,87.80000305175781,87.87999725341797,87.6500015258789,87.75,10746300
2018-01-25 00:00:00+00:00,87.9000015258789,87.9000015258789,87.61000061035156,87.69000244140625,11039300
2018-01-26 00:00:00+00:00,87.72000122070312,87.83999633789062,87.62999725341797,87.76000213623047,7164100
2018-01-29 00:00:00+00:00,87.62999725341797,87.68000030517578,87.43000030517578,87.44999694824219,19590800
2018-01-30 00:00:00+00:00,87.44999694824219,87.45999908447266,87.13999938964844,87.1500015258789,18469300
2018-01-31 00:00:00+00:00,87.30000305175781,87.41999816894531,87.20999908447266,87.30000305175781,12692800
2018-02-01 00:00:00+00:00,86.86000061035156,86.98999786376953,86.72000122070312,86.7699966430664,17920000
2018-02-02 00:00:00+00:00,86.55000305175781,86.62000274658203,86.1500015258789,86.22000122070312,24787000
2018-02-05 00:00:00+00:00,86.12999725341797,86.51000213623047,85.58000183105469,85.73999786376953,28071300
2018-02-06 00:00:00+00:00,85.51000213623047,86.36000061035156,85.51000213623047,86.26000213623047,33924300
2018-02-07 00:00:00+00:00,86.37999725341797,86.62000274658203,85.86000061035156,85.94000244140625,24298100
2018-02-08 00:00:00+00:00,85.91000366210938,86.0,85.18000030517578,85.19000244140625,25419300
2018-02-09 00:00:00+00:00,85.27999877929688,85.41999816894531,84.06999969482422,84.94999694824219,47230300
2018-02-12 00:00:00+00:00,85.19999694824219,85.66000366210938,85.16000366210938,85.52999877929688,23448100
2018-02-13 00:00:00+00:00,85.31999969482422,85.41999816894531,85.11000061035156,85.26000213623047,14679900
2018-02-14 00:00:00+00:00,84.98999786376953,85.44000244140625,84.9000015258789,85.41000366210938,19332400
2018-02-15 00:00:00+00:00,85.61000061035156,86.0999984741211,85.61000061035156,86.0999984741211,21931600
2018-02-16 00:00:00+00:00,86.08999633789062,86.51000213623047,86.06999969482422,86.44999694824219,29195600
2018-02-20 00:00:00+00:00,86.19999694824219,86.37999725341797,86.11000061035156,86.1500015258789,22740600
2018-02-21 00:00:00+00:00,86.23999786376953,86.37999725341797,85.73999786376953,85.76000213623047,15656700
2018-02-22 00:00:00+00:00,85.80000305175781,86.13999938964844,85.73999786376953,85.81999969482422,14626900
2018-02-23 00:00:00+00:00,85.88999938964844,86.41999816894531,85.83000183105469,86.38999938964844,15919500
2018-02-26 00:00:00+00:00,86.44999694824219,86.68000030517578,86.38999938964844,86.54000091552734,10996300
2018-02-27 00:00:00+00:00,86.4800033569336,86.5,86.19999694824219,86.30999755859375,13840900
2018-02-28 00:00:00+00:00,86.41000366210938,86.4800033569336,86.12000274658203,86.18000030517578,8751000
2018-03-01 00:00:00+00:00,85.91000366210938,85.93000030517578,85.2699966430664,85.2699966430664,24974200
2018-03-02 00:00:00+00:00,85.31999969482422,85.79000091552734,85.29000091552734,85.75,18767600
2018-03-05 00:00:00+00:00,85.56999969482422,85.80999755859375,85.56999969482422,85.75,9000200
2018-03-06 00:00:00+00:00,85.83000183105469,85.94999694824219,85.69000244140625,85.87000274658203,14462900
2018-03-07 00:00:00+00:00,85.7699966430664,85.80999755859375,85.5999984741211,85.66000366210938,8195200
2018-03-08 00:00:00+00:00,85.76000213623047,85.80000305175781,85.61000061035156,85.76000213623047,10201800
2018-03-09 00:00:00+00:00,85.86000061035156,86.12999725341797,85.77999877929688,86.06999969482422,8942600
2018-03-12 00:00:00+00:00,86.0,86.06999969482422,85.79000091552734,85.93000030517578,10126500
2018-03-13 00:00:00+00:00,85.93000030517578,86.04000091552734,85.61000061035156,85.66000366210938,19020400
2018-03-14 00:00:00+00:00,85.7300033569336,85.77999877929688,85.5199966430664,85.55999755859375,10802500
2018-03-15 00:00:00+00:00,85.55000305175781,85.75,85.5,85.62000274658203,8647900
2018-03-16 00:00:00+00:00,85.63999938964844,85.80999755859375,85.58999633789062,85.80000305175781,11006000
2018-03-19 00:00:00+00:00,85.66000366210938,85.69000244140625,85.3499984741211,85.44999694824219,14298800
2018-03-20 00:00:00+00:00,85.43000030517578,85.6500015258789,85.43000030517578,85.62000274658203,14317800
2018-03-21 00:00:00+00:00,85.58000183105469,85.80999755859375,85.5199966430664,85.6500015258789,8643700
2018-03-22 00:00:00+00:00,85.44999694824219,85.56999969482422,85.12000274658203,85.13999938964844,15972300
2018-03-23 00:00:00+00:00,85.29000091552734,85.38999938964844,84.81999969482422,84.91999816894531,21847400
2018-03-26 00:00:00+00:00,85.3499984741211,85.48999786376953,85.12999725341797,85.47000122070312,12454200
2018-03-27 00:00:00+00:00,85.4800033569336,85.62999725341797,85.20999908447266,85.38999938964844,12661500
2018-03-28 00:00:00+00:00,85.36000061035156,85.44000244140625,85.19999694824219,85.3499984741211,14642900
2018-03-29 00:00:00+00:00,85.48999786376953,85.69999694824219,85.38999938964844,85.63999938964844,10299600
2018-04-02 00:00:00+00:00,85.12000274658203,85.2699966430664,84.88999938964844,84.95999908447266,18902700
2018-04-03 00:00:00+00:00,85.11000061035156,85.20999908447266,84.88999938964844,85.19999694824219,12994100
2018-04-04 00:00:00+00:00,84.9000015258789,85.44000244140625,84.9000015258789,85.38999938964844,9677200
2018-04-05 00:00:00+00:00,85.43000030517578,85.58000183105469,85.41000366210938,85.45999908447266,10152000
2018-04-06 00:00:00+00:00,85.41000366210938,85.5,85.16999816894531,85.2699966430664,12680800
2018-04-09 00:00:00+00:00,85.44999694824219,85.61000061035156,85.41000366210938,85.58999633789062,9043200
2018-04-10 00:00:00+00:00,85.69999694824219,85.94000244140625,85.68000030517578,85.9000015258789,11434100
2018-04-11 00:00:00+00:00,85.87000274658203,86.0,85.80999755859375,85.93000030517578,7675500
2018-04-12 00:00:00+00:00,86.02999877929688,86.26000213623047,85.97000122070312,86.23999786376953,23692600
2018-04-13 00:00:00+00:00,86.30000305175781,86.41000366210938,86.23999786376953,86.29000091552734,16213400
2018-04-16 00:00:00+00:00,86.38999938964844,86.51000213623047,86.27999877929688,86.41999816894531,10781600
2018-04-17 00:00:00+00:00,86.55000305175781,86.66000366210938,86.43000030517578,86.45999908447266,15577600
2018-04-18 00:00:00+00:00,86.5199966430664,86.55000305175781,86.33999633789062,86.37000274658203,13745600
2018-04-19 00:00:00+00:00,86.20999908447266,86.23999786376953,85.98999786376953,86.0999984741211,19345500
2018-04-20 00:00:00+00:00,86.05000305175781,86.08999633789062,85.87000274658203,85.88999938964844,17693500
2018-04-23 00:00:00+00:00,85.83000183105469,85.83999633789062,85.58000183105469,85.66000366210938,15971100
2018-04-24 00:00:00+00:00,85.69000244140625,85.7699966430664,85.37999725341797,85.48999786376953,17872600
2018-04-25 00:00:00+00:00,85.41000366210938,85.54000091552734,85.23999786376953,85.5,15078400
2018-04-26 00:00:00+00:00,85.56999969482422,85.86000061035156,85.5199966430664,85.80000305175781,17479700
2018-04-27 00:00:00+00:00,85.87000274658203,85.91999816894531,85.61000061035156,85.76000213623047,7014700
2018-04-30 00:00:00+00:00,85.69999694824219,85.8499984741211,85.69000244140625,85.69999694824219,12473000
2018-05-01 00:00:00+00:00,85.27999877929688,85.4000015258789,85.18000030517578,85.4000015258789,18707700
2018-05-02 00:00:00+00:00,85.4000015258789,85.55000305175781,85.31999969482422,85.37000274658203,12057000
2018-05-03 00:00:00+00:00,85.4000015258789,85.4000015258789,85.22000122070312,85.36000061035156,21626200
2018-05-04 00:00:00+00:00,85.20999908447266,85.44999694824219,85.16000366210938,85.41999816894531,14862100
2018-05-07 00:00:00+00:00,85.43000030517578,85.52999877929688,85.4000015258789,85.5,23063900
2018-05-08 00:00:00+00:00,85.44999694824219,85.47000122070312,85.30999755859375,85.37000274658203,13693500
2018-05-09 00:00:00+00:00,85.3499984741211,85.54000091552734,85.33999633789062,85.51000213623047,10476200
2018-05-10 00:00:00+00:00,85.56999969482422,85.79000091552734,85.55000305175781,85.76000213623047,13375800
2018-05-11 00:00:00+00:00,85.76000213623047,85.83999633789062,85.62999725341797,85.7300033569336,8505100
2018-05-14 00:00:00+00:00,85.72000122070312,85.81999969482422,85.56999969482422,85.75,14695800
2018-05-15 00:00:00+00:00,85.55999755859375,85.5999984741211,85.2699966430664,85.33000183105469,20008800
2018-05-16 00:00:00+00:00,85.37000274658203,85.47000122070312,85.29000091552734,85.44000244140625,13028100
2018-05-17 00:00:00+00:00,85.33999633789062,85.55999755859375,85.33999633789062,85.48999786376953,13198300
2018-05-18 00:00:00+00:00,85.3499984741211,85.45999908447266,85.33000183105469,85.4000015258789,14241600
2018-05-21 00:00:00+00:00,85.38999938964844,85.56999969482422,85.38999938964844,85.5199966430664,7000400
2018-05-22 00:00:00+00:00,85.55999755859375,85.62999725341797,85.51000213623047,85.58000183105469,6220700
2018-05-23 00:00:00+00:00,85.4800033569336,85.6500015258789,85.38999938964844,85.6500015258789,13053100
2018-05-24 00:00:00+00:00,85.5199966430664,85.72000122070312,85.5199966430664,85.69999694824219,12468600
2018-05-25 00:00:00+00:00,85.58000183105469,85.63999938964844,85.45999908447266,85.55999755859375,12895700
2018-05-29 00:00:00+00:00,85.37000274658203,85.4000015258789,85.16000366210938,85.19999694824219,13519800
2018-05-30 00:00:00+00:00,85.29000091552734,85.48999786376953,85.29000091552734,85.45999908447266,15145000
2018-05-31 00:00:00+00:00,85.48999786376953,85.5,85.36000061035156,85.37999725341797,17391000
2018-06-01 00:00:00+00:00,85.1500015258789,85.2300033569336,85.0999984741211,85.19000244140625,12891000
2018-06-04 00:00:00+00:00,85.2699966430664,85.41999816894531,85.2300033569336,85.37000274658203,13830900
2018-06-05 00:00:00+00:00,85.37000274658203,85.5199966430664,85.30000305175781,85.47000122070312,10614100
2018-06-06 00:00:00+00:00,85.41000366210938,85.70999908447266,85.37999725341797,85.68000030517578,6920900
2018-06-07 00:00:00+00:00,85.62999725341797,85.7699966430664,85.55000305175781,85.70999908447266,13764400
2018-06-08 00:00:00+00:00,85.5999984741211,85.7300033569336,85.56999969482422,85.66000366210938,9784000
2018-06-11 00:00:00+00:00,85.69999694824219,85.8499984741211,85.69000244140625,85.81999969482422,10429300
2018-06-12 00:00:00+00:00,85.83000183105469,85.97000122070312,85.7699966430664,85.88999938964844,12432400
2018-06-13 00:00:00+00:00,85.91000366210938,86.05000305175781,85.83000183105469,85.91999816894531,9958900
2018-06-14 00:00:00+00:00,86.08000183105469,86.19000244140625,86.02999877929688,86.16999816894531,13954300
2018-06-15 00:00:00+00:00,86.11000061035156,86.16000366210938,85.98999786376953,86.12000274658203,16303700
2018-06-18 00:00:00+00:00,86.05000305175781,86.12999725341797,85.9800033569336,86.11000061035156,11512000
2018-06-19 00:00:00+00:00,85.94000244140625,86.02999877929688,85.87000274658203,85.98999786376953,12543200
2018-06-20 00:00:00+00:00,86.08000183105469,86.12999725341797,86.02999877929688,86.08000183105469,10422800
2018-06-21 00:00:00+00:00,86.06999969482422,86.06999969482422,85.87000274658203,85.9000015258789,8132500
2018-06-22 00:00:00+00:00,86.04000091552734,86.08999633789062,85.87999725341797,85.91000366210938,7385200
2018-06-25 00:00:00+00:00,85.7699966430664,85.80999755859375,85.62999725341797,85.70999908447266,13975400
2018-06-26 00:00:00+00:00,85.70999908447266,85.7300033569336,85.5999984741211,85.69999694824219,7503900
2018-06-27 00:00:00+00:00,85.6500015258789,85.70999908447266,85.47000122070312,85.5199966430664,13119200
2018-06-28 00:00:00+00:00,85.3499984741211,85.41000366210938,85.16000366210938,85.27999877929688,13829300
2018-06-29 00:00:00+00:00,85.38999938964844,85.5199966430664,85.05999755859375,85.08000183105469,17450500
2018-07-02 00:00:00+00:00,84.63999938964844,84.80000305175781,84.5999984741211,84.77999877929688,22438600
2018-07-03 00:00:00+00:00,84.83999633789062,84.95999908447266,84.73999786376953,84.79000091552734,10098600
2018-07-05 00:00:00+00:00,84.9000015258789,85.12999725341797,84.88999938964844,85.11000061035156,12729400
2018-07-06 00:00:00+00:00,85.12999725341797,85.33000183105469,85.12000274658203,85.33000183105469,9640300
2018-07-09 00:00:00+00:00,85.37000274658203,85.54000091552734,85.36000061035156,85.45999908447266,11517200
2018-07-10 00:00:00+00:00,85.5,85.58000183105469,85.45999908447266,85.47000122070312,7531700
2018-07-11 00:00:00+00:00,85.38999938964844,85.44999694824219,85.30000305175781,85.33999633789062,14111200
2018-07-12 00:00:00+00:00,85.4800033569336,85.6500015258789,85.44000244140625,85.61000061035156,10327300
2018-07-13 00:00:00+00:00,85.68000030517578,85.72000122070312,85.61000061035156,85.61000061035156,9860300
2018-07-16 00:00:00+00:00,85.62000274658203,85.62999725341797,85.51000213623047,85.55000305175781,7963100
2018-07-17 00:00:00+00:00,85.48999786376953,85.6500015258789,85.44999694824219,85.58000183105469,10721000
2018-07-18 00:00:00+00:00,85.61000061035156,85.68000030517578,85.52999877929688,85.62000274658203,12838600
2018-07-19 00:00:00+00:00,85.56999969482422,85.63999938964844,85.48999786376953,85.58000183105469,6907300
2018-07-20 00:00:00+00:00,85.62000274658203,85.69000244140625,85.58000183105469,85.62000274658203,9329000
2018-07-23 00:00:00+00:00,85.66999816894531,85.69000244140625,85.58999633789062,85.58999633789062,7459200
2018-07-24 00:00:00+00:00,85.5999984741211,85.83000183105469,85.5999984741211,85.7699966430664,11803700
2018-07-25 00:00:00+00:00,85.79000091552734,85.94999694824219,85.72000122070312,85.93000030517578,11342300
2018-07-26 00:00:00+00:00,85.94000244140625,86.01000213623047,85.9000015258789,85.94000244140625,9233600
2018-07-27 00:00:00+00:00,85.94999694824219,85.9800033569336,85.80999755859375,85.91000366210938,10811200
2018-07-30 00:00:00+00:00,85.94000244140625,86.01000213623047,85.8499984741211,85.94000244140625,8400500
2018-07-31 00:00:00+00:00,86.0999984741211,86.1500015258789,86.05000305175781,86.12000274658203,10709500
2018-08-01 00:00:00+00:00,85.76000213623047,85.87999725341797,85.66999816894531,85.83000183105469,23297900
2018-08-02 00:00:00+00:00,85.76000213623047,85.88999938964844,85.72000122070312,85.87999725341797,10989200
2018-08-03 00:00:00+00:00,85.86000061035156,85.98999786376953,85.8499984741211,85.94999694824219,6940500
2018-08-06 00:00:00+00:00,85.87000274658203,86.11000061035156,85.87000274658203,86.11000061035156,7521900
2018-08-07 00:00:00+00:00,85.87000274658203,86.2300033569336,85.87000274658203,86.1500015258789,8408200
2018-08-08 00:00:00+00:00,86.12999725341797,86.16999816894531,86.08000183105469,86.0999984741211,10103600
2018-08-09 00:00:00+00:00,86.11000061035156,86.13999938964844,86.0,86.04000091552734,6354700
2018-08-10 00:00:00+00:00,85.9000015258789,86.01000213623047,85.81999969482422,85.88999938964844,9473300
2018-08-13 00:00:00+00:00,85.95999908447266,85.95999908447266,85.7699966430664,85.83000183105469,10479000
2018-08-14 00:00:00+00:00,85.87999725341797,86.01000213623047,85.86000061035156,85.9800033569336,9767700
2018-08-15 00:00:00+00:00,85.87000274658203,85.9000015258789,85.7300033569336,85.83000183105469,14684800
2018-08-16 00:00:00+00:00,85.91000366210938,85.98999786376953,85.86000061035156,85.94000244140625,14931800
2018-08-17 00:00:00+00:00,85.9000015258789,86.06999969482422,85.9000015258789,86.04000091552734,15280900
2018-08-20 00:00:00+00:00,86.08999633789062,86.1500015258789,86.02999877929688,86.08000183105469,8174900
2018-08-21 00:00:00+00:00,86.11000061035156,86.29000091552734,86.08999633789062,86.20999908447266,9281400
2018-08-22 00:00:00+00:00,86.19999694824219,86.27999877929688,86.19999694824219,86.23999786376953,8297400
2018-08-23 00:00:00+00:00,86.23999786376953,86.31999969482422,86.19000244140625,86.2300033569336,7751800
2018-08-24 00:00:00+00:00,86.27999877929688,86.41000366210938,86.25,86.37999725341797,7458500
2018-08-27 00:00:00+00:00,86.4000015258789,86.45999908447266,86.37000274658203,86.41000366210938,5581700
2018-08-28 00:00:00+00:00,86.37000274658203,86.41000366210938,86.31999969482422,86.37000274658203,8175300
2018-08-29 00:00:00+00:00,86.33999633789062,86.38999938964844,86.27999877929688,86.31999969482422,7403700
2018-08-30 00:00:00+00:00,86.33000183105469,86.3499984741211,86.22000122070312,86.25,8481700
2018-08-31 00:00:00+00:00,86.29000091552734,86.41999816894531,86.27999877929688,86.36000061035156,9569300
2018-09-04 00:00:00+00:00,85.88999938964844,85.93000030517578,85.72000122070312,85.80999755859375,16029000
2018-09-05 00:00:00+00:00,85.80000305175781,85.83000183105469,85.69000244140625,85.72000122070312,13369200
2018-09-06 00:00:00+00:00,85.80000305175781,85.83000183105469,85.72000122070312,85.79000091552734,13137500
2018-09-07 00:00:00+00:00,85.62999725341797,85.7699966430664,85.62999725341797,85.69999694824219,12374700
2018-09-10 00:00:00+00:00,85.80000305175781,85.88999938964844,85.7699966430664,85.87000274658203,6997900
2018-09-11 00:00:00+00:00,85.76000213623047,85.9800033569336,85.76000213623047,85.88999938964844,17897800
2018-09-12 00:00:00+00:00,85.91999816894531,86.1500015258789,85.91999816894531,86.08999633789062,14041900
2018-09-13 00:00:00+00:00,86.16999816894531,86.30999755859375,86.16999816894531,86.25,10375800
2018-09-14 00:00:00+00:00,86.23999786376953,86.38999938964844,86.2300033569336,86.33000183105469,12945000
2018-09-17 00:00:00+00:00,86.30999755859375,86.33000183105469,86.2300033569336,86.2699966430664,13279900
2018-09-18 00:00:00+00:00,86.29000091552734,86.36000061035156,86.23999786376953,86.26000213623047,19882300
2018-09-19 00:00:00+00:00,86.23999786376953,86.29000091552734,86.08000183105469,86.0999984741211,14471100
2018-09-20 00:00:00+00:00,86.12000274658203,86.22000122070312,85.93000030517578,86.22000122070312,15360100
2018-09-21 00:00:00+00:00,86.22000122070312,86.27999877929688,86.19999694824219,86.23999786376953,10966700
2018-09-24 00:00:00+00:00,86.19999694824219,86.25,86.08000183105469,86.19999694824219,10229400
2018-09-25 00:00:00+00:00,86.12999725341797,86.18000030517578,86.08999633789062,86.12999725341797,13240400
2018-09-26 00:00:00+00:00,86.19000244140625,86.33999633789062,86.16999816894531,86.22000122070312,19504800
2018-09-27 00:00:00+00:00,86.30999755859375,86.4000015258789,86.2699966430664,86.37999725341797,7996600
2018-09-28 00:00:00+00:00,86.3499984741211,86.47000122070312,86.27999877929688,86.44000244140625,17085200
2018-10-01 00:00:00+00:00,86.16000366210938,86.30000305175781,86.13999938964844,86.30000305175781,22566000
2018-10-02 00:00:00+00:00,86.26000213623047,86.30000305175781,86.18000030517578,86.2300033569336,13577600
2018-10-03 00:00:00+00:00,86.27999877929688,86.30999755859375,85.91000366210938,86.0,17930600
2018-10-04 00:00:00+00:00,85.81999969482422,85.9000015258789,85.58000183105469,85.68000030517578,24935100
2018-10-05 00:00:00+00:00,85.6500015258789,85.66999816894531,85.30000305175781,85.30000305175781,25063300
2018-10-08 00:00:00+00:00,85.3499984741211,85.36000061035156,85.08000183105469,85.11000061035156,12869500
2018-10-09 00:00:00+00:00,85.13999938964844,85.30999755859375,85.12000274658203,85.23999786376953,19488500
2018-10-10 00:00:00+00:00,85.11000061035156,85.11000061035156,84.61000061035156,84.62999725341797,25204700
2018-10-11 00:00:00+00:00,84.83000183105469,85.0,84.56999969482422,84.69999694824219,37665300
2018-10-12 00:00:00+00:00,85.11000061035156,85.20999908447266,84.94000244140625,85.1500015258789,31877600
2018-10-15 00:00:00+00:00,85.08000183105469,85.19000244140625,85.04000091552734,85.08999633789062,16658500
2018-10-16 00:00:00+00:00,85.25,85.4000015258789,85.23999786376953,85.37999725341797,18955700
2018-10-17 00:00:00+00:00,85.26000213623047,85.36000061035156,85.13999938964844,85.20999908447266,18739400
2018-10-18 00:00:00+00:00,85.1500015258789,85.19000244140625,84.8499984741211,84.8499984741211,28653800
2018-10-19 00:00:00+00:00,85.05000305175781,85.06999969482422,84.8499984741211,84.9000015258789,20606400
2018-10-22 00:00:00+00:00,85.0999984741211,85.1500015258789,84.87000274658203,84.94000244140625,15049900
2018-10-23 00:00:00+00:00,84.6500015258789,84.9000015258789,84.55000305175781,84.86000061035156,20873200
2018-10-24 00:00:00+00:00,84.87999725341797,84.91999816894531,84.41000366210938,84.44000244140625,23827800
2018-10-25 00:00:00+00:00,84.61000061035156,84.66999816894531,84.43000030517578,84.61000061035156,29513700
2018-10-26 00:00:00+00:00,84.30999755859375,84.52999877929688,84.16999816894531,84.2300033569336,27424100
2018-10-29 00:00:00+00:00,84.4000015258789,84.44000244140625,84.04000091552734,84.1500015258789,23379400
2018-10-30 00:00:00+00:00,84.16999816894531,84.3499984741211,83.98999786376953,84.3499984741211,24105300
2018-10-31 00:00:00+00:00,84.44999694824219,84.58999633789062,84.3499984741211,84.3499984741211,23047900
2018-11-01 00:00:00+00:00,84.08999633789062,84.41000366210938,84.0,84.31999969482422,33115700
2018-11-02 00:00:00+00:00,84.41999816894531,84.52999877929688,84.13999938964844,84.2699966430664,19675800
2018-11-05 00:00:00+00:00,84.2699966430664,84.44000244140625,84.2300033569336,84.33999633789062,12299600
2018-11-06 00:00:00+00:00,84.41000366210938,84.55999755859375,84.37999725341797,84.55999755859375,14675500
2018-11-07 00:00:00+00:00,84.63999938964844,85.06999969482422,84.63999938964844,85.05000305175781,26155500
2018-11-08 00:00:00+00:00,84.8499984741211,85.08000183105469,84.81999969482422,84.83999633789062,20677500
2018-11-09 00:00:00+00:00,84.66999816894531,84.68000030517578,84.27999877929688,84.36000061035156,20869300
2018-11-12 00:00:00+00:00,84.33000183105469,84.41000366210938,83.80999755859375,83.83999633789062,22319600
2018-11-13 00:00:00+00:00,83.86000061035156,84.0199966430664,83.62999725341797,83.69999694824219,22907600
2018-11-14 00:00:00+00:00,83.80999755859375,83.98999786376953,83.33999633789062,83.54000091552734,44747700
2018-11-15 00:00:00+00:00,83.19000244140625,83.5199966430664,82.98999786376953,83.5199966430664,32332600
2018-11-16 00:00:00+00:00,83.16000366210938,83.30000305175781,83.0,83.2699966430664,64912800
2018-11-19 00:00:00+00:00,83.05000305175781,83.23999786376953,82.9000015258789,83.01000213623047,36567300
2018-11-20 00:00:00+00:00,82.77999877929688,82.97000122070312,82.69999694824219,82.75,21901900
2018-11-21 00:00:00+00:00,83.16999816894531,83.33999633789062,83.06999969482422,83.16999816894531,16560400
2018-11-23 00:00:00+00:00,82.83000183105469,82.9000015258789,82.70999908447266,82.70999908447266,9708100
2018-11-26 00:00:00+00:00,83.02999877929688,83.13999938964844,82.91000366210938,83.0999984741211,19807100
2018-11-27 00:00:00+00:00,82.94000244140625,83.06999969482422,82.87000274658203,83.05999755859375,14370700
2018-11-28 00:00:00+00:00,83.11000061035156,83.7699966430664,83.05999755859375,83.75,23513100
2018-11-29 00:00:00+00:00,83.58999633789062,83.88999938964844,83.54000091552734,83.7699966430664,17927900
2018-11-30 00:00:00+00:00,83.55999755859375,83.73999786376953,83.55000305175781,83.5999984741211,15081000
2018-12-03 00:00:00+00:00,83.6500015258789,83.83000183105469,83.5,83.80000305175781,27052900
2018-12-04 00:00:00+00:00,83.62999725341797,83.70999908447266,83.19999694824219,83.27999877929688,32066500
2018-12-06 00:00:00+00:00,82.8499984741211,83.08999633789062,82.72000122070312,82.98999786376953,27661900
2018-12-07 00:00:00+00:00,83.26000213623047,83.38999938964844,82.83000183105469,82.83000183105469,28901200
2018-12-10 00:00:00+00:00,82.81999969482422,82.95999908447266,82.55999755859375,82.88999938964844,23434700
2018-12-11 00:00:00+00:00,83.18000030517578,83.26000213623047,82.97000122070312,83.04000091552734,19243900
2018-12-12 00:00:00+00:00,83.31999969482422,83.58999633789062,83.29000091552734,83.30999755859375,17571500
2018-12-13 00:00:00+00:00,83.5,83.5999984741211,83.43000030517578,83.51000213623047,15859200
2018-12-14 00:00:00+00:00,83.37000274658203,83.4800033569336,83.0999984741211,83.16000366210938,16397600
2018-12-17 00:00:00+00:00,83.08999633789062,83.16000366210938,82.55000305175781,82.62000274658203,24124900
2018-12-18 00:00:00+00:00,82.36000061035156,82.43000030517578,81.9000015258789,82.08000183105469,25284300
2018-12-19 00:00:00+00:00,82.12000274658203,82.26000213623047,81.23999786376953,81.33999633789062,32062700
2018-12-20 00:00:00+00:00,81.06999969482422,81.19000244140625,80.01000213623047,80.62999725341797,68796100
2018-12-21 00:00:00+00:00,80.58999633789062,80.93000030517578,80.0999984741211,80.2300033569336,56295000
2018-12-24 00:00:00+00:00,80.2300033569336,80.3499984741211,79.62999725341797,79.62999725341797,18853600
2018-12-26 00:00:00+00:00,79.7300033569336,80.97000122070312,79.55000305175781,80.97000122070312,25010300
2018-12-27 00:00:00+00:00,80.48999786376953,80.97000122070312,80.37999725341797,80.91999816894531,31806100
2018-12-28 00:00:00+00:00,80.98999786376953,81.31999969482422,80.8499984741211,81.04000091552734,30106400
2018-12-31 00:00:00+00:00,81.19000244140625,81.33000183105469,81.08999633789062,81.0999984741211,14153600
2019-01-02 00:00:00+00:00,80.72000122070312,81.11000061035156,80.6500015258789,80.98999786376953,26977400
2019-01-03 00:00:00+00:00,80.91000366210938,81.16000366210938,80.77999877929688,81.02999877929688,32776600
2019-01-04 00:00:00+00:00,81.66999816894531,82.5,81.56999969482422,82.38999938964844,38754000
2019-01-07 00:00:00+00:00,82.58000183105469,83.19000244140625,82.56999969482422,83.19000244140625,38127600
2019-01-08 00:00:00+00:00,83.38999938964844,83.73999786376953,83.26000213623047,83.7300033569336,30795000
2019-01-09 00:00:00+00:00,83.8499984741211,84.01000213623047,83.79000091552734,83.83000183105469,40909400
2019-01-10 00:00:00+00:00,83.66000366210938,84.20999908447266,83.55000305175781,84.16000366210938,50520000
2019-01-11 00:00:00+00:00,83.81999969482422,83.9800033569336,83.77999877929688,83.88999938964844,19793300
2019-01-14 00:00:00+00:00,83.66999816894531,83.7699966430664,83.55000305175781,83.62000274658203,20137700
2019-01-15 00:00:00+00:00,83.62000274658203,83.94000244140625,83.55000305175781,83.9000015258789,24799000
2019-01-16 00:00:00+00:00,84.01000213623047,84.13999938964844,83.95999908447266,84.02999877929688,26508100
2019-01-17 00:00:00+00:00,83.94000244140625,84.29000091552734,83.88999938964844,84.26000213623047,24574400
2019-01-18 00:00:00+00:00,84.41999816894531,84.66999816894531,84.38999938964844,84.5,36236400
2019-01-22 00:00:00+00:00,84.33000183105469,84.33999633789062,83.83000183105469,83.94000244140625,25504200
2019-01-23 00:00:00+00:00,84.05999755859375,84.2300033569336,83.87000274658203,84.11000061035156,18529400
2019-01-24 00:00:00+00:00,84.08000183105469,84.22000122070312,83.94000244140625,84.19999694824219,17875500
2019-01-25 00:00:00+00:00,84.36000061035156,84.48999786376953,84.33999633789062,84.41000366210938,16775200
2019-01-28 00:00:00+00:00,84.19000244140625,84.33000183105469,84.06999969482422,84.27999877929688,14694100
2019-01-29 00:00:00+00:00,84.3499984741211,84.3499984741211,84.02999877929688,84.2300033569336,18717000
2019-01-30 00:00:00+00:00,84.33999633789062,85.02999877929688,84.33000183105469,84.9000015258789,25993500
2019-01-31 00:00:00+00:00,84.87999725341797,85.23999786376953,84.87999725341797,85.11000061035156,27070400
2019-02-01 00:00:00+00:00,84.66000366210938,84.76000213623047,84.54000091552734,84.68000030517578,24749900
2019-02-04 00:00:00+00:00,84.69000244140625,84.93000030517578,84.61000061035156,84.87999725341797,15968400
2019-02-05 00:00:00+00:00,84.94000244140625,85.2699966430664,84.93000030517578,85.18000030517578,33188300
2019-02-06 00:00:00+00:00,85.11000061035156,85.20999908447266,85.0199966430664,85.0999984741211,25936800
2019-02-07 00:00:00+00:00,84.83000183105469,84.9000015258789,84.66000366210938,84.80999755859375,27119400
2019-02-08 00:00:00+00:00,84.70999908447266,84.80999755859375,84.58000183105469,84.79000091552734,16728100
2019-02-11 00:00:00+00:00,84.7699966430664,84.87000274658203,84.69999694824219,84.83000183105469,10051800
2019-02-12 00:00:00+00:00,85.08000183105469,85.2699966430664,85.06999969482422,85.23999786376953,20174000
2019-02-13 00:00:00+00:00,85.29000091552734,85.30999755859375,85.05000305175781,85.12000274658203,25088400
2019-02-14 00:00:00+00:00,84.9800033569336,85.22000122070312,84.86000061035156,85.12999725341797,19406700
2019-02-15 00:00:00+00:00,85.27999877929688,85.45999908447266,85.27999877929688,85.4000015258789,24052000
2019-02-19 00:00:00+00:00,85.30000305175781,85.4800033569336,85.26000213623047,85.43000030517578,11317700
2019-02-20 00:00:00+00:00,85.45999908447266,85.55000305175781,85.33000183105469,85.5,9925700
2019-02-21 00:00:00+00:00,85.44999694824219,85.52999877929688,85.3499984741211,85.41999816894531,15479800
2019-02-22 00:00:00+00:00,85.5199966430664,85.66999816894531,85.48999786376953,85.58999633789062,12330300
2019-02-25 00:00:00+00:00,85.70999908447266,85.83000183105469,85.62000274658203,85.66000366210938,13698200
2019-02-26 00:00:00+00:00,85.72000122070312,85.87000274658203,85.66999816894531,85.7699966430664,16049300
2019-02-27 00:00:00+00:00,85.80000305175781,85.86000061035156,85.7300033569336,85.80000305175781,14818900
2019-02-28 00:00:00+00:00,85.77999877929688,85.83000183105469,85.69999694824219,85.75,21340600
2019-03-01 00:00:00+00:00,85.55000305175781,85.66000366210938,85.5,85.61000061035156,26455300
2019-03-04 00:00:00+00:00,85.70999908447266,85.75,85.33999633789062,85.4800033569336,16034400
2019-03-05 00:00:00+00:00,85.4800033569336,85.48999786376953,85.36000061035156,85.44000244140625,14510100
2019-03-06 00:00:00+00:00,85.4000015258789,85.41999816894531,85.26000213623047,85.30000305175781,16806400
2019-03-07 00:00:00+00:00,85.33000183105469,85.33999633789062,85.08000183105469,85.23999786376953,28101100
2019-03-08 00:00:00+00:00,84.9800033569336,85.12000274658203,84.80999755859375,85.0999984741211,21043400
2019-03-11 00:00:00+00:00,85.06999969482422,85.38999938964844,85.05000305175781,85.37999725341797,17922400
2019-03-12 00:00:00+00:00,85.30999755859375,85.58000183105469,85.29000091552734,85.52999877929688,20180500
2019-03-13 00:00:00+00:00,85.58000183105469,85.7699966430664,85.55999755859375,85.76000213623047,24524800
2019-03-14 00:00:00+00:00,85.72000122070312,85.83000183105469,85.68000030517578,85.69999694824219,12342500
2019-03-15 00:00:00+00:00,85.76000213623047,85.87999725341797,85.75,85.77999877929688,21775300
2019-03-18 00:00:00+00:00,85.79000091552734,85.83000183105469,85.66999816894531,85.75,10498900
2019-03-19 00:00:00+00:00,85.80999755859375,85.95999908447266,85.75,85.80000305175781,14067200
2019-03-20 00:00:00+00:00,85.80999755859375,86.30000305175781,85.6500015258789,86.16999816894531,31184400
2019-03-21 00:00:00+00:00,86.05999755859375,86.26000213623047,86.04000091552734,86.1500015258789,16400700
2019-03-22 00:00:00+00:00,86.0199966430664,86.05000305175781,85.75,85.83999633789062,27030400
2019-03-25 00:00:00+00:00,85.77999877929688,85.91000366210938,85.6500015258789,85.80999755859375,23592100
2019-03-26 00:00:00+00:00,85.94999694824219,86.1500015258789,85.88999938964844,86.0199966430664,18762700
2019-03-27 00:00:00+00:00,86.06999969482422,86.23999786376953,85.87999725341797,86.08000183105469,16706700
2019-03-28 00:00:00+00:00,86.08999633789062,86.25,86.04000091552734,86.25,19706700
2019-03-29 00:00:00+00:00,86.31999969482422,86.52999877929688,86.30000305175781,86.47000122070312,22358900
2019-04-01 00:00:00+00:00,86.20999908447266,86.27999877929688,86.05000305175781,86.06999969482422,21353900
2019-04-02 00:00:00+00:00,86.08999633789062,86.13999938964844,85.94000244140625,86.11000061035156,15129300
2019-04-03 00:00:00+00:00,86.19999694824219,86.30999755859375,86.0999984741211,86.13999938964844,13746500
2019-04-04 00:00:00+00:00,86.1500015258789,86.27999877929688,86.12999725341797,86.2699966430664,14435700
2019-04-05 00:00:00+00:00,86.36000061035156,86.5,86.33999633789062,86.43000030517578,14227000
2019-04-08 00:00:00+00:00,86.38999938964844,86.41000366210938,86.30999755859375,86.37999725341797,11472100
2019-04-09 00:00:00+00:00,86.33000183105469,86.41999816894531,86.2699966430664,86.31999969482422,19118700
2019-04-10 00:00:00+00:00,86.43000030517578,86.69999694824219,86.43000030517578,86.69999694824219,16767000
2019-04-11 00:00:00+00:00,86.69000244140625,86.86000061035156,86.6500015258789,86.83000183105469,20976100
2019-04-12 00:00:00+00:00,86.93000030517578,87.01000213623047,86.79000091552734,86.95999908447266,17442800
2019-04-15 00:00:00+00:00,86.94999694824219,86.94999694824219,86.83000183105469,86.9000015258789,13940000
2019-04-16 00:00:00+00:00,86.95999908447266,86.97000122070312,86.81999969482422,86.8499984741211,11543800
2019-04-17 00:00:00+00:00,86.94000244140625,86.94000244140625,86.62999725341797,86.63999938964844,11818600
2019-04-18 00:00:00+00:00,86.79000091552734,86.79000091552734,86.58000183105469,86.68000030517578,15295500
2019-04-22 00:00:00+00:00,86.62000274658203,86.66000366210938,86.5199966430664,86.52999877929688,24591400
2019-04-23 00:00:00+00:00,86.63999938964844,86.87999725341797,86.58999633789062,86.83000183105469,15094100
2019-04-24 00:00:00+00:00,86.8499984741211,86.8499984741211,86.69999694824219,86.70999908447266,11938800
2019-04-25 00:00:00+00:00,86.69999694824219,86.80999755859375,86.56999969482422,86.75,14369000
2019-04-26 00:00:00+00:00,86.8499984741211,86.9800033569336,86.8499984741211,86.97000122070312,11937200
2019-04-29 00:00:00+00:00,86.94999694824219,87.0,86.93000030517578,86.93000030517578,7601200
2019-04-30 00:00:00+00:00,86.97000122070312,87.04000091552734,86.91999816894531,86.94000244140625,11168100
2019-05-01 00:00:00+00:00,86.58999633789062,86.87000274658203,86.27999877929688,86.29000091552734,24574300
2019-05-02 00:00:00+00:00,86.36000061035156,86.4800033569336,86.18000030517578,86.3499984741211,24936600
2019-05-03 00:00:00+00:00,86.5199966430664,86.5999984741211,86.47000122070312,86.56999969482422,18522700
2019-05-06 00:00:00+00:00,86.18000030517578,86.62000274658203,86.0,86.61000061035156,18893700
2019-05-07 00:00:00+00:00,86.4000015258789,86.44999694824219,85.94999694824219,86.08999633789062,30266300
2019-05-08 00:00:00+00:00,86.0999984741211,86.30000305175781,86.02999877929688,86.12000274658203,27527500
2019-05-09 00:00:00+00:00,85.98999786376953,86.05999755859375,85.68000030517578,85.98999786376953,30890400
2019-05-10 00:00:00+00:00,85.95999908447266,86.30999755859375,85.75,86.2300033569336,33782400
2019-05-13 00:00:00+00:00,85.68000030517578,85.7699966430664,85.41999816894531,85.44000244140625,34801600
2019-05-14 00:00:00+00:00,85.61000061035156,85.83000183105469,85.52999877929688,85.62999725341797,18128500
2019-05-15 00:00:00+00:00,85.48999786376953,85.76000213623047,85.44000244140625,85.70999908447266,19543700
2019-05-16 00:00:00+00:00,85.83000183105469,86.11000061035156,85.80000305175781,85.97000122070312,29384100
2019-05-17 00:00:00+00:00,85.79000091552734,86.0999984741211,85.79000091552734,85.94000244140625,27089400
2019-05-20 00:00:00+00:00,85.91999816894531,86.08000183105469,85.77999877929688,85.86000061035156,15780000
2019-05-21 00:00:00+00:00,85.98999786376953,86.1500015258789,85.98999786376953,86.12999725341797,15004300
2019-05-22 00:00:00+00:00,86.08000183105469,86.19999694824219,85.97000122070312,86.19999694824219,14976200
2019-05-23 00:00:00+00:00,85.95999908447266,85.98999786376953,85.66999816894531,85.7699966430664,18333400
2019-05-24 00:00:00+00:00,85.87000274658203,85.97000122070312,85.63999938964844,85.6500015258789,17611600
2019-05-28 00:00:00+00:00,85.75,85.81999969482422,85.48999786376953,85.56999969482422,20544600
2019-05-29 00:00:00+00:00,85.45999908447266,85.5199966430664,85.25,85.33999633789062,25441900
2019-05-30 00:00:00+00:00,85.48999786376953,85.6500015258789,85.44000244140625,85.5199966430664,20311900
2019-05-31 00:00:00+00:00,85.23999786376953,85.33999633789062,84.87999725341797,84.9000015258789,34947400
2019-06-03 00:00:00+00:00,84.6500015258789,84.77999877929688,84.47000122070312,84.6500015258789,58940600
2019-06-04 00:00:00+00:00,84.91000366210938,85.51000213623047,84.91000366210938,85.5,34113300
2019-06-05 00:00:00+00:00,85.58000183105469,85.72000122070312,85.43000030517578,85.69999694824219,28368700
2019-06-06 00:00:00+00:00,85.68000030517578,85.95999908447266,85.56999969482422,85.87999725341797,23538600
2019-06-07 00:00:00+00:00,86.0,86.20999908447266,85.16000366210938,86.0999984741211,29934000
2019-06-10 00:00:00+00:00,86.26000213623047,86.33999633789062,86.18000030517578,86.2300033569336,17482200
2019-06-11 00:00:00+00:00,86.51000213623047,86.66000366210938,86.22000122070312,86.3499984741211,34293700
2019-06-12 00:00:00+00:00,86.33000183105469,86.3499984741211,86.12999725341797,86.1500015258789,18195500
2019-06-13 00:00:00+00:00,86.30000305175781,86.41000366210938,86.25,86.3499984741211,19438500
2019-06-14 00:00:00+00:00,86.31999969482422,86.36000061035156,86.22000122070312,86.29000091552734,8842000
2019-06-17 00:00:00+00:00,86.23999786376953,86.29000091552734,86.12000274658203,86.16000366210938,10554000
2019-06-18 00:00:00+00:00,86.56999969482422,86.7699966430664,86.54000091552734,86.76000213623047,22540400
2019-06-19 00:00:00+00:00,86.69999694824219,87.19000244140625,86.55000305175781,87.16999816894531,28212600
2019-06-20 00:00:00+00:00,87.43000030517578,87.6500015258789,87.29000091552734,87.61000061035156,48362000
2019-06-21 00:00:00+00:00,87.37999725341797,87.44999694824219,87.33000183105469,87.33000183105469,22467800
2019-06-24 00:00:00+00:00,87.33000183105469,87.37000274658203,87.27999877929688,87.31999969482422,13764100
2019-06-25 00:00:00+00:00,87.30999755859375,87.30999755859375,86.88999938964844,86.94999694824219,26173600
2019-06-26 00:00:00+00:00,87.12000274658203,87.16000366210938,86.87999725341797,86.91000366210938,19554600
2019-06-27 00:00:00+00:00,87.05999755859375,87.19999694824219,87.0199966430664,87.1500015258789,12995100
2019-06-28 00:00:00+00:00,87.19999694824219,87.25,87.1500015258789,87.18000030517578,14690800
2019-07-01 00:00:00+00:00,87.12999725341797,87.26000213623047,86.80000305175781,86.81999969482422,26036100
2019-07-02 00:00:00+00:00,86.87999725341797,87.05999755859375,86.83999633789062,87.01000213623047,20683200
2019-07-03 00:00:00+00:00,87.05000305175781,87.38999938964844,87.02999877929688,87.33999633789062,16237900
2019-07-05 00:00:00+00:00,87.08000183105469,87.08999633789062,86.8499984741211,86.98999786376953,17591400
2019-07-08 00:00:00+00:00,86.94999694824219,86.94999694824219,86.80999755859375,86.81999969482422,16679400
2019-07-09 00:00:00+00:00,86.76000213623047,86.80000305175781,86.69999694824219,86.72000122070312,19189100
2019-07-10 00:00:00+00:00,86.93000030517578,87.08000183105469,86.88999938964844,86.95999908447266,24497000
2019-07-11 00:00:00+00:00,87.01000213623047,87.01000213623047,86.66999816894531,86.79000091552734,19191200
2019-07-12 00:00:00+00:00,86.79000091552734,86.94000244140625,86.72000122070312,86.93000030517578,21291200
2019-07-15 00:00:00+00:00,86.91000366210938,87.06999969482422,86.86000061035156,86.98999786376953,10735200
2019-07-16 00:00:00+00:00,86.9800033569336,86.9800033569336,86.7300033569336,86.80999755859375,20147200
2019-07-17 00:00:00+00:00,86.87999725341797,86.87999725341797,86.69000244140625,86.69999694824219,9361300
2019-07-18 00:00:00+00:00,86.70999908447266,86.76000213623047,86.51000213623047,86.73999786376953,17236600
2019-07-19 00:00:00+00:00,86.73999786376953,86.77999877929688,86.55999755859375,86.58999633789062,14771000
2019-07-22 00:00:00+00:00,86.69000244140625,86.87999725341797,86.6500015258789,86.87999725341797,12852800
2019-07-23 00:00:00+00:00,86.94999694824219,87.05999755859375,86.8499984741211,87.02999877929688,14051800
2019-07-24 00:00:00+00:00,87.01000213623047,87.11000061035156,86.98999786376953,87.0999984741211,12713700
2019-07-25 00:00:00+00:00,87.1500015258789,87.1500015258789,86.91000366210938,86.9800033569336,14272500
2019-07-26 00:00:00+00:00,87.12000274658203,87.19000244140625,87.08000183105469,87.16999816894531,8512700
2019-07-29 00:00:00+00:00,87.1500015258789,87.16000366210938,86.95999908447266,87.04000091552734,14731800
2019-07-30 00:00:00+00:00,86.9000015258789,87.08999633789062,86.83999633789062,87.08000183105469,13794100
2019-07-31 00:00:00+00:00,87.1500015258789,87.26000213623047,86.58000183105469,86.93000030517578,23449700
2019-08-01 00:00:00+00:00,86.55000305175781,86.98999786376953,86.48999786376953,86.5199966430664,28839000
2019-08-02 00:00:00+00:00,86.48999786376953,86.48999786376953,86.18000030517578,86.38999938964844,23559600
2019-08-05 00:00:00+00:00,85.87000274658203,85.87000274658203,85.3499984741211,85.48999786376953,47727900
2019-08-06 00:00:00+00:00,85.87000274658203,86.12000274658203,85.66999816894531,86.04000091552734,28695000
2019-08-07 00:00:00+00:00,85.69000244140625,86.12999725341797,85.44999694824219,86.02999877929688,38028500
2019-08-08 00:00:00+00:00,86.05000305175781,86.41999816894531,86.05000305175781,86.37000274658203,27074700
2019-08-09 00:00:00+00:00,86.22000122070312,86.3499984741211,86.08000183105469,86.25,19090800
2019-08-12 00:00:00+00:00,86.01000213623047,86.13999938964844,85.87999725341797,85.94999694824219,17466700
2019-08-13 00:00:00+00:00,85.94000244140625,86.41000366210938,85.87999725341797,86.33000183105469,30078600
2019-08-14 00:00:00+00:00,85.94000244140625,85.97000122070312,85.5,85.55999755859375,29745300
2019-08-15 00:00:00+00:00,85.70999908447266,85.9000015258789,85.6500015258789,85.80999755859375,27296500
2019-08-16 00:00:00+00:00,85.94000244140625,86.12999725341797,85.94000244140625,86.0999984741211,15780200
2019-08-19 00:00:00+00:00,86.26000213623047,86.36000061035156,86.22000122070312,86.3499984741211,13603000
2019-08-20 00:00:00+00:00,86.38999938964844,86.47000122070312,86.25,86.41999816894531,16126800
2019-08-21 00:00:00+00:00,86.63999938964844,86.8499984741211,86.58000183105469,86.79000091552734,18334300
2019-08-22 00:00:00+00:00,86.94000244140625,87.02999877929688,86.75,86.94999694824219,20677200
2019-08-23 00:00:00+00:00,86.79000091552734,87.13999938964844,86.4800033569336,86.55000305175781,30340300
2019-08-26 00:00:00+00:00,86.81999969482422,86.9800033569336,86.73999786376953,86.9800033569336,14187800
2019-08-27 00:00:00+00:00,87.1500015258789,87.18000030517578,86.79000091552734,86.94000244140625,14722700
2019-08-28 00:00:00+00:00,86.91999816894531,87.19000244140625,86.88999938964844,87.1500015258789,13576000
2019-08-29 00:00:00+00:00,87.33999633789062,87.41000366210938,87.19000244140625,87.23999786376953,16271400
2019-08-30 00:00:00+00:00,87.37999725341797,87.38999938964844,86.97000122070312,87.16000366210938,14413600
2019-09-03 00:00:00+00:00,86.72000122070312,86.72000122070312,86.38999938964844,86.54000091552734,20561500
2019-09-04 00:00:00+00:00,86.69000244140625,86.75,86.58999633789062,86.72000122070312,13526700
2019-09-05 00:00:00+00:00,86.80000305175781,87.12999725341797,86.77999877929688,87.05999755859375,23399100
2019-09-06 00:00:00+00:00,87.18000030517578,87.30000305175781,87.04000091552734,87.13999938964844,25162700
2019-09-09 00:00:00+00:00,87.19000244140625,87.26000213623047,87.0199966430664,87.2300033569336,17484200
2019-09-10 00:00:00+00:00,87.23999786376953,87.30999755859375,87.0999984741211,87.27999877929688,14055800
2019-09-11 00:00:00+00:00,87.2300033569336,87.30000305175781,87.16999816894531,87.2699966430664,13999200
2019-09-12 00:00:00+00:00,87.33999633789062,87.43000030517578,87.25,87.31999969482422,23246400
2019-09-13 00:00:00+00:00,87.16999816894531,87.30999755859375,87.11000061035156,87.16000366210938,34407300
2019-09-16 00:00:00+00:00,87.30000305175781,87.4800033569336,87.18000030517578,87.47000122070312,23020800
2019-09-17 00:00:00+00:00,87.5,87.52999877929688,87.33999633789062,87.5199966430664,14626400
2019-09-18 00:00:00+00:00,87.45999908447266,87.54000091552734,87.19000244140625,87.47000122070312,15913800
2019-09-19 00:00:00+00:00,87.41999816894531,87.54000091552734,87.33000183105469,87.37000274658203,13327000
2019-09-20 00:00:00+00:00,87.4000015258789,87.51000213623047,87.33999633789062,87.4800033569336,23298400
2019-09-23 00:00:00+00:00,87.41000366210938,87.51000213623047,87.38999938964844,87.44000244140625,15456800
2019-09-24 00:00:00+00:00,87.5199966430664,87.52999877929688,87.20999908447266,87.31999969482422,21934200
2019-09-25 00:00:00+00:00,87.25,87.29000091552734,87.02999877929688,87.2300033569336,15142100
2019-09-26 00:00:00+00:00,87.2300033569336,87.26000213623047,87.04000091552734,87.16999816894531,13873100
2019-09-27 00:00:00+00:00,87.16000366210938,87.2300033569336,87.0,87.06999969482422,13419200
2019-09-30 00:00:00+00:00,87.05999755859375,87.16999816894531,87.0199966430664,87.16999816894531,21827700
2019-10-01 00:00:00+00:00,86.83999633789062,86.86000061035156,86.55000305175781,86.62000274658203,27665700
2019-10-02 00:00:00+00:00,86.56999969482422,86.58000183105469,86.04000091552734,86.11000061035156,33789500
2019-10-03 00:00:00+00:00,86.12000274658203,86.23999786376953,85.75,86.16000366210938,30387800
2019-10-04 00:00:00+00:00,86.2699966430664,86.44000244140625,86.19999694824219,86.43000030517578,17588600
2019-10-07 00:00:00+00:00,86.37000274658203,86.48999786376953,86.25,86.36000061035156,14542500
2019-10-08 00:00:00+00:00,86.2699966430664,86.31999969482422,86.04000091552734,86.04000091552734,15471500
2019-10-09 00:00:00+00:00,86.2699966430664,86.37999725341797,86.25,86.30000305175781,11351300
2019-10-10 00:00:00+00:00,86.31999969482422,86.4800033569336,86.30000305175781,86.41000366210938,11092800
2019-10-11 00:00:00+00:00,86.63999938964844,86.83000183105469,86.56999969482422,86.7699966430664,18661400
2019-10-14 00:00:00+00:00,86.7699966430664,86.87000274658203,86.69000244140625,86.83000183105469,9842600
2019-10-15 00:00:00+00:00,86.83999633789062,87.06999969482422,86.80000305175781,87.0199966430664,26321500
2019-10-16 00:00:00+00:00,86.98999786376953,87.01000213623047,86.94000244140625,86.94999694824219,11813000
2019-10-17 00:00:00+00:00,87.01000213623047,87.0999984741211,87.0,87.06999969482422,14814300
2019-10-18 00:00:00+00:00,87.06999969482422,87.12999725341797,86.95999908447266,87.08999633789062,21363700
2019-10-21 00:00:00+00:00,87.16000366210938,87.16999816894531,87.11000061035156,87.12000274658203,10090400
2019-10-22 00:00:00+00:00,87.18000030517578,87.18000030517578,87.08000183105469,87.13999938964844,15464300
2019-10-23 00:00:00+00:00,87.1500015258789,87.2300033569336,87.08999633789062,87.22000122070312,9097500
2019-10-24 00:00:00+00:00,87.26000213623047,87.31999969482422,87.16999816894531,87.31999969482422,14832800
2019-10-25 00:00:00+00:00,87.30000305175781,87.41999816894531,87.30000305175781,87.38999938964844,11593600
2019-10-28 00:00:00+00:00,87.4000015258789,87.44000244140625,87.36000061035156,87.37999725341797,10646500
2019-10-29 00:00:00+00:00,87.37000274658203,87.4000015258789,87.19999694824219,87.22000122070312,10655700
2019-10-30 00:00:00+00:00,87.2699966430664,87.27999877929688,87.0,87.11000061035156,24566400
2019-10-31 00:00:00+00:00,87.08999633789062,87.0999984741211,86.79000091552734,86.80999755859375,24576400
2019-11-01 00:00:00+00:00,86.58999633789062,86.91000366210938,86.58000183105469,86.81999969482422,23894100
2019-11-04 00:00:00+00:00,86.9800033569336,87.05000305175781,86.94000244140625,87.0,14135800
2019-11-05 00:00:00+00:00,87.06999969482422,87.08000183105469,86.81999969482422,86.91000366210938,21946800
2019-11-06 00:00:00+00:00,86.91000366210938,86.91000366210938,86.77999877929688,86.80999755859375,8976900
2019-11-07 00:00:00+00:00,86.94000244140625,86.9800033569336,86.75,86.7699966430664,15077600
2019-11-08 00:00:00+00:00,86.76000213623047,86.87999725341797,86.63999938964844,86.8499984741211,11692800
2019-11-11 00:00:00+00:00,86.7699966430664,86.83999633789062,86.68000030517578,86.80000305175781,4933600
2019-11-12 00:00:00+00:00,86.75,86.88999938964844,86.7300033569336,86.81999969482422,14690200
2019-11-13 00:00:00+00:00,86.7300033569336,86.7699966430664,86.68000030517578,86.7300033569336,15333600
2019-11-14 00:00:00+00:00,86.73999786376953,86.80000305175781,86.6500015258789,86.68000030517578,14965100
2019-11-15 00:00:00+00:00,86.7699966430664,86.94999694824219,86.76000213623047,86.94000244140625,12996200
2019-11-18 00:00:00+00:00,86.87000274658203,86.9000015258789,86.79000091552734,86.83000183105469,13135800
2019-11-19 00:00:00+00:00,86.73999786376953,86.75,86.5199966430664,86.5199966430664,20175500
2019-11-20 00:00:00+00:00,86.47000122070312,86.58000183105469,86.33000183105469,86.33999633789062,22566100
2019-11-21 00:00:00+00:00,86.43000030517578,86.44999694824219,86.2699966430664,86.36000061035156,17853800
2019-11-22 00:00:00+00:00,86.48999786376953,86.69000244140625,86.4000015258789,86.69000244140625,20394800
2019-11-25 00:00:00+00:00,86.70999908447266,86.94000244140625,86.70999908447266,86.91999816894531,16885300
2019-11-26 00:00:00+00:00,86.94999694824219,87.0199966430664,86.9000015258789,87.0199966430664,11469400
2019-11-27 00:00:00+00:00,86.98999786376953,87.1500015258789,86.94999694824219,87.12999725341797,11814700
2019-11-29 00:00:00+00:00,87.11000061035156,87.11000061035156,86.93000030517578,86.94000244140625,11519500
2019-12-02 00:00:00+00:00,86.62999725341797,86.62999725341797,86.3499984741211,86.54000091552734,20966400
2019-12-03 00:00:00+00:00,86.33999633789062,86.47000122070312,86.23999786376953,86.41999816894531,29757200
2019-12-04 00:00:00+00:00,86.45999908447266,86.70999908447266,86.45999908447266,86.68000030517578,12406800
2019-12-05 00:00:00+00:00,86.73999786376953,86.80999755859375,86.58000183105469,86.80999755859375,18158900
2019-12-06 00:00:00+00:00,86.94999694824219,87.01000213623047,86.8499984741211,86.93000030517578,16094700
2019-12-09 00:00:00+00:00,86.9000015258789,87.0,86.9000015258789,86.93000030517578,18034300
2019-12-10 00:00:00+00:00,86.93000030517578,87.1500015258789,86.9000015258789,87.13999938964844,15117100
2019-12-11 00:00:00+00:00,87.16000366210938,87.33999633789062,87.08999633789062,87.31999969482422,14127500
2019-12-12 00:00:00+00:00,87.36000061035156,87.61000061035156,87.33000183105469,87.5199966430664,18958100
2019-12-13 00:00:00+00:00,87.55000305175781,87.6500015258789,87.5,87.61000061035156,18088100
2019-12-16 00:00:00+00:00,87.73999786376953,87.83000183105469,87.69999694824219,87.77999877929688,17517400
2019-12-17 00:00:00+00:00,87.79000091552734,88.05000305175781,87.79000091552734,88.05000305175781,18650700
2019-12-18 00:00:00+00:00,88.08999633789062,88.25,88.05999755859375,88.20999908447266,31575700
2019-12-19 00:00:00+00:00,87.91000366210938,87.93000030517578,87.72000122070312,87.8499984741211,29429300
2019-12-20 00:00:00+00:00,87.94999694824219,87.98999786376953,87.69999694824219,87.72000122070312,31918800
2019-12-23 00:00:00+00:00,87.75,87.80000305175781,87.7300033569336,87.76000213623047,9720200
2019-12-24 00:00:00+00:00,87.77999877929688,87.83000183105469,87.7300033569336,87.83000183105469,4854900
2019-12-26 00:00:00+00:00,87.94000244140625,87.98999786376953,87.88999938964844,87.95999908447266,11382700
2019-12-27 00:00:00+00:00,88.0199966430664,88.0199966430664,87.88999938964844,87.91999816894531,11627100
2019-12-30 00:00:00+00:00,88.0,88.0199966430664,87.7699966430664,87.86000061035156,12524300
2019-12-31 00:00:00+00:00,87.86000061035156,87.94999694824219,87.80999755859375,87.94000244140625,8310800
2020-01-02 00:00:00+00:00,88.0999984741211,88.31999969482422,88.05000305175781,88.30999755859375,15756600
2020-01-03 00:00:00+00:00,88.12000274658203,88.27999877929688,88.04000091552734,88.22000122070312,17342200
2020-01-06 00:00:00+00:00,88.11000061035156,88.18000030517578,88.05000305175781,88.12999725341797,17936900
2020-01-07 00:00:00+00:00,88.13999938964844,88.16000366210938,88.04000091552734,88.05000305175781,9640300
2020-01-08 00:00:00+00:00,88.06999969482422,88.2300033569336,88.0199966430664,88.12999725341797,16088100
2020-01-09 00:00:00+00:00,88.23999786376953,88.37000274658203,88.16999816894531,88.36000061035156,16649500
2020-01-10 00:00:00+00:00,88.37000274658203,88.41000366210938,88.30000305175781,88.38999938964844,16182900
2020-01-13 00:00:00+00:00,88.4000015258789,88.44999694824219,88.3499984741211,88.38999938964844,17762400
2020-01-14 00:00:00+00:00,88.37000274658203,88.48999786376953,88.27999877929688,88.37999725341797,29157100
2020-01-15 00:00:00+00:00,88.4000015258789,88.52999877929688,88.38999938964844,88.4000015258789,24637900
2020-01-16 00:00:00+00:00,88.47000122070312,88.52999877929688,88.37999725341797,88.43000030517578,22349200
2020-01-17 00:00:00+00:00,88.4800033569336,88.51000213623047,88.36000061035156,88.36000061035156,29626700
2020-01-21 00:00:00+00:00,88.33999633789062,88.43000030517578,88.16999816894531,88.16999816894531,19724900
2020-01-22 00:00:00+00:00,88.30999755859375,88.37000274658203,88.2300033569336,88.33000183105469,17731800
2020-01-23 00:00:00+00:00,88.18000030517578,88.19999694824219,88.0199966430664,88.05999755859375,28566200
2020-01-24 00:00:00+00:00,88.06999969482422,88.06999969482422,87.6500015258789,87.69000244140625,40838300
2020-01-27 00:00:00+00:00,87.23999786376953,87.37999725341797,86.95999908447266,87.0999984741211,41372700
2020-01-28 00:00:00+00:00,87.5,87.95999908447266,87.38999938964844,87.8499984741211,32628300
2020-01-29 00:00:00+00:00,87.97000122070312,88.2300033569336,87.77999877929688,87.80000305175781,17308200
2020-01-30 00:00:00+00:00,87.51000213623047,87.91000366210938,87.5,87.88999938964844,20103300
2020-01-31 00:00:00+00:00,87.80000305175781,87.80000305175781,87.38999938964844,87.52999877929688,35659700
2020-02-03 00:00:00+00:00,87.33000183105469,87.47000122070312,87.12999725341797,87.1500015258789,25754700
2020-02-04 00:00:00+00:00,87.5,87.69000244140625,87.4800033569336,87.66999816894531,25063800
2020-02-05 00:00:00+00:00,87.87999725341797,88.05999755859375,87.83999633789062,88.02999877929688,36687700
2020-02-06 00:00:00+00:00,88.0,88.1500015258789,87.87000274658203,88.0999984741211,18329900
2020-02-07 00:00:00+00:00,87.98999786376953,88.05000305175781,87.87999725341797,87.97000122070312,12865100
2020-02-10 00:00:00+00:00,87.94999694824219,88.0999984741211,87.87999725341797,88.08999633789062,14220000
2020-02-11 00:00:00+00:00,88.2699966430664,88.27999877929688,88.1500015258789,88.1500015258789,16821500
2020-02-12 00:00:00+00:00,88.31999969482422,88.45999908447266,88.26000213623047,88.37999725341797,26688200
2020-02-13 00:00:00+00:00,88.30999755859375,88.45999908447266,88.29000091552734,88.41000366210938,13297900
2020-02-14 00:00:00+00:00,88.44000244140625,88.48999786376953,88.3499984741211,88.4000015258789,11398800
2020-02-18 00:00:00+00:00,88.3499984741211,88.4000015258789,88.1500015258789,88.22000122070312,26635300
2020-02-19 00:00:00+00:00,88.30999755859375,88.37000274658203,88.25,88.26000213623047,18547500
2020-02-20 00:00:00+00:00,88.31999969482422,88.44000244140625,88.05999755859375,88.41000366210938,31277000
2020-02-21 00:00:00+00:00,88.33999633789062,88.37999725341797,88.16000366210938,88.33000183105469,23027000
2020-02-24 00:00:00+00:00,87.5,87.5999984741211,87.19999694824219,87.37999725341797,57828300
2020-02-25 00:00:00+00:00,87.76000213623047,87.80999755859375,86.69000244140625,86.7699966430664,68418000
2020-02-26 00:00:00+00:00,86.93000030517578,87.25,86.5999984741211,86.86000061035156,69233800
2020-02-27 00:00:00+00:00,86.12999725341797,86.69000244140625,85.5199966430664,85.69000244140625,72596300
2020-02-28 00:00:00+00:00,84.69000244140625,86.1500015258789,84.69000244140625,86.04000091552734,97472600
2020-03-02 00:00:00+00:00,85.63999938964844,86.4000015258789,85.2300033569336,86.30999755859375,72357700
2020-03-03 00:00:00+00:00,86.37999725341797,87.19000244140625,85.73999786376953,85.94000244140625,58721000
2020-03-04 00:00:00+00:00,86.66000366210938,87.16000366210938,86.58999633789062,87.12000274658203,52664700
2020-03-05 00:00:00+00:00,86.36000061035156,86.51000213623047,85.8499984741211,86.0199966430664,62455700
2020-03-06 00:00:00+00:00,84.52999877929688,85.27999877929688,84.08999633789062,85.05000305175781,69860600
2020-03-09 00:00:00+00:00,79.63999938964844,83.48999786376953,79.63999938964844,81.38999938964844,73609600
2020-03-10 00:00:00+00:00,82.62000274658203,82.87000274658203,81.12999725341797,82.63999938964844,57598000
2020-03-11 00:00:00+00:00,81.25,81.69000244140625,80.19999694824219,80.83999633789062,60006600
2020-03-12 00:00:00+00:00,76.37999725341797,80.25,76.2300033569336,77.61000061035156,82926400
2020-03-13 00:00:00+00:00,80.12999725341797,80.27999877929688,78.13999938964844,80.05000305175781,69164600
2020-03-16 00:00:00+00:00,75.72000122070312,77.6500015258789,74.30000305175781,75.6500015258789,43080100
2020-03-17 00:00:00+00:00,75.55000305175781,77.69999694824219,74.62999725341797,76.36000061035156,68569400
2020-03-18 00:00:00+00:00,73.8499984741211,74.75,71.91000366210938,72.98999786376953,54289800
2020-03-19 00:00:00+00:00,71.86000061035156,72.66999816894531,70.7699966430664,71.3499984741211,45706300
2020-03-20 00:00:00+00:00,71.41000366210938,72.13999938964844,69.41000366210938,69.75,55796500
2020-03-23 00:00:00+00:00,70.05000305175781,70.12000274658203,67.5199966430664,68.62999725341797,48862100
2020-03-24 00:00:00+00:00,70.08999633789062,71.94999694824219,69.9000015258789,71.45999908447266,51304000
2020-03-25 00:00:00+00:00,72.25,75.56999969482422,72.08000183105469,73.47000122070312,45692600
2020-03-26 00:00:00+00:00,74.01000213623047,76.83000183105469,73.69999694824219,76.83000183105469,41965200
2020-03-27 00:00:00+00:00,75.44000244140625,78.37000274658203,75.36000061035156,77.02999877929688,66536800
2020-03-30 00:00:00+00:00,77.0999984741211,78.04000091552734,76.63999938964844,77.69000244140625,35016900
2020-03-31 00:00:00+00:00,77.37000274658203,77.70999908447266,76.9800033569336,77.06999969482422,31103400
2020-04-01 00:00:00+00:00,75.18000030517578,75.2699966430664,74.37000274658203,74.58000183105469,36859100
2020-04-02 00:00:00+00:00,74.37000274658203,76.30000305175781,74.2300033569336,75.16000366210938,31824800
2020-04-03 00:00:00+00:00,75.0,75.19999694824219,73.31999969482422,73.55000305175781,39986200
2020-04-06 00:00:00+00:00,75.05999755859375,75.55999755859375,74.80999755859375,75.33999633789062,32347800
2020-04-07 00:00:00+00:00,76.43000030517578,76.72000122070312,75.23999786376953,75.33999633789062,35120800
2020-04-08 00:00:00+00:00,75.95999908447266,77.62999725341797,75.69000244140625,77.30000305175781,46291400
2020-04-09 00:00:00+00:00,81.97000122070312,84.05000305175781,81.48999786376953,82.36000061035156,88846900
2020-04-13 00:00:00+00:00,81.80999755859375,81.91999816894531,80.41999816894531,81.18000030517578,40390500
2020-04-14 00:00:00+00:00,81.91000366210938,82.08999633789062,80.97000122070312,81.5199966430664,37632800
2020-04-15 00:00:00+00:00,80.25,80.91000366210938,79.95999908447266,80.76000213623047,34367500
2020-04-16 00:00:00+00:00,80.55999755859375,80.75,79.93000030517578,80.68000030517578,25821900
2020-04-17 00:00:00+00:00,81.31999969482422,81.4000015258789,80.8499984741211,81.08999633789062,38251800
2020-04-20 00:00:00+00:00,80.29000091552734,80.79000091552734,79.72000122070312,79.87000274658203,24676200
2020-04-21 00:00:00+00:00,78.95999908447266,79.05999755859375,78.25,78.41000366210938,42335600
2020-04-22 00:00:00+00:00,79.26000213623047,79.37000274658203,78.83999633789062,79.0999984741211,15720900
2020-04-23 00:00:00+00:00,79.25,79.66000366210938,78.7300033569336,79.05999755859375,23896700
2020-04-24 00:00:00+00:00,79.12000274658203,79.2300033569336,78.16000366210938,78.31999969482422,37915200
2020-04-27 00:00:00+00:00,78.69999694824219,78.93000030517578,78.51000213623047,78.63999938964844,20550700
2020-04-28 00:00:00+00:00,79.06999969482422,79.12000274658203,78.44000244140625,78.87999725341797,23927600
2020-04-29 00:00:00+00:00,79.43000030517578,80.36000061035156,79.2699966430664,80.2699966430664,34838300
2020-04-30 00:00:00+00:00,79.8499984741211,80.55999755859375,79.52999877929688,80.43000030517578,34636000
2020-05-01 00:00:00+00:00,79.33999633789062,79.54000091552734,78.61000061035156,78.68000030517578,31859400
2020-05-04 00:00:00+00:00,78.52999877929688,78.87000274658203,78.19999694824219,78.56999969482422,20400900
2020-05-05 00:00:00+00:00,78.81999969482422,79.25,78.81999969482422,79.25,26484200
2020-05-06 00:00:00+00:00,79.33000183105469,79.43000030517578,78.7699966430664,78.80000305175781,18823300
2020-05-07 00:00:00+00:00,79.19999694824219,79.70999908447266,78.97000122070312,79.0,19581700
2020-05-08 00:00:00+00:00,79.33000183105469,79.76000213623047,79.2699966430664,79.75,21770400
2020-05-11 00:00:00+00:00,79.58000183105469,79.72000122070312,79.33999633789062,79.38999938964844,14285100
2020-05-12 00:00:00+00:00,79.91000366210938,80.0,79.29000091552734,79.29000091552734,25332700
2020-05-13 00:00:00+00:00,79.3499984741211,79.41999816894531,78.73999786376953,78.87000274658203,29962000
2020-05-14 00:00:00+00:00,78.45999908447266,78.9000015258789,77.9800033569336,78.5999984741211,30429100
2020-05-15 00:00:00+00:00,78.37000274658203,78.83999633789062,78.16999816894531,78.70999908447266,34133400
2020-05-18 00:00:00+00:00,79.95999908447266,80.16000366210938,79.66000366210938,80.0999984741211,31900200
2020-05-19 00:00:00+00:00,80.04000091552734,80.43000030517578,79.88999938964844,80.19999694824219,18536500
2020-05-20 00:00:00+00:00,80.62000274658203,81.25,80.55000305175781,81.05000305175781,36053700
2020-05-21 00:00:00+00:00,81.02999877929688,81.2300033569336,80.80000305175781,81.02999877929688,23307300
2020-05-22 00:00:00+00:00,80.94999694824219,81.33000183105469,80.80999755859375,81.2300033569336,11311900
2020-05-26 00:00:00+00:00,81.83000183105469,82.16000366210938,81.18000030517578,81.83999633789062,27673800
2020-05-27 00:00:00+00:00,82.41999816894531,82.44999694824219,81.66000366210938,82.01000213623047,24905000
2020-05-28 00:00:00+00:00,82.12999725341797,82.55000305175781,81.94000244140625,82.08999633789062,23282500
2020-05-29 00:00:00+00:00,82.05000305175781,82.62000274658203,81.87999725341797,82.41999816894531,32189000
2020-06-01 00:00:00+00:00,81.94000244140625,82.75,81.81999969482422,82.72000122070312,46987000
2020-06-02 00:00:00+00:00,82.8499984741211,83.58000183105469,82.62000274658203,83.54000091552734,35930900
2020-06-03 00:00:00+00:00,83.87999725341797,84.37999725341797,83.77999877929688,83.93000030517578,35991000
2020-06-04 00:00:00+00:00,83.83999633789062,83.9800033569336,83.5199966430664,83.66999816894531,36405800
2020-06-05 00:00:00+00:00,84.56999969482422,85.02999877929688,84.4000015258789,84.45999908447266,35306500
2020-06-08 00:00:00+00:00,84.66000366210938,84.68000030517578,84.3499984741211,84.55999755859375,20493100
2020-06-09 00:00:00+00:00,84.11000061035156,84.1500015258789,83.58000183105469,83.9000015258789,28412400
2020-06-10 00:00:00+00:00,83.79000091552734,84.22000122070312,83.26000213623047,83.77999877929688,36663100
2020-06-11 00:00:00+00:00,82.58000183105469,82.62000274658203,81.47000122070312,81.62999725341797,48794500
2020-06-12 00:00:00+00:00,82.73999786376953,82.87000274658203,81.8499984741211,82.44000244140625,36156800
2020-06-15 00:00:00+00:00,81.9000015258789,83.77999877929688,81.72000122070312,83.23999786376953,39432300
2020-06-16 00:00:00+00:00,84.25,84.33000183105469,83.30999755859375,83.58000183105469,40976300
2020-06-17 00:00:00+00:00,83.5199966430664,83.62000274658203,83.1500015258789,83.19000244140625,17066700
2020-06-18 00:00:00+00:00,82.95999908447266,83.20999908447266,82.83000183105469,83.16000366210938,22223600
2020-06-19 00:00:00+00:00,83.31999969482422,83.37000274658203,82.70999908447266,82.87999725341797,32037600
2020-06-22 00:00:00+00:00,82.87000274658203,83.02999877929688,82.69000244140625,82.81999969482422,21536000
2020-06-23 00:00:00+00:00,83.11000061035156,83.13999938964844,82.88999938964844,82.94000244140625,17438000
2020-06-24 00:00:00+00:00,82.68000030517578,82.77999877929688,81.54000091552734,82.08999633789062,43720600
2020-06-25 00:00:00+00:00,81.87000274658203,82.16999816894531,81.48999786376953,82.12000274658203,31159700
2020-06-26 00:00:00+00:00,82.01000213623047,82.01000213623047,81.2300033569336,81.33999633789062,33705800
2020-06-29 00:00:00+00:00,81.44000244140625,81.44999694824219,80.4800033569336,80.87999725341797,76540200
2020-06-30 00:00:00+00:00,81.1500015258789,81.80000305175781,81.08000183105469,81.62000274658203,40554300
2020-07-01 00:00:00+00:00,81.41000366210938,81.7699966430664,81.41000366210938,81.52999877929688,28799100
2020-07-02 00:00:00+00:00,82.23999786376953,82.51000213623047,81.97000122070312,82.12999725341797,30623300
2020-07-06 00:00:00+00:00,82.62000274658203,82.73999786376953,82.41000366210938,82.72000122070312,22888200
2020-07-07 00:00:00+00:00,82.62999725341797,82.83999633789062,82.12999725341797,82.16999816894531,22408000
2020-07-08 00:00:00+00:00,82.12999725341797,82.5,82.12000274658203,82.38999938964844,21155700
2020-07-09 00:00:00+00:00,82.38999938964844,82.45999908447266,81.83000183105469,82.20999908447266,21655600
2020-07-10 00:00:00+00:00,82.06999969482422,82.54000091552734,81.9800033569336,82.48999786376953,17903400
2020-07-13 00:00:00+00:00,82.80000305175781,82.91000366210938,82.02999877929688,82.04000091552734,20039400
2020-07-14 00:00:00+00:00,82.04000091552734,82.77999877929688,82.04000091552734,82.73999786376953,31929700
2020-07-15 00:00:00+00:00,83.23999786376953,83.30999755859375,82.91000366210938,83.20999908447266,21291300
2020-07-16 00:00:00+00:00,83.16000366210938,83.30000305175781,83.08000183105469,83.29000091552734,17570400
2020-07-17 00:00:00+00:00,83.4800033569336,83.55000305175781,83.20999908447266,83.5199966430664,22863700
2020-07-20 00:00:00+00:00,83.58999633789062,84.05999755859375,83.51000213623047,84.0199966430664,16701600
2020-07-21 00:00:00+00:00,84.30000305175781,84.58000183105469,84.2699966430664,84.41000366210938,22331600
2020-07-22 00:00:00+00:00,84.5,84.62000274658203,84.33999633789062,84.58000183105469,15251400
2020-07-23 00:00:00+00:00,84.56999969482422,84.62000274658203,83.97000122070312,84.5199966430664,28434900
2020-07-24 00:00:00+00:00,84.33999633789062,84.69999694824219,84.30000305175781,84.5999984741211,14977500
2020-07-27 00:00:00+00:00,84.7300033569336,84.81999969482422,84.51000213623047,84.80000305175781,12931500
2020-07-28 00:00:00+00:00,84.72000122070312,84.80000305175781,84.5,84.58000183105469,14862900
2020-07-29 00:00:00+00:00,84.83999633789062,85.11000061035156,84.69999694824219,85.05000305175781,18012800
2020-07-30 00:00:00+00:00,84.77999877929688,85.2699966430664,84.73999786376953,85.2300033569336,54812400
2020-07-31 00:00:00+00:00,85.19999694824219,85.4000015258789,84.9000015258789,85.38999938964844,28623100
2020-08-03 00:00:00+00:00,85.02999877929688,85.11000061035156,84.8499984741211,85.06999969482422,17480600
2020-08-04 00:00:00+00:00,84.97000122070312,85.06999969482422,84.80000305175781,85.04000091552734,17120700
2020-08-05 00:00:00+00:00,85.05999755859375,85.2300033569336,85.01000213623047,85.19000244140625,14566000
2020-08-06 00:00:00+00:00,85.19000244140625,85.4000015258789,85.0999984741211,85.37999725341797,13258600
2020-08-07 00:00:00+00:00,85.3499984741211,85.3499984741211,85.05000305175781,85.16999816894531,14289900
2020-08-10 00:00:00+00:00,85.26000213623047,85.30000305175781,85.01000213623047,85.20999908447266,13708700
2020-08-11 00:00:00+00:00,85.25,85.2699966430664,84.4000015258789,84.44000244140625,20535400
2020-08-12 00:00:00+00:00,84.80999755859375,85.0199966430664,84.45999908447266,84.45999908447266,18003400
2020-08-13 00:00:00+00:00,84.4800033569336,84.80999755859375,84.1500015258789,84.2300033569336,28444900
2020-08-14 00:00:00+00:00,84.20999908447266,84.30000305175781,83.91999816894531,84.08000183105469,14072300
2020-08-17 00:00:00+00:00,84.16000366210938,84.62000274658203,84.0999984741211,84.58000183105469,13756500
2020-08-18 00:00:00+00:00,84.62000274658203,84.7699966430664,84.41000366210938,84.70999908447266,24900300
2020-08-19 00:00:00+00:00,84.66999816894531,84.79000091552734,84.37000274658203,84.47000122070312,18738300
2020-08-20 00:00:00+00:00,84.33000183105469,84.75,84.31999969482422,84.75,19912800
2020-08-21 00:00:00+00:00,84.75,84.80999755859375,84.62999725341797,84.73999786376953,17570600
2020-08-24 00:00:00+00:00,84.9000015258789,85.16999816894531,84.88999938964844,85.12999725341797,16058100
2020-08-25 00:00:00+00:00,85.13999938964844,85.27999877929688,84.91000366210938,85.22000122070312,24018600
2020-08-26 00:00:00+00:00,85.2300033569336,85.37000274658203,85.16999816894531,85.20999908447266,16243100
2020-08-27 00:00:00+00:00,85.31999969482422,85.3499984741211,84.9000015258789,85.08000183105469,19861800
2020-08-28 00:00:00+00:00,85.12999725341797,85.2699966430664,85.08999633789062,85.1500015258789,14418500
2020-08-31 00:00:00+00:00,85.12999725341797,85.2300033569336,84.98999786376953,85.02999877929688,21473800
2020-09-01 00:00:00+00:00,84.70999908447266,85.2300033569336,84.63999938964844,85.1500015258789,22774200
2020-09-02 00:00:00+00:00,85.19999694824219,85.38999938964844,84.94999694824219,85.25,15878600
2020-09-03 00:00:00+00:00,85.0999984741211,85.12000274658203,84.37000274658203,84.72000122070312,34169800
2020-09-04 00:00:00+00:00,84.80000305175781,84.94000244140625,83.9800033569336,84.48999786376953,36087300
2020-09-08 00:00:00+00:00,84.13999938964844,84.41000366210938,83.91000366210938,84.0199966430664,34967600
2020-09-09 00:00:00+00:00,84.37999725341797,84.73999786376953,84.25,84.68000030517578,32976800
2020-09-10 00:00:00+00:00,84.80999755859375,84.83000183105469,84.25,84.27999877929688,32866300
2020-09-11 00:00:00+00:00,84.33999633789062,84.48999786376953,84.0999984741211,84.44999694824219,20807100
2020-09-14 00:00:00+00:00,84.62000274658203,84.69999694824219,84.2699966430664,84.36000061035156,28958000
2020-09-15 00:00:00+00:00,84.55000305175781,84.72000122070312,84.44000244140625,84.58999633789062,22176900
2020-09-16 00:00:00+00:00,84.6500015258789,84.98999786376953,84.51000213623047,84.58999633789062,26951200
2020-09-17 00:00:00+00:00,84.30999755859375,84.66000366210938,84.2300033569336,84.5,25752400
2020-09-18 00:00:00+00:00,84.66999816894531,84.69000244140625,84.25,84.29000091552734,29891800
2020-09-21 00:00:00+00:00,83.93000030517578,84.02999877929688,83.37999725341797,83.61000061035156,42968900
2020-09-22 00:00:00+00:00,83.70999908447266,83.94999694824219,83.5199966430664,83.9000015258789,41396800
2020-09-23 00:00:00+00:00,83.9800033569336,83.9800033569336,82.95999908447266,83.05000305175781,39577800
2020-09-24 00:00:00+00:00,82.87000274658203,83.33999633789062,82.55999755859375,83.0999984741211,38755800
2020-09-25 00:00:00+00:00,83.0,83.16000366210938,82.76000213623047,82.94999694824219,36032200
2020-09-28 00:00:00+00:00,83.37999725341797,83.62000274658203,83.19000244140625,83.48999786376953,20277000
2020-09-29 00:00:00+00:00,83.55999755859375,83.61000061035156,83.29000091552734,83.55999755859375,20243400
2020-09-30 00:00:00+00:00,83.55999755859375,84.02999877929688,83.55000305175781,83.9000015258789,28797600
2020-10-01 00:00:00+00:00,83.80999755859375,83.88999938964844,83.69000244140625,83.83000183105469,31098000
2020-10-02 00:00:00+00:00,83.27999877929688,83.87000274658203,83.27999877929688,83.83000183105469,26284300
2020-10-05 00:00:00+00:00,83.98999786376953,84.4800033569336,83.91999816894531,84.45999908447266,27394000
2020-10-06 00:00:00+00:00,84.4800033569336,84.75,84.22000122070312,84.2699966430664,37848500
2020-10-07 00:00:00+00:00,84.5199966430664,84.62999725341797,84.47000122070312,84.56999969482422,20968200
2020-10-08 00:00:00+00:00,84.83999633789062,84.8499984741211,84.63999938964844,84.76000213623047,18738800
2020-10-09 00:00:00+00:00,84.88999938964844,85.02999877929688,84.76000213623047,84.94999694824219,21287800
2020-10-12 00:00:00+00:00,85.22000122070312,85.47000122070312,85.12999725341797,85.37999725341797,10503400
2020-10-13 00:00:00+00:00,85.16000366210938,85.26000213623047,84.93000030517578,85.0,25183100
2020-10-14 00:00:00+00:00,84.95999908447266,85.0199966430664,84.72000122070312,84.79000091552734,31620600
2020-10-15 00:00:00+00:00,84.44999694824219,84.77999877929688,84.31999969482422,84.7300033569336,32232100
2020-10-16 00:00:00+00:00,84.86000061035156,84.94000244140625,84.5199966430664,84.62999725341797,27456900
2020-10-19 00:00:00+00:00,84.80000305175781,84.86000061035156,84.30000305175781,84.33000183105469,20998100
2020-10-20 00:00:00+00:00,84.4800033569336,84.7699966430664,84.47000122070312,84.62999725341797,27650700
2020-10-21 00:00:00+00:00,84.62000274658203,84.80000305175781,84.52999877929688,84.62000274658203,26901600
2020-10-22 00:00:00+00:00,84.61000061035156,84.83999633789062,84.44999694824219,84.7699966430664,28977800
2020-10-23 00:00:00+00:00,84.9000015258789,84.91999816894531,84.66999816894531,84.87000274658203,20734700
2020-10-26 00:00:00+00:00,84.55999755859375,84.62000274658203,84.08999633789062,84.12000274658203,50102400
2020-10-27 00:00:00+00:00,84.18000030517578,84.33999633789062,84.12000274658203,84.16000366210938,30880900
2020-10-28 00:00:00+00:00,83.61000061035156,83.72000122070312,83.30999755859375,83.45999908447266,45794300
2020-10-29 00:00:00+00:00,83.4000015258789,83.73999786376953,83.2699966430664,83.69999694824219,37112600
2020-10-30 00:00:00+00:00,83.62999725341797,83.91999816894531,83.43000030517578,83.87999725341797,36801700
2020-11-02 00:00:00+00:00,83.77999877929688,83.8499984741211,83.48999786376953,83.72000122070312,25665400
2020-11-03 00:00:00+00:00,83.88999938964844,84.44000244140625,83.88999938964844,84.44000244140625,39777600
2020-11-04 00:00:00+00:00,84.69000244140625,85.41000366210938,84.66000366210938,85.2300033569336,57673400
2020-11-05 00:00:00+00:00,85.63999938964844,85.87999725341797,85.41999816894531,85.52999877929688,55079000
2020-11-06 00:00:00+00:00,85.55999755859375,85.58000183105469,85.11000061035156,85.2300033569336,25953400
2020-11-09 00:00:00+00:00,86.87999725341797,86.9000015258789,85.83999633789062,85.87999725341797,59347100
2020-11-10 00:00:00+00:00,85.77999877929688,86.05999755859375,83.37999725341797,85.76000213623047,39295700
2020-11-11 00:00:00+00:00,85.91999816894531,85.93000030517578,85.62999725341797,85.7300033569336,14416200
2020-11-12 00:00:00+00:00,85.6500015258789,85.6500015258789,85.1500015258789,85.1500015258789,43300100
2020-11-13 00:00:00+00:00,85.25,85.52999877929688,85.23999786376953,85.44000244140625,20277100
2020-11-16 00:00:00+00:00,85.9000015258789,85.95999908447266,85.69000244140625,85.91999816894531,28350400
2020-11-17 00:00:00+00:00,85.77999877929688,86.11000061035156,85.72000122070312,85.94999694824219,23747100
2020-11-18 00:00:00+00:00,86.04000091552734,86.13999938964844,85.76000213623047,85.79000091552734,22098900
2020-11-19 00:00:00+00:00,85.70999908447266,86.13999938964844,85.6500015258789,86.08000183105469,21704200
2020-11-20 00:00:00+00:00,85.91999816894531,86.0199966430664,85.8499984741211,85.91999816894531,48530200
2020-11-23 00:00:00+00:00,86.13999938964844,86.20999908447266,85.95999908447266,86.05000305175781,23790600
2020-11-24 00:00:00+00:00,86.31999969482422,86.5199966430664,86.20999908447266,86.30999755859375,26080100
2020-11-25 00:00:00+00:00,86.30000305175781,86.41999816894531,86.19000244140625,86.2699966430664,26510900
2020-11-27 00:00:00+00:00,86.43000030517578,86.5,86.38999938964844,86.41000366210938,7338500
2020-11-30 00:00:00+00:00,86.43000030517578,86.43000030517578,86.1500015258789,86.31999969482422,24256900
2020-12-01 00:00:00+00:00,86.25,86.38999938964844,86.18000030517578,86.19999694824219,26256700
2020-12-02 00:00:00+00:00,86.22000122070312,86.55000305175781,86.1500015258789,86.44000244140625,23705000
2020-12-03 00:00:00+00:00,86.5199966430664,86.69999694824219,86.44000244140625,86.48999786376953,20748400
2020-12-04 00:00:00+00:00,86.66999816894531,86.9000015258789,86.5199966430664,86.8499984741211,19362000
2020-12-07 00:00:00+00:00,86.80000305175781,86.83999633789062,86.68000030517578,86.80999755859375,17811300
2020-12-08 00:00:00+00:00,86.7699966430664,86.8499984741211,86.69999694824219,86.73999786376953,21408300
2020-12-09 00:00:00+00:00,86.8499984741211,86.8499984741211,86.48999786376953,86.61000061035156,36608500
2020-12-10 00:00:00+00:00,86.4800033569336,86.87999725341797,86.45999908447266,86.7699966430664,24251500
2020-12-11 00:00:00+00:00,86.72000122070312,86.86000061035156,86.54000091552734,86.68000030517578,17699600
2020-12-14 00:00:00+00:00,86.83000183105469,86.87999725341797,86.5999984741211,86.69999694824219,20705200
2020-12-15 00:00:00+00:00,86.8499984741211,87.0,86.68000030517578,86.97000122070312,25052800
2020-12-16 00:00:00+00:00,86.94000244140625,86.97000122070312,86.5999984741211,86.83999633789062,42386700
2020-12-17 00:00:00+00:00,86.58999633789062,86.68000030517578,86.51000213623047,86.61000061035156,23911400
2020-12-18 00:00:00+00:00,86.6500015258789,86.72000122070312,86.55000305175781,86.68000030517578,26741200
2020-12-21 00:00:00+00:00,86.37999725341797,86.55000305175781,86.22000122070312,86.37000274658203,30308300
2020-12-22 00:00:00+00:00,86.43000030517578,86.54000091552734,86.3499984741211,86.4800033569336,21975100
2020-12-23 00:00:00+00:00,86.62000274658203,86.91000366210938,86.5999984741211,86.87000274658203,15913900
2020-12-24 00:00:00+00:00,86.94999694824219,87.05000305175781,86.94000244140625,87.05000305175781,7327300
2020-12-28 00:00:00+00:00,87.18000030517578,87.2300033569336,87.04000091552734,87.16000366210938,22575500
2020-12-29 00:00:00+00:00,87.30999755859375,87.30999755859375,87.04000091552734,87.05000305175781,22893000
2020-12-30 00:00:00+00:00,87.08000183105469,87.27999877929688,87.08000183105469,87.2300033569336,21080100
2020-12-31 00:00:00+00:00,87.20999908447266,87.33999633789062,87.16999816894531,87.30000305175781,12059900
2021-01-04 00:00:00+00:00,87.4000015258789,87.4000015258789,86.87000274658203,87.12000274658203,34528300
2021-01-05 00:00:00+00:00,87.0199966430664,87.25,86.9800033569336,87.1500015258789,33725500
2021-01-06 00:00:00+00:00,87.08999633789062,87.33999633789062,86.97000122070312,86.98999786376953,37148100
2021-01-07 00:00:00+00:00,87.18000030517578,87.37000274658203,87.12999725341797,87.23999786376953,25868200
2021-01-08 00:00:00+00:00,87.3499984741211,87.37999725341797,87.13999938964844,87.37000274658203,27403600
2021-01-11 00:00:00+00:00,87.0199966430664,87.16999816894531,86.88999938964844,86.9000015258789,26608000
2021-01-12 00:00:00+00:00,86.88999938964844,87.06999969482422,86.79000091552734,87.01000213623047,41746100
2021-01-13 00:00:00+00:00,86.9800033569336,87.30999755859375,86.94999694824219,87.2699966430664,47710300
2021-01-14 00:00:00+00:00,87.2699966430664,87.37999725341797,87.22000122070312,87.25,25484800
2021-01-15 00:00:00+00:00,87.13999938964844,87.2699966430664,87.05000305175781,87.11000061035156,48134800
2021-01-19 00:00:00+00:00,87.3499984741211,87.37999725341797,87.1500015258789,87.36000061035156,24270500
2021-01-20 00:00:00+00:00,87.62000274658203,87.62000274658203,87.37000274658203,87.5199966430664,24534700
2021-01-21 00:00:00+00:00,87.47000122070312,87.56999969482422,87.37999725341797,87.47000122070312,20451400
2021-01-22 00:00:00+00:00,87.27999877929688,87.38999938964844,87.18000030517578,87.30000305175781,26615900
2021-01-25 00:00:00+00:00,87.30000305175781,87.33999633789062,87.02999877929688,87.31999969482422,28718200
2021-01-26 00:00:00+00:00,87.29000091552734,87.33000183105469,87.18000030517578,87.19000244140625,39103500
2021-01-27 00:00:00+00:00,87.0199966430664,87.22000122070312,86.80999755859375,86.94000244140625,46378600
2021-01-28 00:00:00+00:00,87.16000366210938,87.48999786376953,87.13999938964844,87.19999694824219,38836200
2021-01-29 00:00:00+00:00,87.12999725341797,87.37000274658203,86.88999938964844,86.97000122070312,46095900
2021-02-01 00:00:00+00:00,86.80999755859375,86.97000122070312,86.66000366210938,86.93000030517578,35620700
2021-02-02 00:00:00+00:00,87.1500015258789,87.26000213623047,87.08999633789062,87.13999938964844,29522300
2021-02-03 00:00:00+00:00,87.19999694824219,87.36000061035156,87.16999816894531,87.20999908447266,31911000
2021-02-04 00:00:00+00:00,87.3499984741211,87.47000122070312,87.30999755859375,87.38999938964844,21181100
2021-02-05 00:00:00+00:00,87.62999725341797,87.6500015258789,87.4800033569336,87.5199966430664,21653100
2021-02-08 00:00:00+00:00,87.58999633789062,87.77999877929688,87.55999755859375,87.77999877929688,16590100
2021-02-09 00:00:00+00:00,87.6500015258789,87.7300033569336,87.56999969482422,87.62000274658203,14404300
2021-02-10 00:00:00+00:00,87.62000274658203,87.68000030517578,87.47000122070312,87.5999984741211,20469400
2021-02-11 00:00:00+00:00,87.63999938964844,87.68000030517578,87.54000091552734,87.63999938964844,17047200
2021-02-12 00:00:00+00:00,87.55000305175781,87.79000091552734,87.55000305175781,87.77999877929688,17800100
2021-02-16 00:00:00+00:00,87.7300033569336,87.73999786376953,87.56999969482422,87.63999938964844,22264400
2021-02-17 00:00:00+00:00,87.45999908447266,87.61000061035156,87.43000030517578,87.61000061035156,20276700
2021-02-18 00:00:00+00:00,87.47000122070312,87.58999633789062,87.38999938964844,87.48999786376953,26366700
2021-02-19 00:00:00+00:00,87.62999725341797,87.62999725341797,87.4800033569336,87.5,28124800
2021-02-22 00:00:00+00:00,87.37000274658203,87.45999908447266,87.2300033569336,87.2300033569336,25455400
2021-02-23 00:00:00+00:00,87.19000244140625,87.51000213623047,87.01000213623047,87.44000244140625,29015900
2021-02-24 00:00:00+00:00,87.30999755859375,87.52999877929688,87.2300033569336,87.52999877929688,21791800
2021-02-25 00:00:00+00:00,87.33000183105469,87.41999816894531,86.5999984741211,86.69999694824219,59413400
2021-02-26 00:00:00+00:00,86.87999725341797,86.91999816894531,86.41000366210938,86.44000244140625,46615300
2021-03-01 00:00:00+00:00,86.66999816894531,87.16000366210938,86.55999755859375,87.0999984741211,48014200
2021-03-02 00:00:00+00:00,87.1500015258789,87.16000366210938,86.93000030517578,86.97000122070312,23988500
2021-03-03 00:00:00+00:00,86.83999633789062,86.91000366210938,86.66000366210938,86.69000244140625,30197000
2021-03-04 00:00:00+00:00,86.75,86.94999694824219,86.08000183105469,86.36000061035156,49020300
2021-03-05 00:00:00+00:00,86.48999786376953,86.72000122070312,86.08999633789062,86.62000274658203,46950100
2021-03-08 00:00:00+00:00,86.56999969482422,86.63999938964844,85.97000122070312,85.98999786376953,39868700
2021-03-09 00:00:00+00:00,86.22000122070312,86.44999694824219,86.08000183105469,86.11000061035156,31441100
2021-03-10 00:00:00+00:00,86.22000122070312,86.5,86.1500015258789,86.37999725341797,23776600
2021-03-11 00:00:00+00:00,86.58000183105469,86.86000061035156,86.58000183105469,86.69999694824219,27728500
2021-03-12 00:00:00+00:00,86.55999755859375,86.5999984741211,86.37000274658203,86.45999908447266,21842000
2021-03-15 00:00:00+00:00,86.4000015258789,86.55000305175781,86.30999755859375,86.47000122070312,14719400
2021-03-16 00:00:00+00:00,86.43000030517578,86.48999786376953,86.18000030517578,86.2699966430664,22931400
2021-03-17 00:00:00+00:00,86.0999984741211,86.6500015258789,86.04000091552734,86.38999938964844,28345800
2021-03-18 00:00:00+00:00,86.05999755859375,86.16999816894531,85.70999908447266,85.7300033569336,37150300
2021-03-19 00:00:00+00:00,85.86000061035156,86.1500015258789,85.6500015258789,86.05999755859375,47467800
2021-03-22 00:00:00+00:00,86.19999694824219,86.5199966430664,86.1500015258789,86.37000274658203,32979500
2021-03-23 00:00:00+00:00,86.3499984741211,86.5,86.25,86.45999908447266,24705800
2021-03-24 00:00:00+00:00,86.54000091552734,86.80000305175781,86.51000213623047,86.51000213623047,31374500
2021-03-25 00:00:00+00:00,86.44999694824219,86.66000366210938,86.36000061035156,86.66000366210938,24070300
2021-03-26 00:00:00+00:00,86.76000213623047,86.93000030517578,86.56999969482422,86.91999816894531,25948000
2021-03-29 00:00:00+00:00,86.86000061035156,87.0,86.69999694824219,86.97000122070312,17447500
2021-03-30 00:00:00+00:00,86.83000183105469,86.87999725341797,86.73999786376953,86.76000213623047,19622100
2021-03-31 00:00:00+00:00,86.86000061035156,87.20999908447266,86.8499984741211,87.18000030517578,41604700
2021-04-01 00:00:00+00:00,86.97000122070312,87.06999969482422,86.8499984741211,87.06999969482422,30806600
2021-04-05 00:00:00+00:00,87.08000183105469,87.18000030517578,87.04000091552734,87.11000061035156,20758300
2021-04-06 00:00:00+00:00,87.12999725341797,87.30000305175781,87.12999725341797,87.26000213623047,15367900
2021-04-07 00:00:00+00:00,87.27999877929688,87.31999969482422,87.16999816894531,87.2300033569336,15645400
2021-04-08 00:00:00+00:00,87.33000183105469,87.36000061035156,87.23999786376953,87.26000213623047,11052100
2021-04-09 00:00:00+00:00,87.1500015258789,87.20999908447266,87.0999984741211,87.19999694824219,17413100
2021-04-12 00:00:00+00:00,87.0999984741211,87.13999938964844,87.0199966430664,87.11000061035156,15464500
2021-04-13 00:00:00+00:00,87.01000213623047,87.19999694824219,86.91000366210938,87.16999816894531,20643500
2021-04-14 00:00:00+00:00,87.19000244140625,87.29000091552734,87.08999633789062,87.12999725341797,17992800
2021-04-15 00:00:00+00:00,87.33000183105469,87.4800033569336,87.2699966430664,87.4800033569336,20944400
2021-04-16 00:00:00+00:00,87.5,87.52999877929688,87.30000305175781,87.30000305175781,32509300
2021-04-19 00:00:00+00:00,87.19999694824219,87.29000091552734,87.12000274658203,87.16000366210938,23904900
2021-04-20 00:00:00+00:00,87.05999755859375,87.13999938964844,86.95999908447266,87.01000213623047,22901000
2021-04-21 00:00:00+00:00,86.97000122070312,87.30000305175781,86.95999908447266,87.30000305175781,19527000
2021-04-22 00:00:00+00:00,87.31999969482422,87.33000183105469,87.12000274658203,87.13999938964844,18506500
2021-04-23 00:00:00+00:00,87.19999694824219,87.44999694824219,87.19000244140625,87.37000274658203,14388700
2021-04-26 00:00:00+00:00,87.37999725341797,87.4800033569336,87.29000091552734,87.33000183105469,12746100
2021-04-27 00:00:00+00:00,87.37999725341797,87.37999725341797,87.20999908447266,87.20999908447266,17660600
2021-04-28 00:00:00+00:00,87.23999786376953,87.44999694824219,87.16999816894531,87.37999725341797,14795000
2021-04-29 00:00:00+00:00,87.55000305175781,87.55000305175781,87.3499984741211,87.4800033569336,17152900
2021-04-30 00:00:00+00:00,87.37000274658203,87.48999786376953,87.3499984741211,87.44000244140625,23367500
2021-05-03 00:00:00+00:00,87.2300033569336,87.33000183105469,87.16999816894531,87.18000030517578,15782400
2021-05-04 00:00:00+00:00,87.11000061035156,87.1500015258789,86.97000122070312,87.12999725341797,23089700
2021-05-05 00:00:00+00:00,87.19000244140625,87.31999969482422,87.16999816894531,87.30000305175781,13676300
2021-05-06 00:00:00+00:00,87.29000091552734,87.33999633789062,87.1500015258789,87.2699966430664,23110100
2021-05-07 00:00:00+00:00,87.3499984741211,87.41000366210938,87.2300033569336,87.33000183105469,17872700
2021-05-10 00:00:00+00:00,87.36000061035156,87.37999725341797,87.12999725341797,87.12999725341797,16580800
2021-05-11 00:00:00+00:00,86.9000015258789,87.08999633789062,86.80999755859375,87.04000091552734,28683600
2021-05-12 00:00:00+00:00,86.91999816894531,86.9800033569336,86.62000274658203,86.62000274658203,31630100
2021-05-13 00:00:00+00:00,86.7699966430664,87.0,86.76000213623047,86.93000030517578,28689600
2021-05-14 00:00:00+00:00,87.05000305175781,87.20999908447266,87.0199966430664,87.20999908447266,22550800
2021-05-17 00:00:00+00:00,87.19999694824219,87.20999908447266,86.98999786376953,87.05000305175781,13545000
2021-05-18 00:00:00+00:00,87.16999816894531,87.16999816894531,86.83000183105469,86.83999633789062,16447500
2021-05-19 00:00:00+00:00,86.5999984741211,86.83999633789062,86.56999969482422,86.61000061035156,34701000
2021-05-20 00:00:00+00:00,86.68000030517578,87.33999633789062,86.68000030517578,86.9800033569336,28013700
2021-05-21 00:00:00+00:00,87.08000183105469,87.12999725341797,86.91999816894531,87.11000061035156,36466200
2021-05-24 00:00:00+00:00,87.18000030517578,87.30999755859375,87.0999984741211,87.20999908447266,24277800
2021-05-25 00:00:00+00:00,87.26000213623047,87.27999877929688,87.13999938964844,87.22000122070312,15466600
2021-05-26 00:00:00+00:00,87.16000366210938,87.2699966430664,87.16000366210938,87.25,14354900
2021-05-27 00:00:00+00:00,87.37999725341797,87.37999725341797,87.19999694824219,87.20999908447266,12682100
2021-05-28 00:00:00+00:00,87.30000305175781,87.3499984741211,87.18000030517578,87.18000030517578,15464100
2021-06-01 00:00:00+00:00,87.05999755859375,87.16000366210938,87.0,87.1500015258789,22655300
2021-06-02 00:00:00+00:00,87.1500015258789,87.2699966430664,87.12000274658203,87.26000213623047,13698300
2021-06-03 00:00:00+00:00,87.02999877929688,87.2300033569336,86.98999786376953,87.08000183105469,16701800
2021-06-04 00:00:00+00:00,87.2300033569336,87.30999755859375,87.16999816894531,87.2699966430664,26829200
2021-06-07 00:00:00+00:00,87.29000091552734,87.3499984741211,87.26000213623047,87.30000305175781,9189800
2021-06-08 00:00:00+00:00,87.44000244140625,87.44000244140625,87.30999755859375,87.36000061035156,10983900
2021-06-09 00:00:00+00:00,87.47000122070312,87.48999786376953,87.4000015258789,87.43000030517578,13232200
2021-06-10 00:00:00+00:00,87.5,87.66000366210938,87.45999908447266,87.58999633789062,15290000
2021-06-11 00:00:00+00:00,87.6500015258789,87.69000244140625,87.55000305175781,87.62000274658203,12559600
2021-06-14 00:00:00+00:00,87.58999633789062,87.58999633789062,87.47000122070312,87.54000091552734,19408600
2021-06-15 00:00:00+00:00,87.4800033569336,87.56999969482422,87.44000244140625,87.52999877929688,16037000
2021-06-16 00:00:00+00:00,87.52999877929688,87.56999969482422,87.26000213623047,87.41000366210938,21267200
2021-06-17 00:00:00+00:00,87.45999908447266,87.5,87.37999725341797,87.47000122070312,21099000
2021-06-18 00:00:00+00:00,87.33999633789062,87.44999694824219,87.29000091552734,87.43000030517578,35134500
2021-06-21 00:00:00+00:00,87.5199966430664,87.5999984741211,87.44999694824219,87.5999984741211,21265000
2021-06-22 00:00:00+00:00,87.56999969482422,87.66000366210938,87.5199966430664,87.66000366210938,14604400
2021-06-23 00:00:00+00:00,87.62999725341797,87.75,87.56999969482422,87.56999969482422,16583100
2021-06-24 00:00:00+00:00,87.73999786376953,87.83999633789062,87.69999694824219,87.83999633789062,12722300
2021-06-25 00:00:00+00:00,87.8499984741211,87.94999694824219,87.83000183105469,87.93000030517578,16175000
2021-06-28 00:00:00+00:00,87.97000122070312,87.97000122070312,87.86000061035156,87.91999816894531,16019300
2021-06-29 00:00:00+00:00,87.94000244140625,88.02999877929688,87.93000030517578,88.02999877929688,12728000
2021-06-30 00:00:00+00:00,87.97000122070312,88.06999969482422,87.95999908447266,88.04000091552734,26093500
2021-07-01 00:00:00+00:00,87.83000183105469,87.91999816894531,87.80999755859375,87.91999816894531,31932400
2021-07-02 00:00:00+00:00,87.95999908447266,88.06999969482422,87.91999816894531,88.05999755859375,11464800
2021-07-06 00:00:00+00:00,88.05999755859375,88.08000183105469,87.94000244140625,88.01000213623047,17784300
2021-07-07 00:00:00+00:00,88.08999633789062,88.0999984741211,87.93000030517578,88.04000091552734,11463700
2021-07-08 00:00:00+00:00,87.80999755859375,87.93000030517578,87.7699966430664,87.8499984741211,21936400
2021-07-09 00:00:00+00:00,87.87999725341797,88.0199966430664,87.87000274658203,88.0,17698100
2021-07-12 00:00:00+00:00,88.0,88.0199966430664,87.88999938964844,87.97000122070312,17546700
2021-07-13 00:00:00+00:00,87.91999816894531,87.95999908447266,87.69999694824219,87.70999908447266,26938600
2021-07-14 00:00:00+00:00,87.80999755859375,87.87999725341797,87.73999786376953,87.8499984741211,16100200
2021-07-15 00:00:00+00:00,87.7699966430664,87.81999969482422,87.72000122070312,87.79000091552734,16384800
2021-07-16 00:00:00+00:00,87.83999633789062,87.83999633789062,87.63999938964844,87.66999816894531,17820400
2021-07-19 00:00:00+00:00,87.45999908447266,87.48999786376953,86.9800033569336,87.08000183105469,54224700
2021-07-20 00:00:00+00:00,87.16000366210938,87.52999877929688,87.08000183105469,87.5199966430664,26941300
2021-07-21 00:00:00+00:00,87.58000183105469,87.76000213623047,87.55999755859375,87.7300033569336,18522600
2021-07-22 00:00:00+00:00,87.73999786376953,87.8499984741211,87.6500015258789,87.77999877929688,17110500
2021-07-23 00:00:00+00:00,87.87999725341797,87.98999786376953,87.83000183105469,87.94999694824219,19441000
2021-07-26 00:00:00+00:00,87.91999816894531,87.97000122070312,87.77999877929688,87.81999969482422,15282700
2021-07-27 00:00:00+00:00,87.69999694824219,87.7699966430664,87.55999755859375,87.69999694824219,19919000
2021-07-28 00:00:00+00:00,87.80000305175781,87.8499984741211,87.66999816894531,87.7699966430664,15129200
2021-07-29 00:00:00+00:00,87.83000183105469,88.0,87.83000183105469,87.95999908447266,18675000
2021-07-30 00:00:00+00:00,87.93000030517578,87.97000122070312,87.83999633789062,87.83999633789062,21062100
2021-08-02 00:00:00+00:00,87.66999816894531,87.69000244140625,87.33999633789062,87.33999633789062,27274400
2021-08-03 00:00:00+00:00,87.38999938964844,87.45999908447266,87.27999877929688,87.44000244140625,16058700
2021-08-04 00:00:00+00:00,87.37000274658203,87.41999816894531,87.27999877929688,87.27999877929688,17113300
2021-08-05 00:00:00+00:00,87.33000183105469,87.5199966430664,87.33000183105469,87.4800033569336,15465700
2021-08-06 00:00:00+00:00,87.43000030517578,87.5199966430664,87.37000274658203,87.37999725341797,12923200
2021-08-09 00:00:00+00:00,87.33999633789062,87.36000061035156,87.18000030517578,87.18000030517578,10788700
2021-08-10 00:00:00+00:00,87.19000244140625,87.19999694824219,86.97000122070312,86.9800033569336,31522900
2021-08-11 00:00:00+00:00,87.04000091552734,87.16000366210938,87.01000213623047,87.12000274658203,15834400
2021-08-12 00:00:00+00:00,87.12000274658203,87.29000091552734,87.08999633789062,87.2699966430664,14127800
2021-08-13 00:00:00+00:00,87.30000305175781,87.45999908447266,87.30000305175781,87.45999908447266,10016800
2021-08-16 00:00:00+00:00,87.44000244140625,87.48999786376953,87.3499984741211,87.48999786376953,12598100
2021-08-17 00:00:00+00:00,87.38999938964844,87.4000015258789,87.19999694824219,87.29000091552734,18468400
2021-08-18 00:00:00+00:00,87.30000305175781,87.38999938964844,87.08999633789062,87.08999633789062,12147600
2021-08-19 00:00:00+00:00,87.0,87.19999694824219,86.94999694824219,87.08000183105469,20026700
2021-08-20 00:00:00+00:00,87.0999984741211,87.33000183105469,87.08999633789062,87.29000091552734,16784100
2021-08-23 00:00:00+00:00,87.41000366210938,87.58999633789062,87.41000366210938,87.55999755859375,21933100
2021-08-24 00:00:00+00:00,87.58000183105469,87.69999694824219,87.55000305175781,87.68000030517578,20828100
2021-08-25 00:00:00+00:00,87.69999694824219,87.81999969482422,87.66000366210938,87.7699966430664,19085400
2021-08-26 00:00:00+00:00,87.76000213623047,87.7699966430664,87.58000183105469,87.72000122070312,17676100
2021-08-27 00:00:00+00:00,87.75,87.98999786376953,87.7300033569336,87.95999908447266,18519700
2021-08-30 00:00:00+00:00,87.9800033569336,88.0999984741211,87.95999908447266,88.06999969482422,11640000
2021-08-31 00:00:00+00:00,88.05999755859375,88.0999984741211,87.97000122070312,88.08999633789062,19163900
2021-09-01 00:00:00+00:00,87.83999633789062,87.9800033569336,87.81999969482422,87.88999938964844,22973500
2021-09-02 00:00:00+00:00,88.0,88.0199966430664,87.93000030517578,88.0,16521300
2021-09-03 00:00:00+00:00,87.95999908447266,88.04000091552734,87.88999938964844,88.01000213623047,6491000
2021-09-07 00:00:00+00:00,87.98999786376953,87.98999786376953,87.7699966430664,87.77999877929688,11728800
2021-09-08 00:00:00+00:00,87.79000091552734,87.91000366210938,87.70999908447266,87.87999725341797,13020900
2021-09-09 00:00:00+00:00,87.87000274658203,87.9800033569336,87.86000061035156,87.95999908447266,23024700
2021-09-10 00:00:00+00:00,88.08000183105469,88.08999633789062,87.81999969482422,87.83000183105469,16112600
2021-09-13 00:00:00+00:00,87.94999694824219,88.05999755859375,87.88999938964844,88.05000305175781,17136900
2021-09-14 00:00:00+00:00,88.08000183105469,88.12000274658203,87.97000122070312,88.01000213623047,20108000
2021-09-15 00:00:00+00:00,88.0199966430664,88.13999938964844,88.01000213623047,88.13999938964844,17069500
2021-09-16 00:00:00+00:00,88.11000061035156,88.13999938964844,87.94999694824219,88.11000061035156,13859700
2021-09-17 00:00:00+00:00,88.08000183105469,88.08999633789062,87.97000122070312,88.0,38948500
2021-09-20 00:00:00+00:00,87.5999984741211,87.80999755859375,87.55000305175781,87.69000244140625,49641000
2021-09-21 00:00:00+00:00,87.83000183105469,87.87999725341797,87.68000030517578,87.83999633789062,27304200
2021-09-22 00:00:00+00:00,87.97000122070312,88.08000183105469,87.8499984741211,88.0,24344800
2021-09-23 00:00:00+00:00,88.05000305175781,88.16000366210938,87.95999908447266,88.04000091552734,27590300
2021-09-24 00:00:00+00:00,87.95999908447266,88.0199966430664,87.86000061035156,87.91000366210938,21713200
2021-09-27 00:00:00+00:00,87.76000213623047,87.88999938964844,87.7300033569336,87.83000183105469,17652900
2021-09-28 00:00:00+00:00,87.66000366210938,87.69999694824219,87.37999725341797,87.43000030517578,35515900
2021-09-29 00:00:00+00:00,87.52999877929688,87.70999908447266,87.51000213623047,87.58999633789062,19783400
2021-09-30 00:00:00+00:00,87.63999938964844,87.68000030517578,87.37999725341797,87.48999786376953,41680700
2021-10-01 00:00:00+00:00,87.3499984741211,87.4800033569336,87.13999938964844,87.41000366210938,30062800
2021-10-04 00:00:00+00:00,87.3499984741211,87.37999725341797,87.08000183105469,87.0999984741211,24726400
2021-10-05 00:00:00+00:00,87.19000244140625,87.22000122070312,87.02999877929688,87.05999755859375,22347700
2021-10-06 00:00:00+00:00,86.87000274658203,87.04000091552734,86.7699966430664,87.01000213623047,28905900
2021-10-07 00:00:00+00:00,87.12999725341797,87.30000305175781,86.95999908447266,87.0199966430664,29054000
2021-10-08 00:00:00+00:00,87.0,87.05000305175781,86.76000213623047,86.76000213623047,28064300
2021-10-11 00:00:00+00:00,86.76000213623047,86.80999755859375,86.48999786376953,86.48999786376953,16068400
2021-10-12 00:00:00+00:00,86.5999984741211,86.7699966430664,86.58000183105469,86.6500015258789,32922200
2021-10-13 00:00:00+00:00,86.69999694824219,86.87999725341797,86.55999755859375,86.87999725341797,29370400
2021-10-14 00:00:00+00:00,87.05000305175781,87.37999725341797,87.04000091552734,87.37000274658203,26937000
2021-10-15 00:00:00+00:00,87.38999938964844,87.38999938964844,87.16999816894531,87.22000122070312,29782900
2021-10-18 00:00:00+00:00,87.0199966430664,87.18000030517578,86.98999786376953,87.18000030517578,20338400
2021-10-19 00:00:00+00:00,87.18000030517578,87.25,87.12000274658203,87.23999786376953,26103300
2021-10-20 00:00:00+00:00,87.25,87.29000091552734,87.19000244140625,87.2699966430664,19720100
2021-10-21 00:00:00+00:00,87.25,87.29000091552734,86.98999786376953,87.05000305175781,19273600
2021-10-22 00:00:00+00:00,87.0199966430664,87.05999755859375,86.80000305175781,86.83999633789062,20734400
2021-10-25 00:00:00+00:00,86.94000244140625,87.08000183105469,86.7699966430664,86.98999786376953,20230000
2021-10-26 00:00:00+00:00,87.12000274658203,87.19999694824219,87.01000213623047,87.01000213623047,19617200
2021-10-27 00:00:00+00:00,87.0999984741211,87.12999725341797,86.93000030517578,86.94000244140625,18521300
2021-10-28 00:00:00+00:00,86.9800033569336,87.16000366210938,86.9800033569336,87.16000366210938,16374700
2021-10-29 00:00:00+00:00,87.0199966430664,87.05000305175781,86.93000030517578,86.93000030517578,26521600
2021-11-01 00:00:00+00:00,86.7300033569336,86.77999877929688,86.55000305175781,86.55999755859375,29987000
2021-11-02 00:00:00+00:00,86.55999755859375,86.83999633789062,86.55999755859375,86.7699966430664,26441600
2021-11-03 00:00:00+00:00,86.70999908447266,86.95999908447266,86.69000244140625,86.94000244140625,22984200
2021-11-04 00:00:00+00:00,87.0199966430664,87.55999755859375,87.0,87.16999816894531,28989800
2021-11-05 00:00:00+00:00,87.30000305175781,87.5199966430664,87.25,87.5,27595000
2021-11-08 00:00:00+00:00,87.58999633789062,87.61000061035156,87.33999633789062,87.38999938964844,11957900
2021-11-09 00:00:00+00:00,87.38999938964844,87.45999908447266,87.27999877929688,87.45999908447266,13732600
2021-11-10 00:00:00+00:00,87.3499984741211,87.3499984741211,86.94000244140625,86.97000122070312,30438400
2021-11-11 00:00:00+00:00,87.02999877929688,87.04000091552734,86.81999969482422,86.81999969482422,10086100
2021-11-12 00:00:00+00:00,86.91999816894531,87.05000305175781,86.83999633789062,86.8499984741211,26392400
2021-11-15 00:00:00+00:00,86.91000366210938,86.91999816894531,86.7300033569336,86.75,17057100
2021-11-16 00:00:00+00:00,86.7699966430664,86.87000274658203,86.73999786376953,86.79000091552734,14302000
2021-11-17 00:00:00+00:00,86.81999969482422,86.83999633789062,86.69999694824219,86.69999694824219,17919200
2021-11-18 00:00:00+00:00,86.80999755859375,86.80999755859375,86.62999725341797,86.62999725341797,23421300
2021-11-19 00:00:00+00:00,86.62999725341797,86.7699966430664,86.55999755859375,86.55999755859375,45282700
2021-11-22 00:00:00+00:00,86.63999938964844,86.66999816894531,86.22000122070312,86.2300033569336,26266000
2021-11-23 00:00:00+00:00,86.2300033569336,86.37000274658203,86.02999877929688,86.11000061035156,33967100
2021-11-24 00:00:00+00:00,86.0,86.11000061035156,85.76000213623047,86.08999633789062,31158800
2021-11-26 00:00:00+00:00,85.61000061035156,85.62000274658203,85.33999633789062,85.47000122070312,36123400
2021-11-29 00:00:00+00:00,85.80999755859375,86.12999725341797,85.76000213623047,86.0,31728900
2021-11-30 00:00:00+00:00,85.95999908447266,86.06999969482422,85.5199966430664,85.63999938964844,35465700
2021-12-01 00:00:00+00:00,85.7699966430664,85.94000244140625,85.31999969482422,85.37000274658203,41845200
2021-12-02 00:00:00+00:00,85.41999816894531,86.05999755859375,85.41000366210938,86.0,42383500
2021-12-03 00:00:00+00:00,86.05000305175781,86.0999984741211,85.83000183105469,86.0,47368800
2021-12-06 00:00:00+00:00,86.02999877929688,86.4800033569336,86.0,86.37999725341797,28211300
2021-12-07 00:00:00+00:00,86.70999908447266,87.06999969482422,86.63999938964844,86.83999633789062,42893500
2021-12-08 00:00:00+00:00,86.77999877929688,86.87000274658203,86.68000030517578,86.81999969482422,26598200
2021-12-09 00:00:00+00:00,86.80000305175781,86.80000305175781,86.43000030517578,86.43000030517578,24939100
2021-12-10 00:00:00+00:00,86.55999755859375,86.66000366210938,86.52999877929688,86.62999725341797,20247200
2021-12-13 00:00:00+00:00,86.62999725341797,86.70999908447266,86.55999755859375,86.62999725341797,17125800
2021-12-14 00:00:00+00:00,86.5,86.58999633789062,86.33000183105469,86.4800033569336,20310500
2021-12-15 00:00:00+00:00,86.47000122070312,86.83999633789062,86.33000183105469,86.80999755859375,31699000
2021-12-16 00:00:00+00:00,86.55000305175781,86.62999725341797,86.38999938964844,86.44999694824219,27374000
2021-12-17 00:00:00+00:00,86.36000061035156,86.51000213623047,86.20999908447266,86.37000274658203,27248200
2021-12-20 00:00:00+00:00,86.12999725341797,86.29000091552734,86.08999633789062,86.22000122070312,27560400
2021-12-21 00:00:00+00:00,86.33999633789062,86.69000244140625,86.33999633789062,86.68000030517578,24390500
2021-12-22 00:00:00+00:00,86.6500015258789,86.93000030517578,86.63999938964844,86.91000366210938,17433300
2021-12-23 00:00:00+00:00,86.95999908447266,87.20999908447266,86.94000244140625,87.16000366210938,15612100
2021-12-27 00:00:00+00:00,87.16999816894531,87.31999969482422,87.12999725341797,87.25,13396700
2021-12-28 00:00:00+00:00,87.22000122070312,87.23999786376953,87.08000183105469,87.20999908447266,17150700
2021-12-29 00:00:00+00:00,87.1500015258789,87.18000030517578,87.05000305175781,87.06999969482422,16760300
2021-12-30 00:00:00+00:00,87.0999984741211,87.0999984741211,86.98999786376953,87.02999877929688,12326100
2021-12-31 00:00:00+00:00,87.05999755859375,87.12000274658203,86.9800033569336,87.01000213623047,11505300
2022-01-03 00:00:00+00:00,86.91999816894531,86.97000122070312,86.76000213623047,86.97000122070312,35368400
2022-01-04 00:00:00+00:00,87.0,87.0,86.66999816894531,86.75,33609900
2022-01-05 00:00:00+00:00,86.73999786376953,86.77999877929688,86.08000183105469,86.08000183105469,44808500
2022-01-06 00:00:00+00:00,86.0999984741211,86.31999969482422,86.05000305175781,86.08999633789062,42823200
2022-01-07 00:00:00+00:00,86.08999633789062,86.0999984741211,85.86000061035156,85.87000274658203,34630100
2022-01-10 00:00:00+00:00,85.76000213623047,85.95999908447266,85.37000274658203,85.94000244140625,52621800
2022-01-11 00:00:00+00:00,85.98999786376953,86.33999633789062,85.75,86.33999633789062,32513100
2022-01-12 00:00:00+00:00,86.47000122070312,86.5199966430664,86.33999633789062,86.4800033569336,24621400
2022-01-13 00:00:00+00:00,86.45999908447266,86.5,86.13999938964844,86.16999816894531,31699700
2022-01-14 00:00:00+00:00,86.11000061035156,86.2300033569336,86.0,86.08999633789062,31046200
2022-01-18 00:00:00+00:00,85.83999633789062,85.8499984741211,85.61000061035156,85.66999816894531,46331500
2022-01-19 00:00:00+00:00,85.81999969482422,85.95999908447266,85.55999755859375,85.58999633789062,31390200
2022-01-20 00:00:00+00:00,85.75,85.97000122070312,85.41000366210938,85.43000030517578,38217700
2022-01-21 00:00:00+00:00,85.43000030517578,85.5999984741211,85.33000183105469,85.44000244140625,57098000
2022-01-24 00:00:00+00:00,85.19000244140625,85.41000366210938,84.7699966430664,85.3499984741211,79230800
2022-01-25 00:00:00+00:00,85.08999633789062,85.29000091552734,84.9000015258789,85.0999984741211,43642700
2022-01-26 00:00:00+00:00,85.47000122070312,85.87000274658203,84.69999694824219,84.80999755859375,63574900
2022-01-27 00:00:00+00:00,85.0199966430664,85.12000274658203,84.25,84.44000244140625,47351000
2022-01-28 00:00:00+00:00,84.25,84.69000244140625,83.94999694824219,84.68000030517578,51496700
2022-01-31 00:00:00+00:00,84.5,84.83000183105469,84.22000122070312,84.69999694824219,78932100
2022-02-01 00:00:00+00:00,84.6500015258789,84.77999877929688,84.37000274658203,84.7300033569336,42377300
2022-02-02 00:00:00+00:00,84.9000015258789,84.95999908447266,84.61000061035156,84.86000061035156,29261500
2022-02-03 00:00:00+00:00,84.47000122070312,84.54000091552734,84.08999633789062,84.0999984741211,44760800
2022-02-04 00:00:00+00:00,83.76000213623047,83.9000015258789,83.19999694824219,83.7699966430664,65508300
2022-02-07 00:00:00+00:00,83.54000091552734,83.86000061035156,83.41999816894531,83.70999908447266,37620700
2022-02-08 00:00:00+00:00,83.77999877929688,83.8499984741211,83.58000183105469,83.62000274658203,39549000
2022-02-09 00:00:00+00:00,83.94000244140625,84.12000274658203,83.94000244140625,84.05999755859375,37641800
2022-02-10 00:00:00+00:00,83.54000091552734,83.83000183105469,82.94000244140625,82.94999694824219,57751400
2022-02-11 00:00:00+00:00,83.2300033569336,83.25,82.44999694824219,82.66000366210938,58997100
2022-02-14 00:00:00+00:00,82.6500015258789,82.83000183105469,82.22000122070312,82.5199966430664,36550200
2022-02-15 00:00:00+00:00,82.73999786376953,82.80999755859375,82.55999755859375,82.66000366210938,32724800
2022-02-16 00:00:00+00:00,82.61000061035156,83.18000030517578,82.54000091552734,83.12000274658203,38996000
2022-02-17 00:00:00+00:00,82.97000122070312,82.97000122070312,82.70999908447266,82.7699966430664,30755200
2022-02-18 00:00:00+00:00,82.69000244140625,82.98999786376953,82.62000274658203,82.88999938964844,43848800
2022-02-22 00:00:00+00:00,82.83999633789062,83.05000305175781,82.58999633789062,82.69999694824219,37004300
2022-02-23 00:00:00+00:00,82.8499984741211,82.91000366210938,82.52999877929688,82.55000305175781,36545400
2022-02-24 00:00:00+00:00,81.91000366210938,83.18000030517578,81.83000183105469,83.13999938964844,56132500
2022-02-25 00:00:00+00:00,83.22000122070312,83.62999725341797,83.22000122070312,83.61000061035156,44118800
2022-02-28 00:00:00+00:00,83.22000122070312,83.87999725341797,83.22000122070312,83.66999816894531,54006400
2022-03-01 00:00:00+00:00,83.43000030517578,83.63999938964844,82.94999694824219,83.12999725341797,43268500
2022-03-02 00:00:00+00:00,83.08000183105469,83.36000061035156,82.94000244140625,83.33000183105469,41489200
2022-03-03 00:00:00+00:00,83.4800033569336,83.5,82.20999908447266,83.08000183105469,23594200
2022-03-04 00:00:00+00:00,82.94000244140625,82.94000244140625,82.4800033569336,82.54000091552734,32141100
2022-03-07 00:00:00+00:00,82.38999938964844,82.41000366210938,81.75,81.81999969482422,43675900
2022-03-08 00:00:00+00:00,81.87999725341797,82.08999633789062,81.5,81.52999877929688,57474500
2022-03-09 00:00:00+00:00,82.01000213623047,82.31999969482422,81.8499984741211,82.20999908447266,31143000
2022-03-10 00:00:00+00:00,81.76000213623047,81.87000274658203,81.41999816894531,81.5199966430664,46408900
2022-03-11 00:00:00+00:00,81.62999725341797,81.6500015258789,80.86000061035156,80.93000030517578,40097000
2022-03-14 00:00:00+00:00,80.8499984741211,80.87000274658203,79.87999725341797,79.97000122070312,61536700
2022-03-15 00:00:00+00:00,80.12999725341797,80.76000213623047,80.0999984741211,80.56999969482422,57385300
2022-03-16 00:00:00+00:00,80.95999908447266,81.73999786376953,80.55000305175781,81.69999694824219,66254800
2022-03-17 00:00:00+00:00,81.7699966430664,82.30000305175781,81.75,82.26000213623047,48573700
2022-03-18 00:00:00+00:00,82.0999984741211,82.54000091552734,81.94999694824219,82.52999877929688,59780500
2022-03-21 00:00:00+00:00,82.38999938964844,82.44999694824219,81.41999816894531,81.58000183105469,62364300
2022-03-22 00:00:00+00:00,81.66000366210938,82.06999969482422,81.5,82.0,40148600
2022-03-23 00:00:00+00:00,81.86000061035156,82.01000213623047,81.58999633789062,81.73999786376953,36294900
2022-03-24 00:00:00+00:00,81.7300033569336,81.94000244140625,81.5199966430664,81.91000366210938,18435800
2022-03-25 00:00:00+00:00,81.91999816894531,81.91999816894531,81.26000213623047,81.31999969482422,36497500
2022-03-28 00:00:00+00:00,81.27999877929688,81.8499984741211,81.26000213623047,81.83000183105469,26886100
2022-03-29 00:00:00+00:00,82.19999694824219,82.86000061035156,82.1500015258789,82.83999633789062,49781100
2022-03-30 00:00:00+00:00,82.62000274658203,82.69999694824219,82.38999938964844,82.58999633789062,43905200
2022-03-31 00:00:00+00:00,82.69000244140625,82.7300033569336,82.2699966430664,82.29000091552734,40717600
2022-04-01 00:00:00+00:00,81.83000183105469,82.02999877929688,81.6500015258789,81.94999694824219,31316100
2022-04-04 00:00:00+00:00,82.0199966430664,82.58000183105469,82.0,82.56999969482422,32710900
2022-04-05 00:00:00+00:00,82.38999938964844,82.47000122070312,81.47000122070312,81.5,51886400
2022-04-06 00:00:00+00:00,80.94000244140625,81.4000015258789,80.69000244140625,80.86000061035156,67118000
2022-04-07 00:00:00+00:00,80.94000244140625,81.04000091552734,80.72000122070312,80.7300033569336,42831400
2022-04-08 00:00:00+00:00,80.4800033569336,80.7300033569336,80.2300033569336,80.23999786376953,42177200
2022-04-11 00:00:00+00:00,79.9800033569336,80.06999969482422,79.58000183105469,79.69000244140625,42293400
2022-04-12 00:00:00+00:00,80.23999786376953,80.62000274658203,80.06999969482422,80.30000305175781,38031000
2022-04-13 00:00:00+00:00,80.44000244140625,80.87999725341797,80.37999725341797,80.77999877929688,31635500
2022-04-14 00:00:00+00:00,80.77999877929688,80.88999938964844,80.02999877929688,80.23999786376953,45130400
2022-04-18 00:00:00+00:00,80.16000366210938,80.36000061035156,80.0,80.11000061035156,20864100
2022-04-19 00:00:00+00:00,79.95999908447266,80.19000244140625,79.86000061035156,80.04000091552734,29920800
2022-04-20 00:00:00+00:00,80.27999877929688,80.44000244140625,80.16000366210938,80.29000091552734,25769700
2022-04-21 00:00:00+00:00,80.48999786376953,80.54000091552734,79.66999816894531,79.73999786376953,38695100
2022-04-22 00:00:00+00:00,79.63999938964844,79.66000366210938,79.16999816894531,79.26000213623047,28243000
2022-04-25 00:00:00+00:00,79.4000015258789,80.0,79.2699966430664,79.93000030517578,35914500
2022-04-26 00:00:00+00:00,79.9000015258789,79.9000015258789,79.44999694824219,79.45999908447266,31171600
2022-04-27 00:00:00+00:00,79.47000122070312,79.66999816894531,78.98999786376953,79.06999969482422,37598600
2022-04-28 00:00:00+00:00,79.23999786376953,79.62999725341797,78.94000244140625,79.51000213623047,30808800
2022-04-29 00:00:00+00:00,79.13999938964844,79.25,78.4800033569336,78.52999877929688,35697100
2022-05-02 00:00:00+00:00,78.16000366210938,78.30000305175781,77.83000183105469,78.2300033569336,38674400
2022-05-03 00:00:00+00:00,78.4000015258789,78.76000213623047,78.3499984741211,78.63999938964844,42665700
2022-05-04 00:00:00+00:00,78.6500015258789,79.6500015258789,78.08000183105469,79.44000244140625,55154900
2022-05-05 00:00:00+00:00,78.97000122070312,79.0199966430664,77.80999755859375,78.02999877929688,53807900
2022-05-06 00:00:00+00:00,77.62999725341797,78.0,77.41000366210938,77.58999633789062,39256900
2022-05-09 00:00:00+00:00,77.12999725341797,77.30999755859375,76.72000122070312,76.7699966430664,38442700
2022-05-10 00:00:00+00:00,77.38999938964844,77.52999877929688,76.83999633789062,77.20999908447266,48419700
2022-05-11 00:00:00+00:00,77.0,77.48999786376953,76.73999786376953,76.75,42473500
2022-05-12 00:00:00+00:00,76.66000366210938,76.9800033569336,76.4000015258789,76.72000122070312,49069700
2022-05-13 00:00:00+00:00,76.9800033569336,77.05999755859375,76.43000030517578,76.80999755859375,49084400
2022-05-16 00:00:00+00:00,76.83999633789062,76.95999908447266,76.56999969482422,76.69999694824219,33300100
2022-05-17 00:00:00+00:00,76.86000061035156,76.87000274658203,76.44000244140625,76.62999725341797,41666500
2022-05-18 00:00:00+00:00,76.20999908447266,76.25,75.91000366210938,76.0,47647800
2022-05-19 00:00:00+00:00,75.94999694824219,76.66999816894531,75.87000274658203,76.51000213623047,53929100
2022-05-20 00:00:00+00:00,76.77999877929688,76.80000305175781,76.2300033569336,76.45999908447266,56691000
2022-05-23 00:00:00+00:00,76.63999938964844,76.86000061035156,76.58000183105469,76.76000213623047,29917100
2022-05-24 00:00:00+00:00,76.58000183105469,77.26000213623047,76.55000305175781,77.22000122070312,42246500
2022-05-25 00:00:00+00:00,77.30999755859375,78.44000244140625,77.2699966430664,78.38999938964844,56661500
2022-05-26 00:00:00+00:00,78.68000030517578,79.5199966430664,78.47000122070312,79.4800033569336,64773400
2022-05-27 00:00:00+00:00,79.80000305175781,80.19000244140625,79.61000061035156,80.19000244140625,52813100
2022-05-31 00:00:00+00:00,79.73999786376953,79.86000061035156,79.31999969482422,79.5,68424700
2022-06-01 00:00:00+00:00,79.2300033569336,79.44999694824219,78.75,78.9000015258789,87646100
2022-06-02 00:00:00+00:00,78.91999816894531,79.23999786376953,78.69000244140625,79.2300033569336,34752500
2022-06-03 00:00:00+00:00,78.87000274658203,78.87000274658203,78.5199966430664,78.63999938964844,36008000
2022-06-06 00:00:00+00:00,78.77999877929688,78.80000305175781,77.95999908447266,78.05000305175781,35756100
2022-06-07 00:00:00+00:00,77.79000091552734,78.31999969482422,77.7300033569336,78.2300033569336,31499900
2022-06-08 00:00:00+00:00,78.04000091552734,78.06999969482422,77.45999908447266,77.55999755859375,25361600
2022-06-09 00:00:00+00:00,77.26000213623047,77.51000213623047,76.79000091552734,76.94000244140625,49468700
2022-06-10 00:00:00+00:00,76.19999694824219,76.22000122070312,75.27999877929688,75.62999725341797,59907000
2022-06-13 00:00:00+00:00,74.25,74.30999755859375,72.88999938964844,73.0999984741211,122714600
2022-06-14 00:00:00+00:00,73.44999694824219,74.2300033569336,73.05000305175781,73.58000183105469,62818600
2022-06-15 00:00:00+00:00,74.19999694824219,75.38999938964844,74.04000091552734,75.01000213623047,70628200
2022-06-16 00:00:00+00:00,73.9000015258789,74.1500015258789,73.22000122070312,73.81999969482422,61583400
2022-06-17 00:00:00+00:00,73.98999786376953,74.56999969482422,73.80999755859375,74.05000305175781,49281000
2022-06-21 00:00:00+00:00,74.5,74.66999816894531,73.93000030517578,74.0,45924600
2022-06-22 00:00:00+00:00,73.87000274658203,74.25,73.80999755859375,73.9800033569336,38204800
2022-06-23 00:00:00+00:00,74.19000244140625,74.58000183105469,74.08000183105469,74.51000213623047,30961800
2022-06-24 00:00:00+00:00,74.75,75.36000061035156,74.58999633789062,75.04000091552734,38198600
2022-06-27 00:00:00+00:00,75.0999984741211,75.0999984741211,74.58000183105469,74.58000183105469,25658200
2022-06-28 00:00:00+00:00,74.69000244140625,74.79000091552734,73.75,73.76000213623047,39303800
2022-06-29 00:00:00+00:00,73.72000122070312,73.79000091552734,73.43000030517578,73.6500015258789,36806800
2022-06-30 00:00:00+00:00,73.33000183105469,73.83000183105469,73.05999755859375,73.61000061035156,45139900
2022-07-01 00:00:00+00:00,73.5,74.2300033569336,73.44999694824219,73.9800033569336,38849300
2022-07-05 00:00:00+00:00,73.51000213623047,73.9800033569336,73.02999877929688,73.91000366210938,38316200
2022-07-06 00:00:00+00:00,73.79000091552734,74.0,73.5199966430664,73.62999725341797,44706000
2022-07-07 00:00:00+00:00,74.08999633789062,74.87999725341797,74.02999877929688,74.83000183105469,44430400
2022-07-08 00:00:00+00:00,74.55999755859375,74.95999908447266,74.36000061035156,74.88999938964844,31230300
2022-07-11 00:00:00+00:00,74.80000305175781,74.91999816894531,74.44999694824219,74.47000122070312,28213700
2022-07-12 00:00:00+00:00,74.55999755859375,74.9000015258789,74.5,74.7699966430664,24036500
2022-07-13 00:00:00+00:00,74.0,74.91999816894531,73.91999816894531,74.69000244140625,46874900
2022-07-14 00:00:00+00:00,74.08000183105469,74.62999725341797,73.61000061035156,74.55000305175781,53953100
2022-07-15 00:00:00+00:00,74.7699966430664,75.5,74.76000213623047,75.5,48360800
2022-07-18 00:00:00+00:00,75.69000244140625,75.72000122070312,74.69000244140625,74.7699966430664,33302800
2022-07-19 00:00:00+00:00,75.04000091552734,75.94000244140625,75.04000091552734,75.76000213623047,31028200
2022-07-20 00:00:00+00:00,76.05999755859375,76.62000274658203,75.87999725341797,76.08999633789062,82881900
2022-07-21 00:00:00+00:00,76.0199966430664,77.05999755859375,75.93000030517578,76.98999786376953,52282000
2022-07-22 00:00:00+00:00,77.11000061035156,77.54000091552734,76.6500015258789,76.88999938964844,51055800
2022-07-25 00:00:00+00:00,76.94999694824219,77.08999633789062,76.6500015258789,76.87000274658203,26032000
2022-07-26 00:00:00+00:00,76.62000274658203,76.70999908447266,76.27999877929688,76.33000183105469,24151200
2022-07-27 00:00:00+00:00,76.66999816894531,77.47000122070312,76.66999816894531,77.16999816894531,35075700
2022-07-28 00:00:00+00:00,77.54000091552734,78.0199966430664,77.2300033569336,77.95999908447266,42335900
2022-07-29 00:00:00+00:00,77.95999908447266,78.3499984741211,77.75,78.19000244140625,33606800
2022-08-01 00:00:00+00:00,77.63999938964844,78.08000183105469,77.51000213623047,77.91000366210938,31595600
2022-08-02 00:00:00+00:00,77.7699966430664,77.86000061035156,77.5,77.55000305175781,40604400
2022-08-03 00:00:00+00:00,77.77999877929688,78.25,77.56999969482422,78.2300033569336,35660900
2022-08-04 00:00:00+00:00,78.33999633789062,78.44999694824219,78.11000061035156,78.44000244140625,24386400
2022-08-05 00:00:00+00:00,77.5,78.11000061035156,77.38999938964844,78.04000091552734,31006700
2022-08-08 00:00:00+00:00,78.33999633789062,78.6500015258789,78.05000305175781,78.11000061035156,19465600
2022-08-09 00:00:00+00:00,77.93000030517578,77.95999908447266,77.5,77.52999877929688,24675700
2022-08-10 00:00:00+00:00,78.5199966430664,78.7699966430664,78.38999938964844,78.69000244140625,38121800
2022-08-11 00:00:00+00:00,79.19999694824219,79.31999969482422,78.12999725341797,78.23999786376953,37778700
2022-08-12 00:00:00+00:00,78.5199966430664,78.97000122070312,78.29000091552734,78.94000244140625,16912300
2022-08-15 00:00:00+00:00,78.81999969482422,79.0,78.6500015258789,78.80000305175781,18441100
2022-08-16 00:00:00+00:00,78.7300033569336,78.7300033569336,78.26000213623047,78.43000030517578,22963200
2022-08-17 00:00:00+00:00,77.87999725341797,78.04000091552734,77.58999633789062,77.62000274658203,28774600
2022-08-18 00:00:00+00:00,77.80999755859375,77.87999725341797,77.66000366210938,77.73999786376953,19089300
2022-08-19 00:00:00+00:00,77.33000183105469,77.37000274658203,76.77999877929688,76.94999694824219,45428900
2022-08-22 00:00:00+00:00,76.36000061035156,76.4000015258789,76.01000213623047,76.08000183105469,42014200
2022-08-23 00:00:00+00:00,76.0999984741211,76.4000015258789,75.83000183105469,76.2699966430664,33240000
2022-08-24 00:00:00+00:00,76.23999786376953,76.5,76.16000366210938,76.36000061035156,16917400
2022-08-25 00:00:00+00:00,76.58000183105469,77.13999938964844,76.44999694824219,77.08000183105469,20080000
2022-08-26 00:00:00+00:00,77.12000274658203,77.12000274658203,75.73999786376953,75.80999755859375,34460600
2022-08-29 00:00:00+00:00,75.3499984741211,75.7699966430664,75.26000213623047,75.5199966430664,28020200
2022-08-30 00:00:00+00:00,75.5999984741211,75.66000366210938,74.69999694824219,74.94000244140625,66233900
2022-08-31 00:00:00+00:00,74.97000122070312,75.12000274658203,74.51000213623047,74.52999877929688,39161800
2022-09-01 00:00:00+00:00,73.94999694824219,74.41000366210938,73.61000061035156,74.36000061035156,38499700
2022-09-02 00:00:00+00:00,75.0,75.06999969482422,74.2300033569336,74.30999755859375,22364500
2022-09-06 00:00:00+00:00,74.30999755859375,74.38999938964844,73.8499984741211,74.11000061035156,28820900
2022-09-07 00:00:00+00:00,74.20999908447266,75.19000244140625,74.19000244140625,75.18000030517578,26853200
2022-09-08 00:00:00+00:00,74.9000015258789,75.55000305175781,74.77999877929688,75.51000213623047,26928000
2022-09-09 00:00:00+00:00,75.87999725341797,76.16999816894531,75.62999725341797,75.80999755859375,29526800
2022-09-12 00:00:00+00:00,76.08000183105469,76.2300033569336,75.7699966430664,76.04000091552734,30276100
2022-09-13 00:00:00+00:00,74.9800033569336,75.16999816894531,74.27999877929688,74.30999755859375,47111300
2022-09-14 00:00:00+00:00,74.36000061035156,74.91000366210938,74.30999755859375,74.41999816894531,29672400
2022-09-15 00:00:00+00:00,74.29000091552734,74.44000244140625,73.91000366210938,73.94999694824219,46282300
2022-09-16 00:00:00+00:00,73.5,74.19999694824219,73.37000274658203,74.19999694824219,56479900
2022-09-19 00:00:00+00:00,73.91000366210938,74.48999786376953,73.83999633789062,74.4800033569336,26891900
2022-09-20 00:00:00+00:00,74.0199966430664,74.06999969482422,73.66999816894531,73.72000122070312,32769500
2022-09-21 00:00:00+00:00,73.9000015258789,74.23999786376953,73.16000366210938,73.5,37851300
2022-09-22 00:00:00+00:00,73.25,73.38999938964844,72.80000305175781,73.05999755859375,48278100
2022-09-23 00:00:00+00:00,72.55999755859375,72.7300033569336,71.87999725341797,72.12999725341797,53312000
2022-09-26 00:00:00+00:00,71.91999816894531,72.18000030517578,71.26000213623047,71.27999877929688,42287400
2022-09-27 00:00:00+00:00,71.88999938964844,71.91999816894531,70.9000015258789,71.12999725341797,45295500
2022-09-28 00:00:00+00:00,71.66999816894531,72.48999786376953,71.44000244140625,72.4000015258789,48935800
2022-09-29 00:00:00+00:00,71.93000030517578,71.97000122070312,71.31999969482422,71.72000122070312,38068800
2022-09-30 00:00:00+00:00,71.7300033569336,72.27999877929688,71.37999725341797,71.38999938964844,42928700
2022-10-03 00:00:00+00:00,71.5999984741211,72.12999725341797,71.45999908447266,71.97000122070312,48967900
2022-10-04 00:00:00+00:00,72.9000015258789,73.52999877929688,72.7699966430664,73.5199966430664,45901300
2022-10-05 00:00:00+00:00,72.91999816894531,73.4000015258789,72.61000061035156,73.2300033569336,47833500
2022-10-06 00:00:00+00:00,73.1500015258789,73.45999908447266,72.9000015258789,73.01000213623047,37196000
2022-10-07 00:00:00+00:00,72.56999969482422,72.7699966430664,72.0999984741211,72.12000274658203,33983000
2022-10-10 00:00:00+00:00,72.06999969482422,72.11000061035156,70.91999816894531,71.23999786376953,37759700
2022-10-11 00:00:00+00:00,71.37999725341797,72.0199966430664,71.29000091552734,71.45999908447266,46344600
2022-10-12 00:00:00+00:00,71.41000366210938,71.8499984741211,71.41000366210938,71.58000183105469,32784800
2022-10-13 00:00:00+00:00,70.47000122070312,71.91000366210938,70.4000015258789,71.73999786376953,48832500
2022-10-14 00:00:00+00:00,72.19000244140625,72.37000274658203,71.33000183105469,71.51000213623047,37152100
2022-10-17 00:00:00+00:00,72.1500015258789,72.5999984741211,72.13999938964844,72.38999938964844,33820000
2022-10-18 00:00:00+00:00,73.12999725341797,73.30999755859375,72.58000183105469,72.9000015258789,37648400
2022-10-19 00:00:00+00:00,72.4000015258789,72.63999938964844,71.9800033569336,72.19999694824219,33194000
2022-10-20 00:00:00+00:00,72.20999908447266,72.75,71.7300033569336,71.80000305175781,47281100
2022-10-21 00:00:00+00:00,71.58999633789062,72.58000183105469,71.55999755859375,72.48999786376953,60211200
2022-10-24 00:00:00+00:00,72.55999755859375,72.7300033569336,72.16000366210938,72.54000091552734,29551200
2022-10-25 00:00:00+00:00,72.72000122070312,73.25,72.69999694824219,73.23999786376953,37459200
2022-10-26 00:00:00+00:00,73.05999755859375,73.70999908447266,72.94999694824219,73.44000244140625,50552100
2022-10-27 00:00:00+00:00,73.62000274658203,74.13999938964844,73.36000061035156,73.9800033569336,49481500
2022-10-28 00:00:00+00:00,74.25,74.69000244140625,74.12000274658203,74.55000305175781,123446800
2022-10-31 00:00:00+00:00,74.16999816894531,74.18000030517578,73.41999816894531,73.43000030517578,60269700
2022-11-01 00:00:00+00:00,73.94000244140625,73.94999694824219,73.20999908447266,73.58999633789062,39586700
2022-11-02 00:00:00+00:00,73.55999755859375,74.29000091552734,72.87999725341797,72.91999816894531,50659500
2022-11-03 00:00:00+00:00,72.16999816894531,72.63999938964844,71.88999938964844,72.4000015258789,37507100
2022-11-04 00:00:00+00:00,72.87000274658203,73.20999908447266,72.4000015258789,72.9000015258789,39849100
2022-11-07 00:00:00+00:00,73.05000305175781,73.11000061035156,72.68000030517578,72.88999938964844,24913000
2022-11-08 00:00:00+00:00,72.94999694824219,73.06999969482422,72.58999633789062,72.81999969482422,39489200
2022-11-09 00:00:00+00:00,72.5999984741211,72.73999786376953,71.81999969482422,71.94999694824219,45728900
2022-11-10 00:00:00+00:00,73.9800033569336,74.2699966430664,73.45999908447266,74.19000244140625,67165700
2022-11-11 00:00:00+00:00,74.22000122070312,74.69000244140625,73.93000030517578,74.44999694824219,20934800
2022-11-14 00:00:00+00:00,74.25,74.29000091552734,73.87000274658203,73.9000015258789,37932800
2022-11-15 00:00:00+00:00,74.63999938964844,74.69999694824219,74.06999969482422,74.55000305175781,50673700
2022-11-16 00:00:00+00:00,74.48999786376953,74.56999969482422,74.30999755859375,74.38999938964844,31124900
2022-11-17 00:00:00+00:00,73.80999755859375,74.16999816894531,73.7300033569336,74.06999969482422,34338000
2022-11-18 00:00:00+00:00,74.45999908447266,74.45999908447266,74.0199966430664,74.2300033569336,31663800
2022-11-21 00:00:00+00:00,74.1500015258789,74.3499984741211,74.0199966430664,74.19999694824219,19070500
2022-11-22 00:00:00+00:00,74.33999633789062,74.79000091552734,74.26000213623047,74.73999786376953,24572500
2022-11-23 00:00:00+00:00,74.68000030517578,75.30000305175781,74.66000366210938,75.16000366210938,30316300
2022-11-25 00:00:00+00:00,75.1500015258789,75.18000030517578,74.9000015258789,75.01000213623047,9465900
2022-11-28 00:00:00+00:00,74.80000305175781,74.93000030517578,74.19000244140625,74.22000122070312,31668900
2022-11-29 00:00:00+00:00,74.22000122070312,74.5999984741211,74.08000183105469,74.54000091552734,27162300
2022-11-30 00:00:00+00:00,74.5999984741211,75.69000244140625,74.38999938964844,75.66000366210938,41702100
2022-12-01 00:00:00+00:00,75.56999969482422,75.66000366210938,75.18000030517578,75.62000274658203,42134200
2022-12-02 00:00:00+00:00,74.98999786376953,75.58999633789062,74.98999786376953,75.55999755859375,27535800
2022-12-05 00:00:00+00:00,75.27999877929688,75.30000305175781,74.69000244140625,74.83999633789062,29736500
2022-12-06 00:00:00+00:00,74.87000274658203,75.0,74.43000030517578,74.56999969482422,24976800
2022-12-07 00:00:00+00:00,74.55000305175781,75.06999969482422,74.55000305175781,74.9800033569336,24614200
2022-12-08 00:00:00+00:00,75.06999969482422,75.13999938964844,74.80000305175781,75.04000091552734,23839500
2022-12-09 00:00:00+00:00,74.81999969482422,75.31999969482422,74.81999969482422,75.04000091552734,20687300
2022-12-12 00:00:00+00:00,75.22000122070312,75.4000015258789,75.0999984741211,75.33000183105469,22415700
2022-12-13 00:00:00+00:00,76.61000061035156,76.69999694824219,75.69000244140625,76.11000061035156,45923300
2022-12-14 00:00:00+00:00,76.01000213623047,76.20999908447266,75.22000122070312,75.68000030517578,57177300
2022-12-15 00:00:00+00:00,74.91000366210938,75.11000061035156,74.62999725341797,75.0,41666500
2022-12-16 00:00:00+00:00,74.56999969482422,74.80999755859375,74.41000366210938,74.5999984741211,38197100
2022-12-19 00:00:00+00:00,74.30999755859375,74.45999908447266,74.05999755859375,74.22000122070312,24135100
2022-12-20 00:00:00+00:00,73.8499984741211,74.19000244140625,73.69000244140625,74.02999877929688,32917800
2022-12-21 00:00:00+00:00,74.4000015258789,74.80000305175781,74.33999633789062,74.66000366210938,23211500
2022-12-22 00:00:00+00:00,74.37000274658203,74.48999786376953,73.91999816894531,74.19999694824219,26893700
2022-12-23 00:00:00+00:00,74.08000183105469,74.44999694824219,73.94999694824219,74.38999938964844,13196500
2022-12-27 00:00:00+00:00,74.31999969482422,74.37000274658203,73.58000183105469,73.62000274658203,22108000
2022-12-28 00:00:00+00:00,73.73999786376953,73.83000183105469,72.58999633789062,72.62999725341797,41064800
2022-12-29 00:00:00+00:00,72.91999816894531,73.62000274658203,72.75,73.56999969482422,33378900
2022-12-30 00:00:00+00:00,73.31999969482422,73.66999816894531,73.27999877929688,73.62999725341797,15170300
2023-01-03 00:00:00+00:00,74.11000061035156,74.19000244140625,73.66000366210938,73.7699966430664,28787700
2023-01-04 00:00:00+00:00,74.26000213623047,74.66000366210938,73.98999786376953,74.62000274658203,37120100
2023-01-05 00:00:00+00:00,74.36000061035156,74.54000091552734,74.18000030517578,74.47000122070312,35142000
2023-01-06 00:00:00+00:00,74.87000274658203,75.77999877929688,74.69999694824219,75.52999877929688,60041200
2023-01-09 00:00:00+00:00,75.75,75.95999908447266,75.63999938964844,75.80000305175781,35806900
2023-01-10 00:00:00+00:00,75.76000213623047,75.87000274658203,75.52999877929688,75.70999908447266,35695500
2023-01-11 00:00:00+00:00,76.0,76.25,75.8499984741211,76.20999908447266,31826700
2023-01-12 00:00:00+00:00,76.4000015258789,76.69999694824219,76.05000305175781,76.63999938964844,29404900
2023-01-13 00:00:00+00:00,76.26000213623047,76.7699966430664,76.22000122070312,76.63999938964844,26301500
2023-01-17 00:00:00+00:00,76.5199966430664,76.55000305175781,76.29000091552734,76.37999725341797,30961200
2023-01-18 00:00:00+00:00,76.8499984741211,77.08000183105469,76.44999694824219,76.47000122070312,52989700
2023-01-19 00:00:00+00:00,76.20999908447266,76.33000183105469,75.94999694824219,76.0199966430664,50070900
2023-01-20 00:00:00+00:00,76.0,76.16999816894531,75.7300033569336,76.16999816894531,36625400
2023-01-23 00:00:00+00:00,76.0999984741211,76.37000274658203,75.97000122070312,76.16000366210938,26764800
2023-01-24 00:00:00+00:00,76.01000213623047,76.25,75.87999725341797,76.20999908447266,27774500
2023-01-25 00:00:00+00:00,75.95999908447266,76.27999877929688,75.87999725341797,76.19999694824219,25857700
2023-01-26 00:00:00+00:00,76.36000061035156,76.47000122070312,76.08999633789062,76.38999938964844,25512400
2023-01-27 00:00:00+00:00,76.2699966430664,76.37000274658203,76.05000305175781,76.16000366210938,35813400
2023-01-30 00:00:00+00:00,75.87999725341797,76.02999877929688,75.72000122070312,75.73999786376953,32002000
2023-01-31 00:00:00+00:00,75.94000244140625,76.36000061035156,75.91999816894531,76.33000183105469,41006600
2023-02-01 00:00:00+00:00,75.9800033569336,76.9800033569336,75.77999877929688,76.76000213623047,46900900
2023-02-02 00:00:00+00:00,77.31999969482422,77.33999633789062,77.06999969482422,77.19999694824219,56399900
2023-02-03 00:00:00+00:00,76.5999984741211,76.86000061035156,76.33000183105469,76.38999938964844,39682300
2023-02-06 00:00:00+00:00,76.05999755859375,76.0999984741211,75.79000091552734,75.9000015258789,40944200
2023-02-07 00:00:00+00:00,75.83000183105469,76.36000061035156,75.77999877929688,76.16999816894531,37101300
2023-02-08 00:00:00+00:00,76.05999755859375,76.16000366210938,75.69000244140625,75.8499984741211,34066600
2023-02-09 00:00:00+00:00,76.11000061035156,76.11000061035156,75.29000091552734,75.36000061035156,42581900
2023-02-10 00:00:00+00:00,75.02999877929688,75.25,74.69000244140625,74.77999877929688,65905000
2023-02-13 00:00:00+00:00,74.83000183105469,75.22000122070312,74.75,74.97000122070312,38741300
2023-02-14 00:00:00+00:00,74.83000183105469,75.19000244140625,74.51000213623047,74.98999786376953,54193600
2023-02-15 00:00:00+00:00,74.72000122070312,74.87999725341797,74.58000183105469,74.87000274658203,44897600
2023-02-16 00:00:00+00:00,74.54000091552734,74.58999633789062,74.2300033569336,74.2699966430664,89945400
2023-02-17 00:00:00+00:00,74.1500015258789,74.68000030517578,73.87000274658203,74.55999755859375,75910300
2023-02-21 00:00:00+00:00,73.8499984741211,74.02999877929688,73.11000061035156,73.41000366210938,98782400
2023-02-22 00:00:00+00:00,73.5999984741211,74.19000244140625,73.5999984741211,73.88999938964844,70093300
2023-02-23 00:00:00+00:00,74.2300033569336,74.7300033569336,74.12999725341797,74.62000274658203,47908100
2023-02-24 00:00:00+00:00,74.0,74.31999969482422,73.91999816894531,74.16999816894531,47576500
2023-02-27 00:00:00+00:00,74.5199966430664,74.7699966430664,74.37999725341797,74.66999816894531,40292000
2023-02-28 00:00:00+00:00,74.63999938964844,74.63999938964844,74.41999816894531,74.52999877929688,32999000
2023-03-01 00:00:00+00:00,74.08000183105469,74.0999984741211,73.69000244140625,73.87000274658203,45341400
2023-03-02 00:00:00+00:00,73.4800033569336,74.05000305175781,73.4800033569336,73.95999908447266,37886100
2023-03-03 00:00:00+00:00,74.29000091552734,74.80999755859375,74.16999816894531,74.72000122070312,50123300
2023-03-06 00:00:00+00:00,74.88999938964844,74.98999786376953,74.66000366210938,74.72000122070312,33430800
2023-03-07 00:00:00+00:00,74.7300033569336,74.7699966430664,74.18000030517578,74.19000244140625,40222100
2023-03-08 00:00:00+00:00,74.23999786376953,74.36000061035156,73.69000244140625,73.83999633789062,54303900
2023-03-09 00:00:00+00:00,73.91000366210938,74.22000122070312,73.3499984741211,73.43000030517578,52669500
2023-03-10 00:00:00+00:00,73.4800033569336,73.94999694824219,73.16999816894531,73.44000244140625,81516000
2023-03-13 00:00:00+00:00,73.19000244140625,73.9800033569336,72.83000183105469,73.04000091552734,78478100
2023-03-14 00:00:00+00:00,73.69000244140625,73.91000366210938,73.2699966430664,73.56999969482422,66395600
2023-03-15 00:00:00+00:00,72.80999755859375,73.4000015258789,72.61000061035156,73.33000183105469,81454700
2023-03-16 00:00:00+00:00,73.12999725341797,73.94999694824219,73.0199966430664,73.80999755859375,63386700
2023-03-17 00:00:00+00:00,73.44000244140625,73.77999877929688,73.23999786376953,73.37000274658203,55132200
2023-03-20 00:00:00+00:00,73.2300033569336,73.55999755859375,73.06999969482422,73.16999816894531,38540800
2023-03-21 00:00:00+00:00,73.6500015258789,74.08000183105469,73.5,73.97000122070312,38203400
2023-03-22 00:00:00+00:00,73.9800033569336,74.79000091552734,73.70999908447266,74.04000091552734,55263500
2023-03-23 00:00:00+00:00,74.02999877929688,74.37000274658203,73.5199966430664,73.75,54660900
2023-03-24 00:00:00+00:00,73.44999694824219,73.69000244140625,73.38999938964844,73.5999984741211,44225600
2023-03-27 00:00:00+00:00,73.75,73.86000061035156,73.41999816894531,73.41999816894531,30905100
2023-03-28 00:00:00+00:00,73.27999877929688,73.47000122070312,73.13999938964844,73.37999725341797,38277200
2023-03-29 00:00:00+00:00,73.6500015258789,74.30999755859375,73.6500015258789,74.30000305175781,44457300
2023-03-30 00:00:00+00:00,74.47000122070312,74.75,74.2699966430664,74.73999786376953,37130200
2023-03-31 00:00:00+00:00,74.97000122070312,75.6500015258789,74.94999694824219,75.55000305175781,54218900
2023-04-03 00:00:00+00:00,75.13999938964844,75.30000305175781,74.97000122070312,75.1500015258789,43302900
2023-04-04 00:00:00+00:00,75.1500015258789,75.26000213623047,74.8499984741211,74.93000030517578,46144300
2023-04-05 00:00:00+00:00,74.87999725341797,74.94999694824219,74.41999816894531,74.51000213623047,37633900
2023-04-06 00:00:00+00:00,74.38999938964844,74.95999908447266,74.29000091552734,74.83999633789062,35719600
2023-04-10 00:00:00+00:00,74.58000183105469,74.80999755859375,74.41000366210938,74.7699966430664,29083900
2023-04-11 00:00:00+00:00,74.7699966430664,75.0999984741211,74.70999908447266,74.93000030517578,28875100
2023-04-12 00:00:00+00:00,75.30999755859375,75.37999725341797,74.8499984741211,74.91000366210938,41457600
2023-04-13 00:00:00+00:00,75.04000091552734,75.62000274658203,75.04000091552734,75.41999816894531,95864000
2023-04-14 00:00:00+00:00,75.4000015258789,75.55000305175781,75.08000183105469,75.27999877929688,43767600
2023-04-17 00:00:00+00:00,75.06999969482422,75.16000366210938,74.80999755859375,75.08000183105469,26391100
2023-04-18 00:00:00+00:00,75.26000213623047,75.36000061035156,74.9800033569336,75.12999725341797,28030700
2023-04-19 00:00:00+00:00,74.83000183105469,74.98999786376953,74.77999877929688,74.83000183105469,26979400
2023-04-20 00:00:00+00:00,74.6500015258789,74.87999725341797,74.55000305175781,74.76000213623047,30203900
2023-04-21 00:00:00+00:00,74.87999725341797,75.02999877929688,74.69000244140625,74.98999786376953,33061800
2023-04-24 00:00:00+00:00,75.02999877929688,75.26000213623047,74.94999694824219,75.19999694824219,24661600
2023-04-25 00:00:00+00:00,75.16000366210938,75.30000305175781,75.01000213623047,75.08000183105469,34575300
2023-04-26 00:00:00+00:00,75.05999755859375,75.11000061035156,74.68000030517578,74.79000091552734,33762700
2023-04-27 00:00:00+00:00,74.93000030517578,75.25,74.80000305175781,75.04000091552734,39687600
2023-04-28 00:00:00+00:00,75.05999755859375,75.4800033569336,75.05999755859375,75.36000061035156,33821100
2023-05-01 00:00:00+00:00,74.93000030517578,75.0,74.52999877929688,74.69000244140625,37748300
2023-05-02 00:00:00+00:00,74.69000244140625,74.73999786376953,74.37000274658203,74.62000274658203,39045300
2023-05-03 00:00:00+00:00,74.69999694824219,75.04000091552734,74.55999755859375,74.58000183105469,33178300
2023-05-04 00:00:00+00:00,74.37999725341797,74.41000366210938,74.08999633789062,74.36000061035156,45207600
2023-05-05 00:00:00+00:00,74.58000183105469,74.86000061035156,74.4800033569336,74.76000213623047,31591500
2023-05-08 00:00:00+00:00,74.69999694824219,74.69999694824219,74.37999725341797,74.55000305175781,18367400
2023-05-09 00:00:00+00:00,74.3499984741211,74.4800033569336,74.2699966430664,74.36000061035156,21732900
2023-05-10 00:00:00+00:00,74.7699966430664,74.91999816894531,74.52999877929688,74.80999755859375,35392700
2023-05-11 00:00:00+00:00,74.73999786376953,74.7699966430664,74.61000061035156,74.69000244140625,25265500
2023-05-12 00:00:00+00:00,74.68000030517578,74.79000091552734,74.27999877929688,74.41999816894531,27553200
2023-05-15 00:00:00+00:00,74.43000030517578,74.48999786376953,74.30000305175781,74.4000015258789,19764500
2023-05-16 00:00:00+00:00,74.26000213623047,74.27999877929688,73.80999755859375,73.87999725341797,40998700
2023-05-17 00:00:00+00:00,73.95999908447266,74.33999633789062,73.93000030517578,74.08000183105469,38534100
2023-05-18 00:00:00+00:00,73.86000061035156,74.19000244140625,73.80999755859375,74.12000274658203,29129200
2023-05-19 00:00:00+00:00,74.19000244140625,74.36000061035156,74.06999969482422,74.19999694824219,36044900
2023-05-22 00:00:00+00:00,74.22000122070312,74.66999816894531,74.22000122070312,74.52999877929688,34897700
2023-05-23 00:00:00+00:00,74.38999938964844,74.4800033569336,74.06999969482422,74.13999938964844,32415500
2023-05-24 00:00:00+00:00,73.93000030517578,74.0199966430664,73.47000122070312,73.62000274658203,38083200
2023-05-25 00:00:00+00:00,73.88999938964844,73.91000366210938,73.55000305175781,73.56999969482422,21457900
2023-05-26 00:00:00+00:00,73.6500015258789,74.11000061035156,73.62000274658203,74.0199966430664,23547600
2023-05-30 00:00:00+00:00,74.3499984741211,74.3499984741211,74.08999633789062,74.33999633789062,27482600
2023-05-31 00:00:00+00:00,74.13999938964844,74.25,73.94999694824219,74.11000061035156,43393600
2023-06-01 00:00:00+00:00,73.80000305175781,74.30999755859375,73.77999877929688,74.19999694824219,42425700
2023-06-02 00:00:00+00:00,74.45999908447266,74.7699966430664,74.30000305175781,74.58000183105469,49950900
2023-06-05 00:00:00+00:00,74.5199966430664,74.55000305175781,74.33999633789062,74.5199966430664,24080200
2023-06-06 00:00:00+00:00,74.44999694824219,74.66000366210938,74.31999969482422,74.63999938964844,23006600
2023-06-07 00:00:00+00:00,74.69999694824219,74.79000091552734,74.13999938964844,74.2300033569336,32340900
2023-06-08 00:00:00+00:00,74.2300033569336,74.73999786376953,74.2300033569336,74.69999694824219,33987800
2023-06-09 00:00:00+00:00,74.76000213623047,74.86000061035156,74.69000244140625,74.72000122070312,27016700
2023-06-12 00:00:00+00:00,74.79000091552734,74.80000305175781,74.4800033569336,74.63999938964844,30629500
2023-06-13 00:00:00+00:00,74.83000183105469,74.94000244140625,74.62000274658203,74.7300033569336,39425900
2023-06-14 00:00:00+00:00,74.80000305175781,74.98999786376953,74.41000366210938,74.76000213623047,32864600
2023-06-15 00:00:00+00:00,74.86000061035156,75.1500015258789,74.81999969482422,75.12000274658203,42412300
2023-06-16 00:00:00+00:00,75.08999633789062,75.11000061035156,74.9000015258789,74.93000030517578,47560800
2023-06-20 00:00:00+00:00,74.80999755859375,74.93000030517578,74.7300033569336,74.7300033569336,31930500
2023-06-21 00:00:00+00:00,74.58000183105469,74.69999694824219,74.38999938964844,74.54000091552734,39751900
2023-06-22 00:00:00+00:00,74.37000274658203,74.4800033569336,74.30000305175781,74.31999969482422,31504700
2023-06-23 00:00:00+00:00,74.20999908447266,74.26000213623047,74.0,74.19000244140625,33811100
2023-06-26 00:00:00+00:00,74.19999694824219,74.33000183105469,74.08999633789062,74.2300033569336,36111900
2023-06-27 00:00:00+00:00,74.30999755859375,74.55000305175781,74.29000091552734,74.4800033569336,31707600
2023-06-28 00:00:00+00:00,74.47000122070312,74.91000366210938,74.41999816894531,74.91000366210938,35679600
2023-06-29 00:00:00+00:00,74.63999938964844,74.72000122070312,74.43000030517578,74.70999908447266,41712000
2023-06-30 00:00:00+00:00,74.95999908447266,75.23999786376953,74.88999938964844,75.06999969482422,35842000
2023-07-03 00:00:00+00:00,74.68000030517578,74.69000244140625,74.5199966430664,74.55000305175781,13046500
2023-07-05 00:00:00+00:00,74.5199966430664,74.54000091552734,74.19999694824219,74.31999969482422,37947100
2023-07-06 00:00:00+00:00,73.77999877929688,73.86000061035156,73.58000183105469,73.77999877929688,52251100
2023-07-07 00:00:00+00:00,73.76000213623047,74.33000183105469,73.7300033569336,73.8499984741211,42269100
2023-07-10 00:00:00+00:00,73.91999816894531,74.30000305175781,73.91000366210938,74.22000122070312,45752200
2023-07-11 00:00:00+00:00,74.41000366210938,74.62000274658203,74.29000091552734,74.62000274658203,32000700
2023-07-12 00:00:00+00:00,75.08999633789062,75.30999755859375,75.0199966430664,75.19999694824219,42820700
2023-07-13 00:00:00+00:00,75.5,75.7300033569336,75.41000366210938,75.6500015258789,33954200
2023-07-14 00:00:00+00:00,75.56999969482422,75.62999725341797,75.05000305175781,75.0999984741211,36081800
2023-07-17 00:00:00+00:00,75.05999755859375,75.36000061035156,75.0,75.23999786376953,28836600
2023-07-18 00:00:00+00:00,75.30000305175781,75.55000305175781,75.2699966430664,75.44999694824219,25990800
2023-07-19 00:00:00+00:00,75.58999633789062,75.6500015258789,75.45999908447266,75.51000213623047,26794800
2023-07-20 00:00:00+00:00,75.20999908447266,75.30000305175781,74.9800033569336,75.18000030517578,27028500
2023-07-21 00:00:00+00:00,75.19999694824219,75.48999786376953,75.19999694824219,75.37000274658203,37447800
2023-07-24 00:00:00+00:00,75.43000030517578,75.54000091552734,75.22000122070312,75.23999786376953,20925500
2023-07-25 00:00:00+00:00,75.16000366210938,75.2699966430664,75.05999755859375,75.19000244140625,30067600
2023-07-26 00:00:00+00:00,75.16000366210938,75.55999755859375,75.12000274658203,75.48999786376953,33068400
2023-07-27 00:00:00+00:00,75.62999725341797,75.69000244140625,74.7300033569336,74.88999938964844,48675800
2023-07-28 00:00:00+00:00,75.20999908447266,75.37999725341797,75.1500015258789,75.31999969482422,27588400
2023-07-31 00:00:00+00:00,75.41999816894531,75.5999984741211,75.37999725341797,75.5,30744800
2023-08-01 00:00:00+00:00,74.95999908447266,74.95999908447266,74.68000030517578,74.7699966430664,34529700
2023-08-02 00:00:00+00:00,74.44999694824219,74.5199966430664,74.26000213623047,74.44999694824219,37500500
2023-08-03 00:00:00+00:00,74.20999908447266,74.36000061035156,74.08999633789062,74.20999908447266,30348000
2023-08-04 00:00:00+00:00,74.6500015258789,74.94000244140625,74.56999969482422,74.6500015258789,37411900
2023-08-07 00:00:00+00:00,74.79000091552734,74.83000183105469,74.5999984741211,74.79000091552734,19412600
2023-08-08 00:00:00+00:00,74.73999786376953,75.0,74.66000366210938,74.94999694824219,32545600
2023-08-09 00:00:00+00:00,74.95999908447266,75.05000305175781,74.80000305175781,74.95999908447266,27569200
2023-08-10 00:00:00+00:00,75.01000213623047,75.3499984741211,74.73999786376953,74.94000244140625,43697200
2023-08-11 00:00:00+00:00,74.68000030517578,74.86000061035156,74.58000183105469,74.83000183105469,23329000
2023-08-14 00:00:00+00:00,74.69999694824219,74.93000030517578,74.56999969482422,74.81999969482422,28545100
2023-08-15 00:00:00+00:00,74.62000274658203,74.79000091552734,74.55000305175781,74.58000183105469,32968600
2023-08-16 00:00:00+00:00,74.55000305175781,74.75,74.3499984741211,74.3499984741211,31759400
2023-08-17 00:00:00+00:00,74.38999938964844,74.41999816894531,73.86000061035156,74.04000091552734,38546600
2023-08-18 00:00:00+00:00,73.88999938964844,74.31999969482422,73.86000061035156,74.08999633789062,44130500
2023-08-21 00:00:00+00:00,74.08000183105469,74.13999938964844,73.83999633789062,74.06999969482422,30768700
2023-08-22 00:00:00+00:00,74.2300033569336,74.26000213623047,74.05000305175781,74.11000061035156,18135400
2023-08-23 00:00:00+00:00,74.4000015258789,74.81999969482422,74.4000015258789,74.70999908447266,33378000
2023-08-24 00:00:00+00:00,74.72000122070312,74.72000122070312,74.22000122070312,74.30000305175781,34336100
2023-08-25 00:00:00+00:00,74.31999969482422,74.69999694824219,74.26000213623047,74.61000061035156,31149300
2023-08-28 00:00:00+00:00,74.9000015258789,74.93000030517578,74.69000244140625,74.88999938964844,21461600
2023-08-29 00:00:00+00:00,74.80999755859375,75.36000061035156,74.77999877929688,75.36000061035156,42178200
2023-08-30 00:00:00+00:00,75.36000061035156,75.4800033569336,75.26000213623047,75.33000183105469,29458200
2023-08-31 00:00:00+00:00,75.2699966430664,75.37999725341797,75.16000366210938,75.27999877929688,30824500
2023-09-01 00:00:00+00:00,75.19000244140625,75.23999786376953,74.8499984741211,75.06999969482422,33213100
2023-09-05 00:00:00+00:00,74.95999908447266,74.95999908447266,74.5199966430664,74.58000183105469,29500600
2023-09-06 00:00:00+00:00,74.51000213623047,74.55000305175781,74.25,74.4000015258789,30797500
2023-09-07 00:00:00+00:00,74.27999877929688,74.69000244140625,74.27999877929688,74.6500015258789,28757400
2023-09-08 00:00:00+00:00,74.80000305175781,74.87999725341797,74.55999755859375,74.62000274658203,26389100
2023-09-11 00:00:00+00:00,74.72000122070312,74.75,74.56999969482422,74.75,29159400
2023-09-12 00:00:00+00:00,74.55999755859375,74.76000213623047,74.55999755859375,74.62999725341797,21668500
2023-09-13 00:00:00+00:00,74.5999984741211,74.91000366210938,74.5999984741211,74.83000183105469,27498900
2023-09-14 00:00:00+00:00,74.91000366210938,75.0,74.83000183105469,74.91999816894531,29575900
2023-09-15 00:00:00+00:00,74.69999694824219,74.8499984741211,74.63999938964844,74.63999938964844,41636900
2023-09-18 00:00:00+00:00,74.55000305175781,74.7699966430664,74.55000305175781,74.69000244140625,19549700
2023-09-19 00:00:00+00:00,74.52999877929688,74.63999938964844,74.41000366210938,74.45999908447266,33937200
2023-09-20 00:00:00+00:00,74.62999725341797,74.76000213623047,74.38999938964844,74.4000015258789,26715100
2023-09-21 00:00:00+00:00,74.0999984741211,74.16000366210938,73.87000274658203,73.87000274658203,43327300
2023-09-22 00:00:00+00:00,74.0199966430664,74.2699966430664,73.98999786376953,74.0,36657300
2023-09-25 00:00:00+00:00,73.80999755859375,74.02999877929688,73.7300033569336,73.9000015258789,30197500
2023-09-26 00:00:00+00:00,73.83999633789062,73.88999938964844,73.52999877929688,73.58000183105469,39193000
2023-09-27 00:00:00+00:00,73.79000091552734,73.8499984741211,73.3499984741211,73.4800033569336,45532200
2023-09-28 00:00:00+00:00,73.3499984741211,73.86000061035156,73.30999755859375,73.83000183105469,45776600
2023-09-29 00:00:00+00:00,74.13999938964844,74.20999908447266,73.70999908447266,73.72000122070312,51698300
2023-10-02 00:00:00+00:00,73.0999984741211,73.23999786376953,72.80000305175781,72.88999938964844,69255900
2023-10-03 00:00:00+00:00,72.5999984741211,72.80000305175781,72.12000274658203,72.1500015258789,77754200
2023-10-04 00:00:00+00:00,72.31999969482422,72.62999725341797,72.12000274658203,72.5199966430664,138971500
2023-10-05 00:00:00+00:00,72.47000122070312,72.68000030517578,72.4000015258789,72.58999633789062,56138500
2023-10-06 00:00:00+00:00,72.30000305175781,72.81999969482422,72.0999984741211,72.69000244140625,52741500
2023-10-09 00:00:00+00:00,72.69999694824219,73.23999786376953,72.69999694824219,73.2300033569336,27277200
2023-10-10 00:00:00+00:00,73.04000091552734,73.44000244140625,72.94999694824219,73.20999908447266,50761600
2023-10-11 00:00:00+00:00,73.3499984741211,73.44000244140625,72.87999725341797,73.19999694824219,53330500
2023-10-12 00:00:00+00:00,73.16999816894531,73.16999816894531,72.58999633789062,72.80999755859375,60368000
2023-10-13 00:00:00+00:00,73.01000213623047,73.23999786376953,72.68000030517578,72.75,54191200
2023-10-16 00:00:00+00:00,72.72000122070312,72.91000366210938,72.66999816894531,72.7300033569336,39352900
2023-10-17 00:00:00+00:00,72.41999816894531,72.61000061035156,72.29000091552734,72.38999938964844,50948700
2023-10-18 00:00:00+00:00,72.30999755859375,72.45999908447266,71.98999786376953,72.04000091552734,58306500
2023-10-19 00:00:00+00:00,72.04000091552734,72.4000015258789,71.77999877929688,71.77999877929688,70971900
2023-10-20 00:00:00+00:00,71.86000061035156,72.08999633789062,71.81999969482422,71.93000030517578,64845500
2023-10-23 00:00:00+00:00,71.7699966430664,72.41999816894531,71.68000030517578,72.22000122070312,47508700
2023-10-24 00:00:00+00:00,72.41000366210938,72.62000274658203,72.33000183105469,72.58999633789062,46427900
2023-10-25 00:00:00+00:00,72.41000366210938,72.47000122070312,72.12000274658203,72.19999694824219,42518300
2023-10-26 00:00:00+00:00,72.20999908447266,72.58000183105469,72.0999984741211,72.44999694824219,45233400
2023-10-27 00:00:00+00:00,72.5199966430664,72.61000061035156,72.2300033569336,72.36000061035156,35621800
2023-10-30 00:00:00+00:00,72.3499984741211,72.5,72.2699966430664,72.37999725341797,29094000
2023-10-31 00:00:00+00:00,72.41000366210938,72.80000305175781,72.37999725341797,72.56999969482422,42185900
2023-11-01 00:00:00+00:00,72.27999877929688,72.87000274658203,72.27999877929688,72.87000274658203,59313100
2023-11-02 00:00:00+00:00,73.33000183105469,73.79000091552734,73.31999969482422,73.69000244140625,68930600
2023-11-03 00:00:00+00:00,74.1500015258789,74.45999908447266,74.0,74.41000366210938,88763600
2023-11-06 00:00:00+00:00,74.23999786376953,74.38999938964844,74.04000091552734,74.11000061035156,93899100
2023-11-07 00:00:00+00:00,74.05999755859375,74.20999908447266,73.9000015258789,74.12000274658203,50458200
2023-11-08 00:00:00+00:00,74.0999984741211,74.2300033569336,74.05999755859375,74.16000366210938,41143500
2023-11-09 00:00:00+00:00,74.05000305175781,74.19000244140625,73.68000030517578,73.69999694824219,62856100
2023-11-10 00:00:00+00:00,73.91000366210938,74.0999984741211,73.87000274658203,74.05999755859375,35563300
2023-11-13 00:00:00+00:00,73.79000091552734,74.05999755859375,73.79000091552734,73.98999786376953,37530100
2023-11-14 00:00:00+00:00,74.62000274658203,74.93000030517578,74.62000274658203,74.73999786376953,68210800
2023-11-15 00:00:00+00:00,74.61000061035156,74.70999908447266,74.43000030517578,74.5,44022800
2023-11-16 00:00:00+00:00,74.52999877929688,74.66999816894531,74.44999694824219,74.5999984741211,52928200
2023-11-17 00:00:00+00:00,74.61000061035156,74.7699966430664,74.4800033569336,74.7699966430664,44272100
2023-11-20 00:00:00+00:00,74.6500015258789,74.94999694824219,74.6500015258789,74.8499984741211,30846200
2023-11-21 00:00:00+00:00,74.80000305175781,74.97000122070312,74.80000305175781,74.94999694824219,29493900
2023-11-22 00:00:00+00:00,75.05000305175781,75.16000366210938,74.87999725341797,75.08000183105469,40866800
2023-11-24 00:00:00+00:00,75.0199966430664,75.02999877929688,74.94999694824219,75.0,8536200
2023-11-27 00:00:00+00:00,75.0,75.19999694824219,74.93000030517578,75.11000061035156,31007400
2023-11-28 00:00:00+00:00,75.0999984741211,75.47000122070312,75.05000305175781,75.44000244140625,44031100
2023-11-29 00:00:00+00:00,75.73999786376953,76.04000091552734,75.70999908447266,75.8499984741211,48815500
2023-11-30 00:00:00+00:00,75.81999969482422,75.86000061035156,75.4800033569336,75.70999908447266,55047100
2023-12-01 00:00:00+00:00,75.29000091552734,76.01000213623047,75.19999694824219,75.98999786376953,60321100
2023-12-04 00:00:00+00:00,75.55000305175781,75.8499984741211,75.55000305175781,75.80000305175781,33105700
2023-12-05 00:00:00+00:00,75.66999816894531,75.95999908447266,75.66999816894531,75.87000274658203,32466500
2023-12-06 00:00:00+00:00,75.95999908447266,76.02999877929688,75.83000183105469,75.87999725341797,21297200
2023-12-07 00:00:00+00:00,75.98999786376953,76.13999938964844,75.91999816894531,76.01000213623047,27779300
2023-12-08 00:00:00+00:00,75.80999755859375,75.91000366210938,75.66999816894531,75.86000061035156,30123200
2023-12-11 00:00:00+00:00,75.80000305175781,75.81999969482422,75.56999969482422,75.80999755859375,30141700
2023-12-12 00:00:00+00:00,75.7699966430664,76.01000213623047,75.5999984741211,75.9800033569336,29203400
2023-12-13 00:00:00+00:00,76.0999984741211,77.1500015258789,76.05999755859375,77.13999938964844,64201300
2023-12-14 00:00:00+00:00,77.12999725341797,77.37999725341797,76.94999694824219,77.0999984741211,67220400
2023-12-15 00:00:00+00:00,77.02999877929688,77.3499984741211,76.75,76.93000030517578,36336400
2023-12-18 00:00:00+00:00,77.08000183105469,77.08000183105469,76.7300033569336,76.9800033569336,34793600
2023-12-19 00:00:00+00:00,77.06999969482422,77.29000091552734,77.04000091552734,77.19999694824219,25269400
2023-12-20 00:00:00+00:00,77.29000091552734,77.54000091552734,77.16999816894531,77.20999908447266,38376400
2023-12-21 00:00:00+00:00,77.51000213623047,77.62999725341797,77.31999969482422,77.55999755859375,22861400
2023-12-22 00:00:00+00:00,77.69000244140625,77.75,77.41999816894531,77.47000122070312,18048400
2023-12-26 00:00:00+00:00,77.5,77.62999725341797,77.4800033569336,77.62000274658203,12374700
2023-12-27 00:00:00+00:00,77.66999816894531,78.08000183105469,77.61000061035156,77.94000244140625,22835300
2023-12-28 00:00:00+00:00,77.9000015258789,77.91000366210938,77.54000091552734,77.69000244140625,22648100
2023-12-29 00:00:00+00:00,77.66999816894531,77.86000061035156,77.38999938964844,77.38999938964844,36993900
2024-01-02 00:00:00+00:00,77.12999725341797,77.23999786376953,77.04000091552734,77.12999725341797,41547100
2024-01-03 00:00:00+00:00,76.72000122070312,77.08000183105469,76.55000305175781,76.91999816894531,39495500
2024-01-04 00:00:00+00:00,76.80999755859375,76.9000015258789,76.5999984741211,76.62000274658203,32856100
2024-01-05 00:00:00+00:00,76.5999984741211,77.0,76.55000305175781,76.68000030517578,31158500
2024-01-08 00:00:00+00:00,76.69999694824219,77.16999816894531,76.69999694824219,77.11000061035156,33479100
2024-01-09 00:00:00+00:00,77.01000213623047,77.31999969482422,76.95999908447266,77.2300033569336,25593500
2024-01-10 00:00:00+00:00,77.41000366210938,77.48999786376953,77.27999877929688,77.37000274658203,35702800
2024-01-11 00:00:00+00:00,77.3499984741211,77.62999725341797,77.16999816894531,77.62000274658203,35947100
2024-01-12 00:00:00+00:00,77.68000030517578,77.91999816894531,77.62999725341797,77.69999694824219,31155500
2024-01-16 00:00:00+00:00,77.55000305175781,77.55000305175781,77.12999725341797,77.20999908447266,43669900
2024-01-17 00:00:00+00:00,77.08000183105469,77.08000183105469,76.7300033569336,76.87999725341797,54160800
2024-01-18 00:00:00+00:00,76.98999786376953,77.05000305175781,76.8499984741211,77.04000091552734,34837600
2024-01-19 00:00:00+00:00,77.06999969482422,77.16999816894531,76.77999877929688,77.16999816894531,44359700
2024-01-22 00:00:00+00:00,77.18000030517578,77.43000030517578,77.18000030517578,77.2300033569336,36758900
2024-01-23 00:00:00+00:00,77.19000244140625,77.25,77.02999877929688,77.13999938964844,24561500
2024-01-24 00:00:00+00:00,77.4000015258789,77.43000030517578,77.02999877929688,77.0999984741211,27623300
2024-01-25 00:00:00+00:00,77.37000274658203,77.69000244140625,77.30000305175781,77.69000244140625,48268800
2024-01-26 00:00:00+00:00,77.6500015258789,77.7699966430664,77.58999633789062,77.62999725341797,26232800
2024-01-29 00:00:00+00:00,77.66000366210938,77.83000183105469,77.56999969482422,77.80000305175781,25924900
2024-01-30 00:00:00+00:00,77.80000305175781,77.83000183105469,77.52999877929688,77.69999694824219,32486600
2024-01-31 00:00:00+00:00,77.69999694824219,77.9000015258789,77.43000030517578,77.4800033569336,55548900
2024-02-01 00:00:00+00:00,77.33000183105469,77.61000061035156,77.11000061035156,77.54000091552734,48019300
2024-02-02 00:00:00+00:00,77.05000305175781,77.29000091552734,77.04000091552734,77.19000244140625,42727400
2024-02-05 00:00:00+00:00,76.94999694824219,77.01000213623047,76.66000366210938,76.83000183105469,51908600
2024-02-06 00:00:00+00:00,76.87000274658203,77.22000122070312,76.87000274658203,77.11000061035156,32948200
2024-02-07 00:00:00+00:00,77.2699966430664,77.30000305175781,77.0199966430664,77.23999786376953,42954100
2024-02-08 00:00:00+00:00,77.18000030517578,77.30000305175781,77.12000274658203,77.19999694824219,25548400
2024-02-09 00:00:00+00:00,77.25,77.41000366210938,77.13999938964844,77.36000061035156,33951400
2024-02-12 00:00:00+00:00,77.33000183105469,77.45999908447266,77.16999816894531,77.19000244140625,36249100
2024-02-13 00:00:00+00:00,76.66999816894531,76.80000305175781,76.44000244140625,76.56999969482422,69904200
2024-02-14 00:00:00+00:00,76.79000091552734,76.98999786376953,76.7300033569336,76.87000274658203,38603100
2024-02-15 00:00:00+00:00,77.0,77.2300033569336,76.94000244140625,77.13999938964844,44319900
2024-02-16 00:00:00+00:00,76.93000030517578,77.01000213623047,76.81999969482422,76.91000366210938,50322900
2024-02-20 00:00:00+00:00,76.88999938964844,77.12999725341797,76.81999969482422,77.06999969482422,31994100
2024-02-21 00:00:00+00:00,77.05999755859375,77.12000274658203,76.81999969482422,76.93000030517578,38674100
2024-02-22 00:00:00+00:00,77.1500015258789,77.30999755859375,77.0999984741211,77.30000305175781,45450200
2024-02-23 00:00:00+00:00,77.37000274658203,77.45999908447266,77.29000091552734,77.3499984741211,24686900
2024-02-26 00:00:00+00:00,77.31999969482422,77.3499984741211,77.08000183105469,77.0999984741211,32795300
2024-02-27 00:00:00+00:00,77.1500015258789,77.19999694824219,77.05000305175781,77.19999694824219,30926600
2024-02-28 00:00:00+00:00,77.1500015258789,77.27999877929688,77.0999984741211,77.19000244140625,24667600
2024-02-29 00:00:00+00:00,77.30000305175781,77.47000122070312,77.23999786376953,77.33000183105469,43322400
2024-03-01 00:00:00+00:00,76.93000030517578,77.20999908447266,76.77999877929688,77.18000030517578,39342900
2024-03-04 00:00:00+00:00,77.12000274658203,77.2300033569336,77.02999877929688,77.16000366210938,21607300
2024-03-05 00:00:00+00:00,77.16000366210938,77.3499984741211,77.05999755859375,77.0999984741211,38076900
2024-03-06 00:00:00+00:00,77.30000305175781,77.41000366210938,77.18000030517578,77.29000091552734,34335200
2024-03-07 00:00:00+00:00,77.48999786376953,77.51000213623047,77.31999969482422,77.37999725341797,30393000
2024-03-08 00:00:00+00:00,77.48999786376953,77.7300033569336,77.38999938964844,77.4000015258789,38317900
2024-03-11 00:00:00+00:00,77.33999633789062,77.43000030517578,77.30000305175781,77.38999938964844,27177600
2024-03-12 00:00:00+00:00,77.51000213623047,77.51000213623047,77.26000213623047,77.45999908447266,33351700
2024-03-13 00:00:00+00:00,77.4000015258789,77.68000030517578,77.4000015258789,77.48999786376953,28482200
2024-03-14 00:00:00+00:00,77.47000122070312,77.51000213623047,77.02999877929688,77.12000274658203,46677200
2024-03-15 00:00:00+00:00,77.08000183105469,77.23999786376953,76.95999908447266,77.06999969482422,53985300
2024-03-18 00:00:00+00:00,77.2699966430664,77.31999969482422,77.18000030517578,77.25,34649300
2024-03-19 00:00:00+00:00,77.2300033569336,77.58000183105469,77.22000122070312,77.55999755859375,41841500
2024-03-20 00:00:00+00:00,77.54000091552734,77.8499984741211,77.47000122070312,77.81999969482422,36886700
2024-03-21 00:00:00+00:00,77.94999694824219,77.95999908447266,77.68000030517578,77.77999877929688,34693300
2024-03-22 00:00:00+00:00,77.80999755859375,77.88999938964844,77.66000366210938,77.69999694824219,26955700
2024-03-25 00:00:00+00:00,77.55999755859375,77.66999816894531,77.54000091552734,77.58000183105469,29373100
2024-03-26 00:00:00+00:00,77.66999816894531,77.68000030517578,77.47000122070312,77.48999786376953,28522200
2024-03-27 00:00:00+00:00,77.68000030517578,77.9000015258789,77.5999984741211,77.9000015258789,28891100
2024-03-28 00:00:00+00:00,77.80000305175781,77.91999816894531,77.72000122070312,77.7300033569336,31546700
2024-04-01 00:00:00+00:00,77.3499984741211,77.3499984741211,76.98999786376953,77.0199966430664,47857400
2024-04-02 00:00:00+00:00,76.76000213623047,76.91000366210938,76.72000122070312,76.88999938964844,45551200
2024-04-03 00:00:00+00:00,76.77999877929688,76.98999786376953,76.70999908447266,76.94999694824219,29542300
2024-04-04 00:00:00+00:00,77.11000061035156,77.22000122070312,76.77999877929688,76.88999938964844,36056400
2024-04-05 00:00:00+00:00,76.83000183105469,76.93000030517578,76.79000091552734,76.81999969482422,30857300
2024-04-08 00:00:00+00:00,76.83000183105469,77.04000091552734,76.77999877929688,77.0,31067800
2024-04-09 00:00:00+00:00,77.12000274658203,77.2300033569336,77.0199966430664,77.16000366210938,32219100
2024-04-10 00:00:00+00:00,76.6500015258789,76.76000213623047,76.30000305175781,76.4800033569336,76623900
2024-04-11 00:00:00+00:00,76.51000213623047,76.55999755859375,76.20999908447266,76.41000366210938,50836000
2024-04-12 00:00:00+00:00,76.37999725341797,76.41999816894531,76.25,76.37000274658203,41441700
2024-04-15 00:00:00+00:00,76.44999694824219,76.44999694824219,75.83999633789062,75.93000030517578,55560400
2024-04-16 00:00:00+00:00,75.91000366210938,75.91000366210938,75.58999633789062,75.68000030517578,55746100
2024-04-17 00:00:00+00:00,75.88999938964844,76.04000091552734,75.70999908447266,75.77999877929688,48158800
2024-04-18 00:00:00+00:00,75.77999877929688,75.88999938964844,75.63999938964844,75.83999633789062,40291400
2024-04-19 00:00:00+00:00,75.91000366210938,76.08000183105469,75.9000015258789,75.9800033569336,54739500
2024-04-22 00:00:00+00:00,76.13999938964844,76.43000030517578,76.11000061035156,76.4000015258789,40772500
2024-04-23 00:00:00+00:00,76.47000122070312,76.76000213623047,76.37999725341797,76.70999908447266,43554400
2024-04-24 00:00:00+00:00,76.66999816894531,76.69999694824219,76.37000274658203,76.54000091552734,40496500
2024-04-25 00:00:00+00:00,76.08000183105469,76.4000015258789,75.91000366210938,76.37999725341797,46371600
2024-04-26 00:00:00+00:00,76.37000274658203,76.66000366210938,76.37000274658203,76.62000274658203,34500800
2024-04-29 00:00:00+00:00,76.72000122070312,76.8499984741211,76.66999816894531,76.8499984741211,33157800
2024-04-30 00:00:00+00:00,76.5999984741211,76.76000213623047,76.29000091552734,76.29000091552734,49937500
2024-05-01 00:00:00+00:00,75.94999694824219,76.62999725341797,75.93000030517578,76.29000091552734,71484700
2024-05-02 00:00:00+00:00,76.4800033569336,76.77999877929688,76.33000183105469,76.76000213623047,41497900
2024-05-03 00:00:00+00:00,77.1500015258789,77.38999938964844,76.94000244140625,77.08000183105469,44204400
2024-05-06 00:00:00+00:00,77.16999816894531,77.2300033569336,77.12000274658203,77.16999816894531,29547100
2024-05-07 00:00:00+00:00,77.26000213623047,77.27999877929688,77.02999877929688,77.18000030517578,34064000
2024-05-08 00:00:00+00:00,76.98999786376953,77.05999755859375,76.94999694824219,77.0,22959500
2024-05-09 00:00:00+00:00,76.95999908447266,77.05999755859375,76.86000061035156,77.0199966430664,24590900
2024-05-10 00:00:00+00:00,77.01000213623047,77.02999877929688,76.80999755859375,76.9000015258789,24633800
2024-05-13 00:00:00+00:00,77.05999755859375,77.05999755859375,76.8499984741211,76.87999725341797,22109800
2024-05-14 00:00:00+00:00,76.91999816894531,77.02999877929688,76.9000015258789,77.0,27298700
2024-05-15 00:00:00+00:00,77.25,77.45999908447266,77.19000244140625,77.44999694824219,56544400
2024-05-16 00:00:00+00:00,77.45999908447266,77.45999908447266,77.26000213623047,77.2699966430664,31749800
2024-05-17 00:00:00+00:00,77.22000122070312,77.30999755859375,77.16000366210938,77.27999877929688,31550300
2024-05-20 00:00:00+00:00,77.2300033569336,77.31999969482422,77.19999694824219,77.31999969482422,18665000
2024-05-21 00:00:00+00:00,77.2699966430664,77.4000015258789,77.25,77.26000213623047,20295900
2024-05-22 00:00:00+00:00,77.1500015258789,77.19000244140625,77.0199966430664,77.08999633789062,31110700
2024-05-23 00:00:00+00:00,77.16999816894531,77.22000122070312,76.79000091552734,76.81999969482422,36464700
2024-05-24 00:00:00+00:00,76.94000244140625,77.11000061035156,76.83999633789062,77.08999633789062,20488500
2024-05-28 00:00:00+00:00,77.16999816894531,77.19000244140625,76.76000213623047,76.77999877929688,27771700
2024-05-29 00:00:00+00:00,76.54000091552734,76.6500015258789,76.5199966430664,76.55000305175781,38800000
2024-05-30 00:00:00+00:00,76.62999725341797,76.87999725341797,76.62999725341797,76.86000061035156,44210200
2024-05-31 00:00:00+00:00,76.91999816894531,77.1500015258789,76.91999816894531,77.12999725341797,45381900
2024-06-03 00:00:00+00:00,76.87000274658203,77.01000213623047,76.83999633789062,77.01000213623047,36791300
2024-06-04 00:00:00+00:00,76.91999816894531,77.0999984741211,76.91000366210938,76.97000122070312,39230600
2024-06-05 00:00:00+00:00,77.12000274658203,77.22000122070312,76.95999908447266,77.22000122070312,29793700
2024-06-06 00:00:00+00:00,77.18000030517578,77.18000030517578,77.04000091552734,77.08999633789062,24398300
2024-06-07 00:00:00+00:00,76.79000091552734,76.94000244140625,76.75,76.88999938964844,32498800
2024-06-10 00:00:00+00:00,76.80999755859375,76.97000122070312,76.76000213623047,76.95999908447266,24875700
2024-06-11 00:00:00+00:00,76.91999816894531,77.06999969482422,76.8499984741211,77.05999755859375,25339600
2024-06-12 00:00:00+00:00,77.58999633789062,77.63999938964844,77.3499984741211,77.37000274658203,51775700
2024-06-13 00:00:00+00:00,77.55000305175781,77.55000305175781,77.26000213623047,77.36000061035156,38532000
2024-06-14 00:00:00+00:00,77.11000061035156,77.18000030517578,76.94999694824219,77.05999755859375,52953300
2024-06-17 00:00:00+00:00,76.94000244140625,77.19000244140625,76.83999633789062,77.11000061035156,33165000
2024-06-18 00:00:00+00:00,77.19999694824219,77.41000366210938,77.18000030517578,77.3499984741211,46845500
2024-06-20 00:00:00+00:00,77.31999969482422,77.33999633789062,77.13999938964844,77.30000305175781,26989000
2024-06-21 00:00:00+00:00,77.29000091552734,77.41000366210938,77.20999908447266,77.38999938964844,26857600
2024-06-24 00:00:00+00:00,77.36000061035156,77.51000213623047,77.30999755859375,77.30999755859375,28766200
2024-06-25 00:00:00+00:00,77.36000061035156,77.41999816894531,77.27999877929688,77.41000366210938,26111600
2024-06-26 00:00:00+00:00,77.26000213623047,77.2699966430664,77.16999816894531,77.23999786376953,29282000
2024-06-27 00:00:00+00:00,77.19999694824219,77.33000183105469,77.18000030517578,77.33000183105469,29404500
2024-06-28 00:00:00+00:00,77.37999725341797,77.5199966430664,77.13999938964844,77.13999938964844,34952000
2024-07-01 00:00:00+00:00,76.87000274658203,76.91999816894531,76.69000244140625,76.72000122070312,31113100
2024-07-02 00:00:00+00:00,76.7300033569336,76.94999694824219,76.69000244140625,76.93000030517578,30418400
2024-07-03 00:00:00+00:00,76.91999816894531,77.19999694824219,76.91999816894531,77.19999694824219,22067300
2024-07-05 00:00:00+00:00,77.27999877929688,77.44999694824219,77.23999786376953,77.43000030517578,25941500
2024-07-08 00:00:00+00:00,77.41000366210938,77.4800033569336,77.30999755859375,77.41000366210938,26962000
2024-07-09 00:00:00+00:00,77.41000366210938,77.41000366210938,77.2300033569336,77.31999969482422,19108500
2024-07-10 00:00:00+00:00,77.41000366210938,77.5199966430664,77.37000274658203,77.5,25361900
2024-07-11 00:00:00+00:00,77.76000213623047,77.83999633789062,77.70999908447266,77.77999877929688,44932500
2024-07-12 00:00:00+00:00,77.79000091552734,78.0199966430664,77.79000091552734,77.9800033569336,31688100
2024-07-15 00:00:00+00:00,78.04000091552734,78.06999969482422,77.9000015258789,77.98999786376953,23235600
2024-07-16 00:00:00+00:00,78.06999969482422,78.33000183105469,78.0,78.29000091552734,41375400
2024-07-17 00:00:00+00:00,78.05999755859375,78.25,78.02999877929688,78.19999694824219,32750400
2024-07-18 00:00:00+00:00,78.23999786376953,78.2699966430664,77.97000122070312,78.04000091552734,42513000
2024-07-19 00:00:00+00:00,78.12000274658203,78.12999725341797,77.87999725341797,77.9800033569336,36125700
2024-07-22 00:00:00+00:00,78.16999816894531,78.27999877929688,78.11000061035156,78.2699966430664,32378800
2024-07-23 00:00:00+00:00,78.26000213623047,78.41999816894531,78.2300033569336,78.27999877929688,28826900
2024-07-24 00:00:00+00:00,78.19999694824219,78.30999755859375,78.01000213623047,78.02999877929688,37612800
2024-07-25 00:00:00+00:00,78.08000183105469,78.33000183105469,78.04000091552734,78.04000091552734,35409000
2024-07-26 00:00:00+00:00,78.37000274658203,78.37000274658203,78.20999908447266,78.29000091552734,23683700
2024-07-29 00:00:00+00:00,78.4000015258789,78.44000244140625,78.13999938964844,78.22000122070312,28468400
2024-07-30 00:00:00+00:00,78.33000183105469,78.3499984741211,78.12000274658203,78.26000213623047,33652100
2024-07-31 00:00:00+00:00,78.47000122070312,78.5999984741211,78.36000061035156,78.54000091552734,50714800
2024-08-01 00:00:00+00:00,78.19000244140625,78.30000305175781,77.94000244140625,77.95999908447266,51319800
2024-08-02 00:00:00+00:00,77.80999755859375,77.97000122070312,77.61000061035156,77.69999694824219,71578700
2024-08-05 00:00:00+00:00,76.63999938964844,77.37999725341797,76.58000183105469,77.22000122070312,104456100
2024-08-06 00:00:00+00:00,77.4800033569336,77.80999755859375,77.16999816894531,77.51000213623047,60113400
2024-08-07 00:00:00+00:00,77.9800033569336,78.01000213623047,77.61000061035156,77.66000366210938,56107800
2024-08-08 00:00:00+00:00,77.9000015258789,78.0199966430664,77.79000091552734,77.9800033569336,31528100
2024-08-09 00:00:00+00:00,78.0199966430664,78.08999633789062,77.83000183105469,77.97000122070312,29759900
2024-08-12 00:00:00+00:00,78.04000091552734,78.04000091552734,77.87000274658203,78.0199966430664,33878400
2024-08-13 00:00:00+00:00,78.11000061035156,78.38999938964844,78.08999633789062,78.37999725341797,37310200
2024-08-14 00:00:00+00:00,78.36000061035156,78.55000305175781,78.30000305175781,78.5199966430664,36086900
2024-08-15 00:00:00+00:00,78.55999755859375,78.62000274658203,78.44999694824219,78.58999633789062,39411300
2024-08-16 00:00:00+00:00,78.55000305175781,78.87999725341797,78.54000091552734,78.83999633789062,33682600
2024-08-19 00:00:00+00:00,78.80999755859375,79.0,78.75,78.97000122070312,29604300
2024-08-20 00:00:00+00:00,79.01000213623047,79.02999877929688,78.7699966430664,78.9000015258789,33189300
2024-08-21 00:00:00+00:00,78.9800033569336,79.11000061035156,78.91000366210938,79.08000183105469,34266700
2024-08-22 00:00:00+00:00,79.08000183105469,79.08999633789062,78.88999938964844,78.9800033569336,29292100
2024-08-23 00:00:00+00:00,79.18000030517578,79.4000015258789,79.08000183105469,79.4000015258789,32590900
2024-08-26 00:00:00+00:00,79.38999938964844,79.43000030517578,79.2300033569336,79.23999786376953,20460100
2024-08-27 00:00:00+00:00,79.1500015258789,79.37000274658203,79.11000061035156,79.29000091552734,22784300
2024-08-28 00:00:00+00:00,79.30999755859375,79.31999969482422,79.18000030517578,79.25,22351600
2024-08-29 00:00:00+00:00,79.33000183105469,79.36000061035156,79.2300033569336,79.33000183105469,18353000
2024-08-30 00:00:00+00:00,79.41999816894531,79.41999816894531,79.23999786376953,79.33999633789062,27633300
2024-09-03 00:00:00+00:00,78.87999725341797,78.95999908447266,78.6500015258789,78.68000030517578,31596800
2024-09-04 00:00:00+00:00,78.66000366210938,79.05000305175781,78.66000366210938,78.97000122070312,32371800
2024-09-05 00:00:00+00:00,79.11000061035156,79.27999877929688,79.05000305175781,79.23999786376953,44675300
2024-09-06 00:00:00+00:00,79.2699966430664,79.37999725341797,78.98999786376953,79.13999938964844,49888900
2024-09-09 00:00:00+00:00,79.2699966430664,79.37999725341797,79.16000366210938,79.33000183105469,24823800
2024-09-10 00:00:00+00:00,79.33999633789062,79.37000274658203,79.0999984741211,79.18000030517578,38347600
2024-09-11 00:00:00+00:00,79.08999633789062,79.30999755859375,78.97000122070312,79.30000305175781,42342700
2024-09-12 00:00:00+00:00,79.25,79.48999786376953,79.20999908447266,79.41000366210938,28515000
2024-09-13 00:00:00+00:00,79.5199966430664,79.68000030517578,79.5,79.62999725341797,31806800
2024-09-16 00:00:00+00:00,79.66000366210938,79.9000015258789,79.63999938964844,79.83000183105469,31402400
2024-09-17 00:00:00+00:00,79.9000015258789,79.94000244140625,79.80000305175781,79.8499984741211,27423900
2024-09-18 00:00:00+00:00,79.87999725341797,80.27999877929688,79.79000091552734,79.91999816894531,39546900
2024-09-19 00:00:00+00:00,80.29000091552734,80.33000183105469,80.08999633789062,80.16000366210938,48785900
2024-09-20 00:00:00+00:00,80.16000366210938,80.26000213623047,80.0,80.26000213623047,43626300
2024-09-23 00:00:00+00:00,80.19000244140625,80.20999908447266,80.08000183105469,80.11000061035156,29049400
2024-09-24 00:00:00+00:00,80.12000274658203,80.18000030517578,80.0,80.12000274658203,28674500
2024-09-25 00:00:00+00:00,80.08000183105469,80.11000061035156,80.0199966430664,80.02999877929688,28899100
2024-09-26 00:00:00+00:00,80.19000244140625,80.19000244140625,80.0199966430664,80.16000366210938,32732300
2024-09-27 00:00:00+00:00,80.22000122070312,80.37000274658203,80.19999694824219,80.36000061035156,36712700
2024-09-30 00:00:00+00:00,80.33000183105469,80.37000274658203,80.19000244140625,80.30000305175781,31551500
2024-10-01 00:00:00+00:00,79.98999786376953,80.0,79.80000305175781,79.87000274658203,45992200
2024-10-02 00:00:00+00:00,79.77999877929688,79.87999725341797,79.69000244140625,79.87999725341797,41214300
2024-10-03 00:00:00+00:00,79.77999877929688,79.80999755859375,79.62999725341797,79.69000244140625,31147700
2024-10-04 00:00:00+00:00,79.68000030517578,79.70999908447266,79.54000091552734,79.5999984741211,40122800
2024-10-07 00:00:00+00:00,79.54000091552734,79.54000091552734,79.25,79.26000213623047,69202500
2024-10-08 00:00:00+00:00,79.37000274658203,79.45999908447266,79.30000305175781,79.44999694824219,40947200
2024-10-09 00:00:00+00:00,79.44000244140625,79.4800033569336,79.33999633789062,79.4000015258789,42426500
2024-10-10 00:00:00+00:00,79.4000015258789,79.41000366210938,79.25,79.36000061035156,30091700
2024-10-11 00:00:00+00:00,79.33999633789062,79.58999633789062,79.33999633789062,79.56999969482422,26970800
2024-10-14 00:00:00+00:00,79.62000274658203,79.62999725341797,79.4000015258789,79.61000061035156,12065800
2024-10-15 00:00:00+00:00,79.5999984741211,79.72000122070312,79.58000183105469,79.58999633789062,31134400
2024-10-16 00:00:00+00:00,79.69999694824219,79.80999755859375,79.66000366210938,79.7300033569336,31626300
2024-10-17 00:00:00+00:00,79.7699966430664,79.80000305175781,79.4800033569336,79.61000061035156,46599300
2024-10-18 00:00:00+00:00,79.69999694824219,79.80000305175781,79.6500015258789,79.80000305175781,28905600
2024-10-21 00:00:00+00:00,79.66000366210938,79.70999908447266,79.4000015258789,79.4800033569336,36341500
2024-10-22 00:00:00+00:00,79.43000030517578,79.45999908447266,79.27999877929688,79.37000274658203,35466600
2024-10-23 00:00:00+00:00,79.26000213623047,79.30000305175781,79.06999969482422,79.12999725341797,39761500
2024-10-24 00:00:00+00:00,79.30000305175781,79.41999816894531,79.22000122070312,79.36000061035156,30163900
2024-10-25 00:00:00+00:00,79.45999908447266,79.55000305175781,79.25,79.27999877929688,35590200
2024-10-28 00:00:00+00:00,79.41999816894531,79.5199966430664,79.37999725341797,79.4800033569336,31854500
2024-10-29 00:00:00+00:00,79.25,79.5199966430664,79.2300033569336,79.5,42992200
2024-10-30 00:00:00+00:00,79.48999786376953,79.6500015258789,79.33000183105469,79.36000061035156,28728700
2024-10-31 00:00:00+00:00,79.37999725341797,79.37999725341797,79.13999938964844,79.13999938964844,43194600
2024-11-01 00:00:00+00:00,79.02999877929688,79.08000183105469,78.7300033569336,78.75,44045700
2024-11-04 00:00:00+00:00,79.05000305175781,79.0999984741211,78.88999938964844,78.97000122070312,27291200
2024-11-05 00:00:00+00:00,78.94000244140625,79.19999694824219,78.94000244140625,79.19000244140625,31611900
2024-11-06 00:00:00+00:00,79.22000122070312,79.36000061035156,79.08000183105469,79.33000183105469,43173100
2024-11-07 00:00:00+00:00,79.30000305175781,79.69999694824219,79.25,79.66999816894531,51325800
2024-11-08 00:00:00+00:00,79.77999877929688,79.83000183105469,79.66999816894531,79.80000305175781,30543400
2024-11-11 00:00:00+00:00,79.79000091552734,79.81999969482422,79.70999908447266,79.70999908447266,11008700
2024-11-12 00:00:00+00:00,79.61000061035156,79.69999694824219,79.33000183105469,79.38999938964844,44594900
2024-11-13 00:00:00+00:00,79.58999633789062,79.5999984741211,79.37999725341797,79.41000366210938,33873600
2024-11-14 00:00:00+00:00,79.45999908447266,79.52999877929688,79.23999786376953,79.23999786376953,32749300
2024-11-15 00:00:00+00:00,79.19000244140625,79.27999877929688,79.05000305175781,79.2300033569336,33709500
2024-11-18 00:00:00+00:00,79.2699966430664,79.38999938964844,79.19000244140625,79.37999725341797,27780900
2024-11-19 00:00:00+00:00,79.31999969482422,79.56999969482422,79.30000305175781,79.5,34523200
2024-11-20 00:00:00+00:00,79.48999786376953,79.5,79.38999938964844,79.4800033569336,19934000
2024-11-21 00:00:00+00:00,79.54000091552734,79.63999938964844,79.47000122070312,79.51000213623047,28040000
2024-11-22 00:00:00+00:00,79.5,79.58999633789062,79.44999694824219,79.48999786376953,29564900
2024-11-25 00:00:00+00:00,79.72000122070312,79.8499984741211,79.72000122070312,79.79000091552734,35003000
2024-11-26 00:00:00+00:00,79.80000305175781,79.80000305175781,79.58000183105469,79.63999938964844,41103500
2024-11-27 00:00:00+00:00,79.70999908447266,79.87999725341797,79.69000244140625,79.87999725341797,30239600
2024-11-29 00:00:00+00:00,80.01000213623047,80.06999969482422,79.88999938964844,80.04000091552734,25037800
2024-12-02 00:00:00+00:00,79.93000030517578,79.93000030517578,79.52999877929688,79.6500015258789,32387400
2024-12-03 00:00:00+00:00,79.72000122070312,79.73999786376953,79.61000061035156,79.6500015258789,24868500
2024-12-04 00:00:00+00:00,79.70999908447266,79.83999633789062,79.63999938964844,79.83999633789062,22733500
2024-12-05 00:00:00+00:00,79.79000091552734,79.81999969482422,79.70999908447266,79.7699966430664,23106300
2024-12-06 00:00:00+00:00,79.88999938964844,80.0,79.8499984741211,79.9000015258789,29931300
2024-12-09 00:00:00+00:00,79.9000015258789,79.94000244140625,79.77999877929688,79.80000305175781,22095100
2024-12-10 00:00:00+00:00,79.94000244140625,79.94000244140625,79.73999786376953,79.83999633789062,27195200
2024-12-11 00:00:00+00:00,79.94000244140625,79.94999694824219,79.83000183105469,79.86000061035156,24730000
2024-12-12 00:00:00+00:00,79.80999755859375,79.98999786376953,79.62999725341797,79.63999938964844,29081600
2024-12-13 00:00:00+00:00,79.70999908447266,79.70999908447266,79.37999725341797,79.41000366210938,34201100
2024-12-16 00:00:00+00:00,79.55000305175781,79.62000274658203,79.4800033569336,79.55999755859375,22269000
2024-12-17 00:00:00+00:00,79.41000366210938,79.5,79.38999938964844,79.38999938964844,29039500
2024-12-18 00:00:00+00:00,79.13999938964844,79.13999938964844,78.1500015258789,78.16999816894531,80034500
2024-12-19 00:00:00+00:00,78.44999694824219,78.51000213623047,78.08999633789062,78.08999633789062,69005700
2024-12-20 00:00:00+00:00,78.0,78.66999816894531,78.0,78.58000183105469,63276200
2024-12-23 00:00:00+00:00,78.6500015258789,78.69000244140625,78.37000274658203,78.37000274658203,29239400
2024-12-24 00:00:00+00:00,78.4000015258789,78.63999938964844,78.3499984741211,78.62000274658203,11926100
2024-12-26 00:00:00+00:00,78.51000213623047,78.81999969482422,78.47000122070312,78.81999969482422,18384900
2024-12-27 00:00:00+00:00,78.73999786376953,78.76000213623047,78.52999877929688,78.55000305175781,20631800
2024-12-30 00:00:00+00:00,78.58000183105469,78.73999786376953,78.5,78.66000366210938,20659200
2024-12-31 00:00:00+00:00,78.77999877929688,78.83999633789062,78.55000305175781,78.6500015258789,18664900
2025-01-02 00:00:00+00:00,78.87999725341797,78.94999694824219,78.72000122070312,78.83999633789062,30415400
2025-01-03 00:00:00+00:00,78.98999786376953,79.02999877929688,78.93000030517578,78.95999908447266,32611000
2025-01-06 00:00:00+00:00,79.1500015258789,79.19000244140625,79.0199966430664,79.0999984741211,32110000
2025-01-07 00:00:00+00:00,79.13999938964844,79.22000122070312,78.81999969482422,78.83999633789062,43790200
2025-01-08 00:00:00+00:00,78.8499984741211,78.98999786376953,78.76000213623047,78.94000244140625,35304900
2025-01-10 00:00:00+00:00,78.80000305175781,78.80000305175781,78.5,78.52999877929688,37417300
2025-01-13 00:00:00+00:00,78.48999786376953,78.55999755859375,78.37000274658203,78.51000213623047,39180700
2025-01-14 00:00:00+00:00,78.69000244140625,78.7300033569336,78.55000305175781,78.61000061035156,29581100
2025-01-15 00:00:00+00:00,79.16000366210938,79.30999755859375,79.05999755859375,79.30000305175781,53574900
2025-01-16 00:00:00+00:00,79.20999908447266,79.41000366210938,79.12000274658203,79.38999938964844,32363000
2025-01-17 00:00:00+00:00,79.48999786376953,79.5199966430664,79.38999938964844,79.45999908447266,29546400
2025-01-21 00:00:00+00:00,79.61000061035156,79.69999694824219,79.5999984741211,79.66999816894531,32962700
2025-01-22 00:00:00+00:00,79.69999694824219,79.72000122070312,79.5199966430664,79.55999755859375,25028500
2025-01-23 00:00:00+00:00,79.5199966430664,79.66999816894531,79.44000244140625,79.66000366210938,27434800
2025-01-24 00:00:00+00:00,79.69999694824219,79.83000183105469,79.66000366210938,79.75,23648600
2025-01-27 00:00:00+00:00,79.66999816894531,79.86000061035156,79.61000061035156,79.80999755859375,28540600
2025-01-28 00:00:00+00:00,79.7699966430664,79.80999755859375,79.66999816894531,79.77999877929688,30439900
2025-01-29 00:00:00+00:00,79.76000213623047,79.83000183105469,79.62000274658203,79.7300033569336,20072100
2025-01-30 00:00:00+00:00,79.94000244140625,79.94000244140625,79.79000091552734,79.87999725341797,34495300
2025-01-31 00:00:00+00:00,79.9000015258789,79.97000122070312,79.66999816894531,79.72000122070312,37101100
2025-02-03 00:00:00+00:00,79.16999816894531,79.37000274658203,79.04000091552734,79.26000213623047,29965100
2025-02-04 00:00:00+00:00,79.30000305175781,79.51000213623047,79.2300033569336,79.51000213623047,28938600
2025-02-05 00:00:00+00:00,79.54000091552734,79.7699966430664,79.54000091552734,79.72000122070312,31834000
2025-02-06 00:00:00+00:00,79.72000122070312,79.79000091552734,79.58000183105469,79.5999984741211,24224100
2025-02-07 00:00:00+00:00,79.55999755859375,79.58000183105469,79.33999633789062,79.3499984741211,28778200
2025-02-10 00:00:00+00:00,79.54000091552734,79.58999633789062,79.47000122070312,79.51000213623047,23382600
2025-02-11 00:00:00+00:00,79.52999877929688,79.52999877929688,79.4000015258789,79.4800033569336,24410000
2025-02-12 00:00:00+00:00,79.20999908447266,79.43000030517578,79.1500015258789,79.30999755859375,34362700
2025-02-13 00:00:00+00:00,79.43000030517578,79.69999694824219,79.37999725341797,79.66999816894531,36149900
2025-02-14 00:00:00+00:00,79.79000091552734,79.88999938964844,79.72000122070312,79.76000213623047,26668300
2025-02-18 00:00:00+00:00,79.75,79.80999755859375,79.63999938964844,79.69000244140625,23274200
2025-02-19 00:00:00+00:00,79.63999938964844,79.76000213623047,79.55999755859375,79.75,38958600
2025-02-20 00:00:00+00:00,79.73999786376953,79.81999969482422,79.68000030517578,79.80000305175781,25789000
2025-02-21 00:00:00+00:00,79.7699966430664,79.86000061035156,79.6500015258789,79.6500015258789,32016500
2025-02-24 00:00:00+00:00,79.66999816894531,79.83999633789062,79.63999938964844,79.75,21029200
2025-02-25 00:00:00+00:00,79.94999694824219,79.9800033569336,79.83999633789062,79.94999694824219,30604400
2025-02-26 00:00:00+00:00,80.0,80.08000183105469,79.97000122070312,80.05999755859375,21777500
2025-02-27 00:00:00+00:00,80.05000305175781,80.08000183105469,79.87000274658203,79.91000366210938,40521800
2025-02-28 00:00:00+00:00,79.98999786376953,80.12999725341797,79.93000030517578,80.12999725341797,44321200
2025-03-03 00:00:00+00:00,79.69000244140625,79.75,79.51000213623047,79.58999633789062,40729100
2025-03-04 00:00:00+00:00,79.51000213623047,79.63999938964844,79.30999755859375,79.58000183105469,66274600
2025-03-05 00:00:00+00:00,79.44999694824219,79.68000030517578,79.44000244140625,79.62000274658203,32302200
2025-03-06 00:00:00+00:00,79.43000030517578,79.5,79.27999877929688,79.31999969482422,50431500
2025-03-07 00:00:00+00:00,79.3499984741211,79.51000213623047,79.33000183105469,79.44999694824219,52828900
2025-03-10 00:00:00+00:00,79.30000305175781,79.37999725341797,79.13999938964844,79.1500015258789,57602100
2025-03-11 00:00:00+00:00,79.20999908447266,79.26000213623047,78.80000305175781,78.87000274658203,75826700
2025-03-12 00:00:00+00:00,79.05999755859375,79.11000061035156,78.87999725341797,78.95999908447266,53763000
2025-03-13 00:00:00+00:00,78.86000061035156,78.87000274658203,78.48999786376953,78.5199966430664,81223200
2025-03-14 00:00:00+00:00,78.83000183105469,78.97000122070312,78.70999908447266,78.87999725341797,51469800
2025-03-17 00:00:00+00:00,78.88999938964844,79.0999984741211,78.87000274658203,79.06999969482422,33954200
2025-03-18 00:00:00+00:00,79.01000213623047,79.06999969482422,78.93000030517578,78.93000030517578,40195900
2025-03-19 00:00:00+00:00,78.95999908447266,79.54000091552734,78.95999908447266,79.44999694824219,45212700
2025-03-20 00:00:00+00:00,79.38999938964844,79.5,79.26000213623047,79.33999633789062,42977600
2025-03-21 00:00:00+00:00,79.2699966430664,79.30999755859375,79.06999969482422,79.22000122070312,35124000
2025-03-24 00:00:00+00:00,79.41999816894531,79.5,79.3499984741211,79.44999694824219,36393500
2025-03-25 00:00:00+00:00,79.5,79.58000183105469,79.37999725341797,79.41000366210938,29075500
2025-03-26 00:00:00+00:00,79.4000015258789,79.41999816894531,78.97000122070312,79.08999633789062,51236100
2025-03-27 00:00:00+00:00,79.05000305175781,79.13999938964844,78.93000030517578,78.94000244140625,38493100
2025-03-28 00:00:00+00:00,78.98999786376953,79.0,78.66000366210938,78.80000305175781,58896900
2025-03-31 00:00:00+00:00,78.5199966430664,78.91999816894531,78.5199966430664,78.88999938964844,47853500
2025-04-01 00:00:00+00:00,78.68000030517578,78.72000122070312,78.43000030517578,78.69000244140625,54256000
2025-04-02 00:00:00+00:00,78.54000091552734,78.86000061035156,78.54000091552734,78.8499984741211,49072400
2025-04-03 00:00:00+00:00,78.0999984741211,78.27999877929688,77.73999786376953,77.87000274658203,116401400
2025-04-04 00:00:00+00:00,76.80000305175781,77.33000183105469,76.54000091552734,76.76000213623047,181273300
2025-04-07 00:00:00+00:00,75.87000274658203,77.5999984741211,75.62999725341797,76.0999984741211,193374800
2025-04-08 00:00:00+00:00,77.0199966430664,77.12999725341797,75.41999816894531,75.75,106007700
2025-04-09 00:00:00+00:00,75.0999984741211,77.83999633789062,75.08000183105469,77.77999877929688,152382200
2025-04-10 00:00:00+00:00,77.06999969482422,77.18000030517578,76.13999938964844,76.51000213623047,93884100
2025-04-11 00:00:00+00:00,76.2699966430664,77.16999816894531,76.0,76.73999786376953,71884000
2025-04-14 00:00:00+00:00,77.27999877929688,77.45999908447266,76.94000244140625,77.12000274658203,50011400
2025-04-15 00:00:00+00:00,77.23999786376953,77.5,77.18000030517578,77.33000183105469,39790500
2025-04-16 00:00:00+00:00,77.3499984741211,77.5199966430664,77.11000061035156,77.31999969482422,52028800
2025-04-17 00:00:00+00:00,77.62000274658203,77.79000091552734,77.52999877929688,77.7699966430664,37355500
2025-04-21 00:00:00+00:00,77.48999786376953,77.51000213623047,77.1500015258789,77.30999755859375,36078000
2025-04-22 00:00:00+00:00,77.58000183105469,77.80999755859375,77.51000213623047,77.61000061035156,33941100
2025-04-23 00:00:00+00:00,78.5999984741211,78.73999786376953,77.97000122070312,78.0,63723400
2025-04-24 00:00:00+00:00,78.27999877929688,78.73999786376953,78.18000030517578,78.69999694824219,49007800
2025-04-25 00:00:00+00:00,78.58999633789062,78.94000244140625,78.54000091552734,78.7699966430664,47981700
2025-04-28 00:00:00+00:00,78.77999877929688,78.87000274658203,78.55000305175781,78.80999755859375,42220700
2025-04-29 00:00:00+00:00,78.6500015258789,79.05000305175781,78.6500015258789,79.0199966430664,51198600
2025-04-30 00:00:00+00:00,78.62999725341797,78.70999908447266,78.45999908447266,78.5999984741211,69994200
2025-05-01 00:00:00+00:00,78.4000015258789,78.48999786376953,78.22000122070312,78.30000305175781,50848600
2025-05-02 00:00:00+00:00,78.5,78.61000061035156,78.36000061035156,78.54000091552734,41354100
2025-05-05 00:00:00+00:00,78.47000122070312,78.63999938964844,78.4000015258789,78.51000213623047,39815300
2025-05-06 00:00:00+00:00,78.41000366210938,78.5199966430664,78.33000183105469,78.44999694824219,36292600
2025-05-07 00:00:00+00:00,78.55999755859375,78.62000274658203,78.36000061035156,78.5199966430664,32676200
2025-05-08 00:00:00+00:00,78.66999816894531,78.7699966430664,78.44999694824219,78.5,32684900
2025-05-09 00:00:00+00:00,78.58999633789062,78.69999694824219,78.54000091552734,78.55000305175781,23971200
2025-05-12 00:00:00+00:00,79.23999786376953,79.38999938964844,79.02999877929688,79.33000183105469,70558600
2025-05-13 00:00:00+00:00,79.37999725341797,79.58000183105469,79.31999969482422,79.47000122070312,52141900
2025-05-14 00:00:00+00:00,79.4000015258789,79.43000030517578,79.13999938964844,79.18000030517578,45406500
2025-05-15 00:00:00+00:00,79.05999755859375,79.33000183105469,79.05999755859375,79.33000183105469,49301300
2025-05-16 00:00:00+00:00,79.37999725341797,79.43000030517578,79.2699966430664,79.41999816894531,30657200
2025-05-19 00:00:00+00:00,79.05999755859375,79.38999938964844,79.05000305175781,79.37999725341797,26228800
2025-05-20 00:00:00+00:00,79.2699966430664,79.37999725341797,79.20999908447266,79.33999633789062,25933700
2025-05-21 00:00:00+00:00,79.08000183105469,79.22000122070312,78.80000305175781,78.80999755859375,54737300
2025-05-22 00:00:00+00:00,78.80999755859375,79.05000305175781,78.75,78.97000122070312,43242700
2025-05-23 00:00:00+00:00,78.76000213623047,78.9800033569336,78.73999786376953,78.94999694824219,29598900
2025-05-27 00:00:00+00:00,79.27999877929688,79.44000244140625,79.16999816894531,79.43000030517578,33524700
2025-05-28 00:00:00+00:00,79.41999816894531,79.44000244140625,79.25,79.37999725341797,27012900
2025-05-29 00:00:00+00:00,79.55999755859375,79.56999969482422,79.41000366210938,79.5,28616300
2025-05-30 00:00:00+00:00,79.44999694824219,79.58000183105469,79.4000015258789,79.56999969482422,28930300
2025-06-02 00:00:00+00:00,79.12999725341797,79.19000244140625,78.9800033569336,79.18000030517578,45527200
2025-06-03 00:00:00+00:00,79.23999786376953,79.3499984741211,79.16999816894531,79.33000183105469,28458700
2025-06-04 00:00:00+00:00,79.33999633789062,79.51000213623047,79.33999633789062,79.4800033569336,41403600
2025-06-05 00:00:00+00:00,79.47000122070312,79.48999786376953,79.2699966430664,79.30999755859375,44563900
2025-06-06 00:00:00+00:00,79.37999725341797,79.38999938964844,79.25,79.30000305175781,41300100
2025-06-09 00:00:00+00:00,79.27999877929688,79.43000030517578,79.27999877929688,79.33999633789062,30169000
2025-06-10 00:00:00+00:00,79.41000366210938,79.55000305175781,79.33000183105469,79.52999877929688,24234400
2025-06-11 00:00:00+00:00,79.58999633789062,79.63999938964844,79.48999786376953,79.51000213623047,30114400
2025-06-12 00:00:00+00:00,79.51000213623047,79.5999984741211,79.47000122070312,79.5999984741211,28373200
2025-06-13 00:00:00+00:00,79.41999816894531,79.5,79.30000305175781,79.36000061035156,35271000
2025-06-16 00:00:00+00:00,79.5199966430664,79.5999984741211,79.48999786376953,79.5199966430664,26225100
2025-06-17 00:00:00+00:00,79.5199966430664,79.63999938964844,79.37000274658203,79.43000030517578,27747200
2025-06-18 00:00:00+00:00,79.48999786376953,79.70999908447266,79.43000030517578,79.55000305175781,32833500
2025-06-20 00:00:00+00:00,79.62000274658203,79.80999755859375,79.58999633789062,79.80000305175781,45845800
2025-06-23 00:00:00+00:00,79.7699966430664,79.94999694824219,79.70999908447266,79.94999694824219,32361400
2025-06-24 00:00:00+00:00,80.05000305175781,80.20999908447266,80.0,80.16999816894531,50893200
2025-06-25 00:00:00+00:00,80.18000030517578,80.22000122070312,80.08000183105469,80.1500015258789,24156100
2025-06-26 00:00:00+00:00,80.2699966430664,80.38999938964844,80.19999694824219,80.37999725341797,28889100
2025-06-27 00:00:00+00:00,80.4000015258789,80.47000122070312,80.30000305175781,80.33999633789062,47849500
2025-06-30 00:00:00+00:00,80.52999877929688,80.66999816894531,80.44999694824219,80.6500015258789,52885900
2025-07-01 00:00:00+00:00,80.19999694824219,80.2699966430664,80.0999984741211,80.16999816894531,45411000
2025-07-02 00:00:00+00:00,80.16999816894531,80.31999969482422,80.08000183105469,80.31999969482422,32359500
2025-07-03 00:00:00+00:00,80.30000305175781,80.38999938964844,80.26000213623047,80.37000274658203,19750000
2025-07-07 00:00:00+00:00,80.33000183105469,80.33999633789062,80.05999755859375,80.0999984741211,37027200
2025-07-08 00:00:00+00:00,80.08999633789062,80.12000274658203,79.94000244140625,79.98999786376953,31358900
2025-07-09 00:00:00+00:00,80.13999938964844,80.22000122070312,80.08000183105469,80.20999908447266,30277500
2025-07-10 00:00:00+00:00,80.20999908447266,80.22000122070312,80.12999725341797,80.12999725341797,28776200
2025-07-11 00:00:00+00:00,80.04000091552734,80.05000305175781,79.93000030517578,80.02999877929688,30482200
2025-07-14 00:00:00+00:00,80.01000213623047,80.0999984741211,79.97000122070312,80.08999633789062,23716200
2025-07-15 00:00:00+00:00,80.16000366210938,80.16999816894531,79.8499984741211,79.8499984741211,37039500
2025-07-16 00:00:00+00:00,79.94999694824219,80.08000183105469,79.75,80.05999755859375,39780100
2025-07-17 00:00:00+00:00,80.04000091552734,80.18000030517578,80.0,80.13999938964844,25703200
2025-07-18 00:00:00+00:00,80.26000213623047,80.31999969482422,80.18000030517578,80.25,27686400
2025-07-21 00:00:00+00:00,80.31999969482422,80.44999694824219,80.31999969482422,80.36000061035156,28483300
2025-07-22 00:00:00+00:00,80.44000244140625,80.5199966430664,80.33999633789062,80.5,26017700
2025-07-23 00:00:00+00:00,80.5199966430664,80.55000305175781,80.44000244140625,80.54000091552734,26025000
2025-07-24 00:00:00+00:00,80.44000244140625,80.51000213623047,80.41000366210938,80.44000244140625,27013700
2025-07-25 00:00:00+00:00,80.5,80.58000183105469,80.41000366210938,80.48999786376953,30123100
2025-07-28 00:00:00+00:00,80.5199966430664,80.5199966430664,80.44000244140625,80.44999694824219,22093800
2025-07-29 00:00:00+00:00,80.48999786376953,80.55000305175781,80.44999694824219,80.5,21371800
2025-07-30 00:00:00+00:00,80.44999694824219,80.5199966430664,80.25,80.33000183105469,38392400
2025-07-31 00:00:00+00:00,80.4000015258789,80.4800033569336,80.33000183105469,80.37999725341797,41501300
2025-08-01 00:00:00+00:00,80.04000091552734,80.08999633789062,79.80000305175781,79.9800033569336,68963100
2025-08-04 00:00:00+00:00,80.08999633789062,80.25,80.05999755859375,80.25,37539200
2025-08-05 00:00:00+00:00,80.20999908447266,80.23999786376953,80.0999984741211,80.20999908447266,29656300
2025-08-06 00:00:00+00:00,80.20999908447266,80.30000305175781,80.13999938964844,80.29000091552734,30512900
2025-08-07 00:00:00+00:00,80.30999755859375,80.36000061035156,80.16000366210938,80.20999908447266,29405000
2025-08-08 00:00:00+00:00,80.19999694824219,80.25,80.16000366210938,80.22000122070312,24679000
2025-08-11 00:00:00+00:00,80.22000122070312,80.29000091552734,80.16999816894531,80.22000122070312,30159800
2025-08-12 00:00:00+00:00,80.2699966430664,80.4000015258789,80.20999908447266,80.4000015258789,40846200
2025-08-13 00:00:00+00:00,80.45999908447266,80.61000061035156,80.45999908447266,80.61000061035156,35039600
2025-08-14 00:00:00+00:00,80.48999786376953,80.48999786376953,80.3499984741211,80.4000015258789,36559900
2025-08-15 00:00:00+00:00,80.47000122070312,80.47000122070312,80.37000274658203,80.45999908447266,22754000
2025-08-18 00:00:00+00:00,80.44000244140625,80.48999786376953,80.37999725341797,80.4000015258789,25400800
2025-08-19 00:00:00+00:00,80.44999694824219,80.4800033569336,80.36000061035156,80.37999725341797,21700500
2025-08-20 00:00:00+00:00,80.41000366210938,80.43000030517578,80.30999755859375,80.3499984741211,29704900
2025-08-21 00:00:00+00:00,80.26000213623047,80.30000305175781,80.19000244140625,80.19999694824219,35825900
2025-08-22 00:00:00+00:00,80.31999969482422,80.86000061035156,80.30000305175781,80.8499984741211,59541500
2025-08-25 00:00:00+00:00,80.77999877929688,80.80999755859375,80.69000244140625,80.69000244140625,32714800
2025-08-26 00:00:00+00:00,80.79000091552734,80.9000015258789,80.73999786376953,80.87000274658203,33659900
2025-08-27 00:00:00+00:00,80.81999969482422,80.98999786376953,80.81999969482422,80.97000122070312,24335000
2025-08-28 00:00:00+00:00,80.97000122070312,81.01000213623047,80.9000015258789,81.01000213623047,24203800
2025-08-29 00:00:00+00:00,80.98999786376953,80.98999786376953,80.86000061035156,80.86000061035156,35070300
2025-09-02 00:00:00+00:00,80.2699966430664,80.43000030517578,80.19999694824219,80.38999938964844,51804000
2025-09-03 00:00:00+00:00,80.41000366210938,80.61000061035156,80.41000366210938,80.61000061035156,34283100
2025-09-04 00:00:00+00:00,80.66000366210938,80.83999633789062,80.62999725341797,80.83000183105469,37999700
2025-09-05 00:00:00+00:00,80.9800033569336,81.0999984741211,80.83999633789062,80.87000274658203,39147800
2025-09-08 00:00:00+00:00,80.94999694824219,80.97000122070312,80.8499984741211,80.87000274658203,27003400
2025-09-09 00:00:00+00:00,80.8499984741211,80.87999725341797,80.66999816894531,80.77999877929688,36704500
2025-09-10 00:00:00+00:00,80.83999633789062,80.94000244140625,80.79000091552734,80.83999633789062,38106100
2025-09-11 00:00:00+00:00,80.91000366210938,81.0999984741211,80.91000366210938,81.04000091552734,34221500
2025-09-12 00:00:00+00:00,81.02999877929688,81.02999877929688,80.94000244140625,80.95999908447266,25702800
2025-09-15 00:00:00+00:00,81.08000183105469,81.19999694824219,81.06999969482422,81.19000244140625,27248800
2025-09-16 00:00:00+00:00,81.20999908447266,81.2300033569336,81.0999984741211,81.12999725341797,33075600
2025-09-17 00:00:00+00:00,81.19000244140625,81.23999786376953,80.91000366210938,81.05000305175781,35955700
2025-09-18 00:00:00+00:00,81.13999938964844,81.2699966430664,81.06999969482422,81.2300033569336,43250000
2025-09-19 00:00:00+00:00,81.25,81.29000091552734,81.1500015258789,81.26000213623047,32042900
2025-09-22 00:00:00+00:00,81.19000244140625,81.33000183105469,81.18000030517578,81.31999969482422,26670200
2025-09-23 00:00:00+00:00,81.33999633789062,81.36000061035156,81.19999694824219,81.26000213623047,37088500
2025-09-24 00:00:00+00:00,81.25,81.25,81.12000274658203,81.1500015258789,28124300
2025-09-25 00:00:00+00:00,81.0,81.01000213623047,80.88999938964844,80.91999816894531,33509900
2025-09-26 00:00:00+00:00,81.04000091552734,81.11000061035156,80.95999908447266,81.08000183105469,31046800
2025-09-29 00:00:00+00:00,81.16000366210938,81.23999786376953,81.12999725341797,81.22000122070312,28558500
2025-09-30 00:00:00+00:00,81.16999816894531,81.20999908447266,81.0999984741211,81.19000244140625,54970300
2025-10-01 00:00:00+00:00,80.80999755859375,81.0,80.77999877929688,80.95999908447266,58042600
2025-10-02 00:00:00+00:00,80.94000244140625,80.97000122070312,80.83999633789062,80.93000030517578,33348900
2025-10-03 00:00:00+00:00,80.91999816894531,80.94000244140625,80.81999969482422,80.83999633789062,35109200
2025-10-06 00:00:00+00:00,80.88999938964844,80.91000366210938,80.83000183105469,80.86000061035156,29485100
2025-10-07 00:00:00+00:00,80.88999938964844,80.88999938964844,80.76000213623047,80.7699966430664,27672300
2025-10-08 00:00:00+00:00,80.81999969482422,80.83999633789062,80.63999938964844,80.6500015258789,34932200
2025-10-09 00:00:00+00:00,80.63999938964844,80.6500015258789,80.30999755859375,80.41999816894531,65586700
2025-10-10 00:00:00+00:00,80.47000122070312,80.48999786376953,79.94999694824219,79.94999694824219,83840400
2025-10-13 00:00:00+00:00,80.2300033569336,80.44999694824219,80.16999816894531,80.44999694824219,31926800
2025-10-14 00:00:00+00:00,80.18000030517578,80.63999938964844,80.11000061035156,80.54000091552734,63860100
2025-10-15 00:00:00+00:00,80.72000122070312,80.83000183105469,80.5999984741211,80.80000305175781,59802200
2025-10-16 00:00:00+00:00,80.80000305175781,80.81999969482422,80.45999908447266,80.51000213623047,75725200
2025-10-17 00:00:00+00:00,80.44000244140625,80.7300033569336,80.43000030517578,80.72000122070312,70044200
2025-10-20 00:00:00+00:00,80.7699966430664,80.91000366210938,80.7699966430664,80.87999725341797,43762300
2025-10-21 00:00:00+00:00,80.87999725341797,80.94000244140625,80.76000213623047,80.76000213623047,45418100
2025-10-22 00:00:00+00:00,80.76000213623047,80.80999755859375,80.5999984741211,80.68000030517578,50698600
2025-10-23 00:00:00+00:00,80.69999694824219,80.86000061035156,80.69999694824219,80.86000061035156,37962400
2025-10-24 00:00:00+00:00,81.02999877929688,81.08999633789062,80.97000122070312,81.08000183105469,39905600
2025-10-27 00:00:00+00:00,81.16999816894531,81.33000183105469,81.12999725341797,81.27999877929688,36495000
2025-10-28 00:00:00+00:00,81.27999877929688,81.27999877929688,81.16999816894531,81.19999694824219,31591400
2025-10-29 00:00:00+00:00,81.19999694824219,81.2300033569336,80.9000015258789,80.94999694824219,51827100
2025-10-30 00:00:00+00:00,80.79000091552734,80.94000244140625,80.76000213623047,80.80000305175781,39967300
2025-10-31 00:00:00+00:00,80.88999938964844,80.95999908447266,80.75,80.80000305175781,45044600
2025-11-03 00:00:00+00:00,80.38999938964844,80.4000015258789,80.12999725341797,80.13999938964844,54615100
2025-11-04 00:00:00+00:00,79.9800033569336,80.22000122070312,79.95999908447266,80.1500015258789,49705000
2025-11-05 00:00:00+00:00,80.19000244140625,80.27999877929688,80.16999816894531,80.2300033569336,42273700
2025-11-06 00:00:00+00:00,80.30999755859375,80.33000183105469,80.12999725341797,80.26000213623047,46629200
2025-11-07 00:00:00+00:00,80.25,80.3499984741211,80.08999633789062,80.33000183105469,47233800
2025-11-10 00:00:00+00:00,80.44999694824219,80.6500015258789,80.43000030517578,80.5999984741211,51875200
2025-11-11 00:00:00+00:00,80.61000061035156,80.7300033569336,80.61000061035156,80.69000244140625,17001100
2025-11-12 00:00:00+00:00,80.69000244140625,80.69999694824219,80.48999786376953,80.52999877929688,43962900
2025-11-13 00:00:00+00:00,80.41999816894531,80.41999816894531,80.1500015258789,80.19999694824219,53631300
2025-11-14 00:00:00+00:00,80.08000183105469,80.4000015258789,80.08000183105469,80.22000122070312,40853500
2025-11-17 00:00:00+00:00,80.19000244140625,80.2699966430664,80.04000091552734,80.08999633789062,42954200
2025-11-18 00:00:00+00:00,80.0199966430664,80.19000244140625,79.98999786376953,80.11000061035156,44098700
2025-11-19 00:00:00+00:00,80.13999938964844,80.30000305175781,80.08999633789062,80.1500015258789,33510100
2025-11-20 00:00:00+00:00,80.41000366210938,80.48999786376953,80.0999984741211,80.0999984741211,65471200
2025-11-21 00:00:00+00:00,80.26000213623047,80.41000366210938,80.12999725341797,80.37000274658203,62331700
2025-11-24 00:00:00+00:00,80.41999816894531,80.5999984741211,80.4000015258789,80.58999633789062,38964900
2025-11-25 00:00:00+00:00,80.56999969482422,80.9000015258789,80.54000091552734,80.87000274658203,56524800
2025-11-26 00:00:00+00:00,80.83000183105469,80.9800033569336,80.79000091552734,80.94999694824219,27454800
2025-11-28 00:00:00+00:00,81.0,81.06999969482422,80.94000244140625,80.98999786376953,29430800
2025-12-01 00:00:00+00:00,80.4000015258789,80.54000091552734,80.37999725341797,80.47000122070312,45274800
2025-12-02 00:00:00+00:00,80.54000091552734,80.63999938964844,80.4800033569336,80.62000274658203,38842600
2025-12-03 00:00:00+00:00,80.61000061035156,80.79000091552734,80.56999969482422,80.69000244140625,35019100
2025-12-04 00:00:00+00:00,80.69999694824219,80.7699966430664,80.56999969482422,80.75,34777400
2025-12-05 00:00:00+00:00,80.7300033569336,80.80999755859375,80.66999816894531,80.75,30486800
2025-12-08 00:00:00+00:00,80.72000122070312,80.73999786376953,80.48999786376953,80.55000305175781,43160800
2025-12-09 00:00:00+00:00,80.55000305175781,80.61000061035156,80.44000244140625,80.45999908447266,30558800
2025-12-10 00:00:00+00:00,80.43000030517578,80.79000091552734,80.41999816894531,80.7300033569336,53052100
2025-12-11 00:00:00+00:00,80.73999786376953,80.76000213623047,80.66000366210938,80.72000122070312,44546400
2025-12-12 00:00:00+00:00,80.69000244140625,80.70999908447266,80.52999877929688,80.56999969482422,45566100
2025-12-15 00:00:00+00:00,80.66999816894531,80.69999694824219,80.56999969482422,80.61000061035156,28983600
2025-12-16 00:00:00+00:00,80.61000061035156,80.66999816894531,80.55999755859375,80.66000366210938,27908000
2025-12-17 00:00:00+00:00,80.6500015258789,80.66999816894531,80.51000213623047,80.55999755859375,36999700
2025-12-18 00:00:00+00:00,80.77999877929688,80.80000305175781,80.66999816894531,80.77999877929688,52680500
2025-12-19 00:00:00+00:00,80.43000030517578,80.47000122070312,80.33000183105469,80.36000061035156,34413300
2025-12-22 00:00:00+00:00,80.45999908447266,80.45999908447266,80.29000091552734,80.43000030517578,37203900
2025-12-23 00:00:00+00:00,80.37000274658203,80.48999786376953,80.3499984741211,80.48999786376953,24341800
2025-12-24 00:00:00+00:00,80.51000213623047,80.63999938964844,80.47000122070312,80.63999938964844,10533500
2025-12-26 00:00:00+00:00,80.63999938964844,80.69999694824219,80.58999633789062,80.5999984741211,10922900
2025-12-29 00:00:00+00:00,80.55999755859375,80.66000366210938,80.55000305175781,80.62999725341797,22012700
2025-12-30 00:00:00+00:00,80.63999938964844,80.75,80.61000061035156,80.70999908447266,20146700
2025-12-31 00:00:00+00:00,80.72000122070312,80.75,80.62999725341797,80.62999725341797,17457100
2026-01-02 00:00:00+00:00,80.72000122070312,80.72000122070312,80.58999633789062,80.66999816894531,28403300
2026-01-05 00:00:00+00:00,80.73999786376953,80.91000366210938,80.69999694824219,80.87999725341797,38563200
2026-01-06 00:00:00+00:00,80.9000015258789,80.94000244140625,80.81999969482422,80.9000015258789,31721500
2026-01-07 00:00:00+00:00,80.95999908447266,81.0,80.83999633789062,80.87999725341797,27022700
2026-01-08 00:00:00+00:00,80.83999633789062,80.94999694824219,80.80000305175781,80.94000244140625,33516900
2026-01-09 00:00:00+00:00,80.94999694824219,81.02999877929688,80.94999694824219,81.0,31849200
2026-01-12 00:00:00+00:00,80.91000366210938,81.05000305175781,80.9000015258789,81.04000091552734,23983600
2026-01-13 00:00:00+00:00,81.06999969482422,81.08000183105469,80.97000122070312,81.04000091552734,27607400
2026-01-14 00:00:00+00:00,81.0,81.05000305175781,80.93000030517578,81.04000091552734,42994000
2026-01-15 00:00:00+00:00,81.0999984741211,81.11000061035156,81.0,81.04000091552734,30412400
2026-01-16 00:00:00+00:00,81.08000183105469,81.0999984741211,80.98999786376953,81.08999633789062,52466300
2026-01-20 00:00:00+00:00,80.75,80.94999694824219,80.66999816894531,80.87999725341797,38653400
2026-01-21 00:00:00+00:00,80.9800033569336,81.16000366210938,80.95999908447266,81.12000274658203,42023500
2026-01-22 00:00:00+00:00,81.19000244140625,81.23999786376953,81.12999725341797,81.18000030517578,35231900
2026-01-23 00:00:00+00:00,81.18000030517578,81.19999694824219,81.04000091552734,81.13999938964844,38360500
2026-01-26 00:00:00+00:00,81.19000244140625,81.22000122070312,81.12000274658203,81.18000030517578,27027500
2026-01-27 00:00:00+00:00,81.18000030517578,81.22000122070312,81.13999938964844,81.16999816894531,22961500
2026-01-28 00:00:00+00:00,81.16999816894531,81.18000030517578,81.02999877929688,81.04000091552734,35559200
2026-01-29 00:00:00+00:00,81.05000305175781,81.06999969482422,80.9000015258789,81.02999877929688,38201600
2026-01-30 00:00:00+00:00,80.91999816894531,81.12999725341797,80.91999816894531,81.12000274658203,59848000
2026-02-02 00:00:00+00:00,80.66999816894531,80.80999755859375,80.63999938964844,80.7699966430664,42890700
2026-02-03 00:00:00+00:00,80.76000213623047,80.80999755859375,80.52999877929688,80.72000122070312,49372700
2026-02-04 00:00:00+00:00,80.69999694824219,80.72000122070312,80.54000091552734,80.62000274658203,42829400
2026-02-05 00:00:00+00:00,80.55999755859375,80.62000274658203,80.44999694824219,80.52999877929688,75554200
2026-02-06 00:00:00+00:00,80.66999816894531,80.80999755859375,80.62000274658203,80.80999755859375,40915900
2026-02-09 00:00:00+00:00,80.76000213623047,80.91999816894531,80.76000213623047,80.91999816894531,33716900
2026-02-10 00:00:00+00:00,80.94999694824219,81.01000213623047,80.83999633789062,80.83999633789062,37886100
2026-02-11 00:00:00+00:00,80.9000015258789,80.93000030517578,80.72000122070312,80.83000183105469,27272300
2026-02-12 00:00:00+00:00,80.91000366210938,80.97000122070312,80.75,80.79000091552734,48457000
2026-02-13 00:00:00+00:00,80.83000183105469,80.94000244140625,80.81999969482422,80.8499984741211,36612400
2026-02-17 00:00:00+00:00,80.81999969482422,80.86000061035156,80.73999786376953,80.80999755859375,35682000
2026-02-18 00:00:00+00:00,80.83999633789062,80.9800033569336,80.80999755859375,80.91000366210938,33943100
2026-02-19 00:00:00+00:00,80.87999725341797,80.94000244140625,80.83000183105469,80.94000244140625,29531000
2026-02-20 00:00:00+00:00,80.93000030517578,81.0,80.87000274658203,81.0,37959800
2026-02-23 00:00:00+00:00,80.95999908447266,81.01000213623047,80.83999633789062,80.87000274658203,33666000
2026-02-24 00:00:00+00:00,80.8499984741211,80.87000274658203,80.6500015258789,80.80999755859375,54979900
2026-02-25 00:00:00+00:00,80.81999969482422,80.93000030517578,80.81999969482422,80.91999816894531,29428200
2026-02-26 00:00:00+00:00,80.88999938964844,80.94000244140625,80.76000213623047,80.8499984741211,54533600
2026-02-27 00:00:00+00:00,80.75,80.80000305175781,80.6500015258789,80.72000122070312,62450000
2026-03-02 00:00:00+00:00,80.05999755859375,80.41000366210938,80.02999877929688,80.27999877929688,74327000
2026-03-03 00:00:00+00:00,79.94000244140625,80.30999755859375,79.83999633789062,80.12000274658203,118126800
2026-03-04 00:00:00+00:00,80.2300033569336,80.44999694824219,80.19999694824219,80.4000015258789,58694100
2026-03-05 00:00:00+00:00,80.2699966430664,80.30999755859375,80.0199966430664,80.08000183105469,79841000
2026-03-06 00:00:00+00:00,79.75,80.0,79.6500015258789,79.69000244140625,82125600
2026-03-09 00:00:00+00:00,79.58999633789062,80.18000030517578,79.54000091552734,80.16999816894531,88695000
2026-03-10 00:00:00+00:00,80.05000305175781,80.37999725341797,80.02999877929688,80.04000091552734,67499600
2026-03-11 00:00:00+00:00,79.98999786376953,80.04000091552734,79.80999755859375,79.86000061035156,59983500
2026-03-12 00:00:00+00:00,79.75,79.75,79.31999969482422,79.3499984741211,68674300
2026-03-13 00:00:00+00:00,79.52999877929688,79.68000030517578,79.12000274658203,79.19999694824219,68652900
2026-03-16 00:00:00+00:00,79.51000213623047,79.66999816894531,79.44999694824219,79.44999694824219,57535600
2026-03-17 00:00:00+00:00,79.61000061035156,79.81999969482422,79.56999969482422,79.80999755859375,47967800
2026-03-18 00:00:00+00:00,79.69000244140625,79.75,79.38999938964844,79.4000015258789,50281900
2026-03-19 00:00:00+00:00,79.02999877929688,79.69999694824219,78.98999786376953,79.66000366210938,103981600
2026-03-20 00:00:00+00:00,79.5,79.52999877929688,78.8499984741211,78.91999816894531,109084800
2026-03-23 00:00:00+00:00,79.30000305175781,79.69999694824219,79.16999816894531,79.44000244140625,79015800
2026-03-24 00:00:00+00:00,79.23999786376953,79.41000366210938,79.05999755859375,79.16999816894531,71941600
2026-03-25 00:00:00+00:00,79.44999694824219,79.58000183105469,79.3499984741211,79.41999816894531,49917700
2026-03-26 00:00:00+00:00,79.25,79.33000183105469,78.80000305175781,78.91999816894531,74979300
2026-03-27 00:00:00+00:00,78.83999633789062,78.83999633789062,78.56999969482422,78.72000122070312,68174300
2026-03-30 00:00:00+00:00,79.0199966430664,79.0999984741211,78.76000213623047,78.80999755859375,55210700
2026-03-31 00:00:00+00:00,79.16000366210938,79.61000061035156,79.12000274658203,79.55999755859375,101521300
2026-04-01 00:00:00+00:00,79.3499984741211,79.45999908447266,79.23999786376953,79.37000274658203,69789200
2026-04-02 00:00:00+00:00,79.08000183105469,79.62999725341797,79.08000183105469,79.55999755859375,53828200
2026-04-06 00:00:00+00:00,79.51000213623047,79.70999908447266,79.5,79.69999694824219,37098300
2026-04-07 00:00:00+00:00,79.66999816894531,79.73999786376953,79.31999969482422,79.72000122070312,47264100
2026-04-08 00:00:00+00:00,80.47000122070312,80.5199966430664,80.02999877929688,80.19000244140625,58556400
2026-04-09 00:00:00+00:00,80.1500015258789,80.38999938964844,80.0,80.27999877929688,45207500
2026-04-10 00:00:00+00:00,80.33999633789062,80.33999633789062,79.94999694824219,79.95999908447266,33005600
2026-04-13 00:00:00+00:00,79.87999725341797,80.2699966430664,79.87999725341797,80.26000213623047,38561400
2026-04-14 00:00:00+00:00,80.33999633789062,80.55999755859375,80.29000091552734,80.5,42038000
2026-04-15 00:00:00+00:00,80.44999694824219,80.48999786376953,80.3499984741211,80.45999908447266,47834900
2026-04-16 00:00:00+00:00,80.52999877929688,80.52999877929688,80.26000213623047,80.3499984741211,37743400
2026-04-17 00:00:00+00:00,80.5999984741211,80.76000213623047,80.55999755859375,80.6500015258789,61651600
2026-04-20 00:00:00+00:00,80.62999725341797,80.66999816894531,80.5,80.58000183105469,21104400
2026-04-21 00:00:00+00:00,80.55000305175781,80.58000183105469,80.30999755859375,80.37000274658203,58623500
2026-04-22 00:00:00+00:00,80.5,80.56999969482422,80.41999816894531,80.5,28004500
2026-04-23 00:00:00+00:00,80.45999908447266,80.55000305175781,80.16000366210938,80.37000274658203,49921700
2026-04-24 00:00:00+00:00,80.44000244140625,80.52999877929688,80.30000305175781,80.4800033569336,33626300
2026-04-27 00:00:00+00:00,80.44000244140625,80.54000091552734,80.41999816894531,80.51000213623047,24643700
2026-04-28 00:00:00+00:00,80.3499984741211,80.43000030517578,80.33000183105469,80.4000015258789,36382400
2026-04-29 00:00:00+00:00,80.31999969482422,80.33999633789062,79.9800033569336,80.12999725341797,56809400
2026-04-30 00:00:00+00:00,80.18000030517578,80.41999816894531,80.16999816894531,80.37999725341797,51626100
2026-05-01 00:00:00+00:00,80.05999755859375,80.2300033569336,80.02999877929688,80.05999755859375,43740400
2026-05-04 00:00:00+00:00,80.0199966430664,80.0199966430664,79.69000244140625,79.80000305175781,35069300
2026-05-05 00:00:00+00:00,79.88999938964844,80.0199966430664,79.88999938964844,79.91999816894531,26357900
2026-05-06 00:00:00+00:00,80.08999633789062,80.23999786376953,80.08000183105469,80.16000366210938,38323100
2026-05-07 00:00:00+00:00,80.22000122070312,80.23999786376953,79.86000061035156,79.86000061035156,44772900
2026-05-08 00:00:00+00:00,80.01000213623047,80.1500015258789,80.0,80.13999938964844,29715200
